id,title,url,source,author,published_date,imported_at,tags,summary,full_content,relevance_score,status
f62191afae827917,1102 Texto do artigo (enviar arquivo) 3812 3980 10 20240719,file:///Users/paulorezende/Documents/Personal_AI_powerhouse updated/personal-ai-space/knowledge/articles/1102-Texto do artigo (enviar arquivo)-3812-3980-10-20240719.pdf,,,,2026-06-12T06:19:56.142224+00:00,pdf,1102 Texto do artigo (enviar arquivo) 3812 3980 10 20240719,[PDF file — full text extraction requires OCR/PDF tooling],,imported
00326cddf789756d,1198 Texto do artigo (enviar arquivo) 4370 4565 10 20241216,file:///Users/paulorezende/Documents/Personal_AI_powerhouse updated/personal-ai-space/knowledge/articles/1198-Texto do artigo (enviar arquivo)-4370-4565-10-20241216.pdf,,,,2026-06-12T06:19:56.377699+00:00,pdf,1198 Texto do artigo (enviar arquivo) 4370 4565 10 20241216,[PDF file — full text extraction requires OCR/PDF tooling],,imported
ab6fe988f8389769,1212 Texto do artigo (enviar arquivo) 4475 4686 10 20250118,file:///Users/paulorezende/Documents/Personal_AI_powerhouse updated/personal-ai-space/knowledge/articles/1212-Texto do artigo (enviar arquivo)-4475-4686-10-20250118.pdf,,,,2026-06-12T06:19:56.379094+00:00,pdf,1212 Texto do artigo (enviar arquivo) 4475 4686 10 20250118,[PDF file — full text extraction requires OCR/PDF tooling],,imported
13e277e2285c14a3,1230 Texto do artigo (enviar arquivo) 4862 5122 10 20250423,file:///Users/paulorezende/Documents/Personal_AI_powerhouse updated/personal-ai-space/knowledge/articles/1230-Texto do artigo (enviar arquivo)-4862-5122-10-20250423.pdf,,,,2026-06-12T06:19:56.380402+00:00,pdf,1230 Texto do artigo (enviar arquivo) 4862 5122 10 20250423,[PDF file — full text extraction requires OCR/PDF tooling],,imported
9ce36dbf58946ace,1264 Texto do artigo (enviar arquivo) 5198 5105 10 20250419,file:///Users/paulorezende/Documents/Personal_AI_powerhouse updated/personal-ai-space/knowledge/articles/1264-Texto do artigo (enviar arquivo)-5198-5105-10-20250419.pdf,,,,2026-06-12T06:19:56.381186+00:00,pdf,1264 Texto do artigo (enviar arquivo) 5198 5105 10 20250419,[PDF file — full text extraction requires OCR/PDF tooling],,imported
37e7867c23cb6031,1982 6621 edur 39 e39794,file:///Users/paulorezende/Documents/Personal_AI_powerhouse updated/personal-ai-space/knowledge/articles/1982-6621-edur-39-e39794.pdf,,,,2026-06-12T06:19:56.384858+00:00,pdf,1982 6621 edur 39 e39794,[PDF file — full text extraction requires OCR/PDF tooling],,imported
70a4cbede2c4aaa3,ABORDAGENS INOVADORAS NA CLÍNICA - SESSÃO ÚNICA EM SEXUALIDADE  ALINE SARDINHA,file:///Users/paulorezende/Documents/Personal_AI_powerhouse updated/personal-ai-space/knowledge/articles/ABORDAGENS INOVADORAS NA CLÍNICA - SESSÃO ÚNICA EM SEXUALIDADE  ALINE SARDINHA.md,,,,2026-06-12T06:19:56.395156+00:00,"article, brazil, clinical-practice, cognitive-sexual-therapy, expert-aline-sardinha, innovation, knowledge, patient-care, professional-development, protocols, psychotherapy, training, video-transcript",ABORDAGENS INOVADORAS NA CLÍNICA - SESSÃO ÚNICA EM SEXUALIDADE  ALINE SARDINHA,"# ABORDAGENS INOVADORAS NA CLÍNICA - SESSÃO ÚNICA EM SEXUALIDADE | ALINE SARDINHA

**Video ID:** 7GDksT0uEPM

**URL:** https://www.youtube.com/watch?v=7GDksT0uEPM

## Transcript

Na minha vida nos últimos três anos, né, que eu venho estudando e aplicando por uma demanda que surgiu dois pacientes.

Então eu queria começar, né, me apresentando, mas convidando quem tá ouvindo a gente a abertura, né, a ouvir o que que é terapia de exceção única. Críticas são muito bem-vindas e eu olhando, falando: gente, a gente tem que fazer sessão única com sexualidade, não?

Tem porque a gente não integrar alguma coisa a outra. Acho que é legal quando você traz essa experiência de Austrália. Ficou quando a gente vê fora do Brasil que é a ciência não aponta mais para a gente trabalhar com protocolo e sim para a gente ter formas de entregar uma terapia que funcione para aquele paciente. E aí estamos falando sessão única, né? Parece que é um troço do outro planeta, mas estou entendendo que é uma modalidade, é isso, tem toda uma teoria, né, uma estrutura e quanto mais a gente avança nas pesquisas a gente vai entendendo, é inclusive os elementos da sessão que vão trazer mais resultado ou não.

É um assunto muitas vezes polêmico. Toda vez que eu posto alguma coisa, aparecem dois grandes grupos de psicólogos que eu brinco que um são os que são apaixonados pelo processo longo, profundo e custoso, né. Então esse grupo de psicólogos, né, que acham um absurdo: Como assim, né, é pílula da felicidade, agora o psicólogo vai oferecer pílula da felicidade, não é possível, né? E existe o outro grupo, né, que eu chamo carinhosamente dos precisam ansiosos, que eu adoro, né. Eu adoro. Calma, calma, pera aí, como é que faz isso, mas que que eu vou perguntar, mas como é que eu vou fazer anamnese, mas fica ali, né, já se coloque. Eu acho muito legal porque eles já se colocam dentro da sessão, mas começam a trazer as dificuldades. Quais seriam as dificuldades de fazer essa sessão? Porque não a gente se preparar para essas? Porque não você que tem tanto conhecimento não pode estar qualificado para oferecer uma sessão, né, que por si só ela é terapêutica.

Ações, né, de psicoeducação, é que eu acho que tem muito a ver com a questão da sexualidade, é o que a gente chama de orientação psicológica. Fiquei imaginando, né, como isso não seria útil, né, cenário brasileiro, porque quando eu tenho, como é que a gente leva isso para o Brasil, né, porque o Brasil é um país desigual, o Brasil é um país que a maior parte que precisa não vai ter acesso a psicoterapia convencional, não é ponto, né. Infelizmente, para você fazer uma boa intervenção, às vezes pontual, importante para aquele paciente, que vai fazer diferença na vida desse paciente, você precisa de treinamento, você não precisa de graduação em psicologia necessariamente, né, isso a gente sabe que no mundo inteiro, no Brasil isso acabou ainda, mas enfim, ah, elas vão fazer psicoterapia? Não, elas vão fazer exatamente outras formas de atuação que são super importante para os pacientes: orientação, psicoeducação.

Aí eu digo assim: sou x pai, eu consigo pagar uma sessão, mas eu consigo pagar quatro estações no mês. Será que essa pessoa se beneficiaria de vir? Porque às vezes são demandas super pontuais. Talvez tenham pessoas que tenham um perfil que vão se adequar muito mais a sessão única, pessoas que têm recursos emocionais mais desenvolvidos, né, seja qual for o motivo. Elas têm uma capacidade de aprendizado, resiliência maior, né. Elas têm mais acesso a informação, elas talvez estejam numa circunstância de maior privilégio, né, onde elas podem acessar diversos suportes emocionais, né. E aí eu tô falando de rede de apoio, eu tô falando de um trabalho que não adoece essa pessoa, eu tô falando de pausas, né, n coisas no ambiente dela que favorecem, né, um desenvolvimento emocional mais saudável.

Então a gente tem que fazer a tradução aqui. Frases sexualidade que a gente tem disfunções, pessoas que têm expulsões, mas a maior parte das pessoas se beneficiaria de algum tipo de orientação em sexualidade. Uma parte das pessoas gostariam de conversar sobre a sua própria sexualidade ou sobre alguma dúvida ou sobre alguma questão em algum ponto da vida. E ainda mais, a gente ainda tá falando de matemática que existe um atravessamento social, é que anula a conversa. A gente tá falando, por exemplo, de pais que quando os filhos estão entrando na puberdade não sabe, aconteceu essa situação aqui pontualmente e aí o que que eu faço? A gente tem os próprios adolescentes, então a gente pode falar até de uma situação é que essa pessoa tem tem um transtorno mental sim, mas ela não tem acesso ainda.

Assim, a gente acredita que a terapia que ser única ela pode servir como prevenção. Então pontualmente faz uma intervenção onde as pesquisas têm mostrado que essa sessão única ela tem mantido resultados até três meses após aquela intervenção pontual. Pois é, eu fiquei pensando aqui assim: sentiu dor na relação sexual a primeira vez, o poder dessa intervenção. Vocês são única, como que a gente não previne esses sete anos que essas mulheres levam para chegar até o tratamento e mais não sei quanto que a gente leva para conseguir resolver o problema. Brochou, todo mundo vai gostar um dia, mas o cara brocha na segunda vez, ele vai broxar de novo, que ele vai entrar no ciclo da falha. Como que é potente pegar uma falha sexual e fazer uma organização aqui no caso secundária, né. Acho que você tá falando é até uma prevenção primária, né, eu pego alguém, por exemplo, numa fase da vida, então gestante, adolescente, mulher na menopausa, enfim, pessoa doente que vai precisar fazer, né, qualquer questão ali que vai precisar de uma adaptação, entender só de pontuais. Então existem vários de intensidade de intervenção, né. Então existe um modelo de escada, né, você vai subindo e vai intensificando a modalidade de intervenção, o serviço como vários degraus, né, então o mais alto é o mais intenso, uma coisa, uma intervenção mínima que é informação, informação, educação emocional, né, a gente faz isso muito com as crianças, profissional básica, né.

Então esse é o primeiro degrau. Então quando a gente pensa em sessão única, a gente está pensando numa intervenção de baixa intensidade. Esse tipo de terapia, esse tipo de intervenção, ela é super centrada no cliente, ela não é só centrada no cliente. Eu costumo dizer que ela é super cliente porque ela só funciona com a colaboração total, ou seja, o seu cliente, ele desde o início, ele entendeu que eles, que ele, ele selecionou uma questão única trabalhada durante 90 minutos. Não significa que por eu estar oferecendo sessão única, olha, cliente só me veja uma vez e desapareça, nunca mais fale comigo. Três sessões, uma vez no mês. Então eu gosto muito de dizer que na verdade sessão única é trabalhar uma sessão por vez. Então é um jeito de trabalhar, trabalhar uma sessão por vez é basicamente trabalhar transversalmente, você vai trabalhar no situacional, mas a gente precisa entender qual é o objetivo para a gente criar uma sessão única e sexualidade, né. Qual é o objetivo disso? Não é simplesmente: Ah, vou atender aí uma demanda critério, né. O que que você vai, o que que você vai alcançar oferecendo esse serviço, né. O que que o seu cliente vai alcançar e o que que ele pode alcançar, né, porque uma outra crítica é: Ah, mas não vai ser o mesmo resultado do que a psicoterapia convencional. Tá, mas comparação justa é que a história da intensidade da intervenção, né, se você tá oferecendo uma sessão pontual da mesma forma que você oferece a psicoterapia convencional, o que você tá fazendo é reduzindo a efetividade dessa estratégia que é muito eficaz, só que ela é muito eficaz de um determinado formato semanal, quinzenal. Se você tá fazendo a mesma coisa uma vez por mês, uma vez a cada três meses, você reduziu o efeito disso aqui. Quer dizer que eu só tomo meu antidepressivo uma vez por mês, né. Exige do terapeuta, assim, um raciocínio clínico, uma linha de raciocínio clínico diferente. O terapeuta vai precisar ser mais proativo, muito mais colaborativo.

Será que em sexualidade eu já tive aqui umas 810, né. Eu acho que eu teria que viver mais umas três vidas para aplicar todas as ideias. Hoje eu vejo no time tcs muitos ensaios nesse sentido, principalmente dos não psicólogos, e os psicólogos normalmente botam lá no formato da psicoterapia, mas eu tenho, sei lá, pelo menos quase metade do filme TS não é psicólogo e eu entendo, gente. Pelo menos a minha experiência é que a sexualidade é um filão a gente fazer isso, mas acho que é isso, a gente precisa estar sempre pensando em formas inovadoras de entregar, de chegar até os nossos pacientes do jeito que sirva para eles e também.",,imported
c352b2bc1c5c214c,Revista Brasileira de,file:///Users/paulorezende/Documents/Personal_AI_powerhouse updated/personal-ai-space/knowledge/articles/ANÁLISE DA PREVALÊNCIA DE CONSUMO DE CONTEÚDOS SEXUALMENTEEXPLÍCITOS E SUA RELAÇÃO COM O PERFIL DE PERSONALIDADE DOSUSUÁRIOS.md,,outro,,2026-06-12T06:19:56.404676+00:00,"article, conteúdo-principal, introdução, knowledge, pontos-chave",Revista Brasileira de,"# Revista Brasileira de

---
type: academic-paper
date: 2025
status: processed
---

## 📋 Sumário

- [Introdução](#introdução)
- [Conteúdo Principal](#conteúdo-principal)
- [Pontos-chave](#pontos-chave)

## Introdução

Este documento contém informações sobre **revista brasileira de**.

## Conteúdo Principal


### Sexualidade Humana Issn 2675-1194
Doi: Https://Doi.Org/10.35919/Rbsh.V36.1230

## Trabalhos De Pesquisa

ANÁLISE DA PREVALÊNCIA DE CONSUMO DE CONTEÚDOS SEXUALMENTE
EXPLÍCITOS E SUA RELAÇÃO COM O PERFIL DE PERSONALIDADE DOS
USUÁRIOS
ANALYSIS OF THE PREVALENCE OF SEXUALLY EXPLICIT CONTENT CONSUMPTION AND ITS
RELATIONSHIP WITH USER PERSONALITY PROFILES
ANÁLISIS DE LA PREVALENCIA DEL CONSUMO DE CONTENIDOS SEXUALMENTE EXPLÍCITOS
Y SU RELACIÓN CON EL PERFIL DE PERSONALIDAD DE LOS USUARIOS
Felício de Freitas Netto1

Camila Marinelli Martins2 Gabriela Smokanitz1 Tatiana Menezes Garcia Cordeiro 3
Ricardo Zanetti Gomes4

Resumo: Os conteúdos sexualmente explícitos exibem nudez ou atos sexuais com o objetivo de provocar excitação.

Apesar de sua ampla difusão, a relação entre seu consumo e traços de personalidade, como os postulados pela teoria “Big
Three” de Hans Eysenck (extroversão, neuroticismo e psicoticismo), ainda é pouco explorada.

Este estudo objetiva
estabelecer a prevalência do consumo desses conteúdos entre acadêmicos de um curso da área da saúde de uma
universidade do Sul do Brasil e determinar o perfil de personalidade dos usuários.

Trata-se de um estudo transversal e
quantitativo, com 214 estudantes de medicina.

Foram aplicados um questionário sociodemográfico, o Questionário de
Consumo de Conteúdos Sexualmente Explícitos (Q-CCSE) e o Questionário de Personalidade Eysenck Revisado e
Abreviado (EPQR-A).

A análise inferencial utilizou os testes qui-quadrado de Pearson, U de Mann-Whitney e KruskalWallis, com processamento dos dados no software R 4.2.1.

Os resultados indicaram maior frequência de consumo entre
indivíduos com traços de extroversão e neuroticismo, sugerindo que tais características podem influenciar a busca por
estímulos sexuais e a regulação emocional.

Além disso, identidade de gênero (p < 0,001) e orientação sexual (p = 0,008)
apresentaram associação estatisticamente significativa com o consumo.

Esses achados destacam a complexidade da
interação entre a individualidade psicológica e o consumo de conteúdos sexualmente explícitos, reforçando a necessidade
de aprofundar investigações sobre as implicações dos traços de personalidade nesse contexto.

Palavras-chave: Personalidade; Pornografia; Psicologia; Prevalência; Estudantes de Medicina.

Abstract: Sexually explicit content depicts nudity or sexual acts intended to provoke arousal.

Despite its widespread
availability, the relationship between its consumption and personality traits, as proposed by Hans Eysenck’s “Big Three”
theory (extraversion, neuroticism, and psychoticism), remains underexplored.

This study aims to determine the prevalence
of sexually explicit content consumption among students in a health sciences program at a university in southern Brazil and
to assess their personality profiles.

A cross-sectional, quantitative study was conducted with 214 medical students.

Three
instruments were applied: a sociodemographic questionnaire, the Sexually Explicit Content Consumption Questionnaire
(Q-CCSE), and the Revised and Abbreviated Eysenck Personality Questionnaire (EPQR-A).

Inferential analysis employed
Pearson’s chi-square test, Mann-Whitney U test, and Kruskal-Wallis test, with data processing performed using R software
version 4.2.1.

Results indicated a higher frequency of consumption among individuals with extraversion and neuroticism
traits, suggesting that these characteristics may influence the pursuit of sexual stimuli and emotional regulation.

Additionally, gender identity (p < 0.001) and sexual orientation (p = 0.008) were significantly associated with
consumption.

These findings highlight the complexity of the interaction between psychological individuality and sexually
explicit content consumption, underscoring the need for further research on the implications of personality traits in this
context.

Keywords: Personality; Pornography; Psychology; Prevalence; Medical students.

em Sexualidade Humana.

Universidade Estadual de Ponta Grossa, Departamento de Medicina, Ponta Grossa, Brasil.

feliciofnetto@gmail.com; gabrielasmokanitz@hotmail.com
2Doutorado em Ciências com ênfase em Epidemiologia, Universidade Estadual de Ponta Grossa, Departamento de Medicina, Ponta Grossa, Brasil.

camila.marinelli@aacet.com.br
3Mestre em Cirurgia.

Universidade Estadual de Ponta Grossa, Departamento de Medicina, Ponta Grossa, Brasil.

tatimenezescordeiro@gmail.com
4Doutor em Clínica Cirúrgica.

Universidade Estadual de Ponta Grossa, Departamento de Medicina, Ponta Grossa, Brasil.

zanetticons@uol.com.br


### Rbsh 2025, 36, E1230, 1-13


### Revista Brasileira De


### Sexualidade Humana Issn 2675-1194
Doi: Https://Doi.Org/10.35919/Rbsh.V36.1230


### Freitas Netto, F. Et Al.

Resumen: El contenido sexualmente explícito muestra desnudez o actos sexuales con el objetivo de provocar excitación.

A pesar de su amplia difusión, la relación entre su consumo y los rasgos de personalidad, como los postulados por la teoría
de los “Big Three” de Hans Eysenck (extraversión, neuroticismo y psicoticismo), sigue siendo poco explorada.

Este estudio
tiene como objetivo determinar la prevalencia del consumo de estos contenidos entre estudiantes de un curso del área de
la salud en una universidad del sur de Brasil y analizar sus perfiles de personalidad.

Se realizó un estudio transversal y
cuantitativo con 214 estudiantes de medicina.

Se aplicaron tres instrumentos: un cuestionario sociodemográfico, el
Cuestionario de Consumo de Contenidos Sexualmente Explícitos (Q-CCSE) y el Cuestionario de Personalidad de Eysenck
Revisado y Abreviado (EPQR-A).

El análisis inferencial utilizó la prueba de chi-cuadrado de Pearson, la prueba U de MannWhitney y la prueba de Kruskal-Wallis, con procesamiento de datos realizado en el software R versión 4.2.1.

Los resultados
indicaron una mayor frecuencia de consumo entre individuos con rasgos de extraversión y neuroticismo, lo que sugiere
que estas características pueden influir en la búsqueda de estímulos sexuales y en la regulación emocional.

Además, la
identidad de género (p < 0,001) y la orientación sexual (p = 0,008) mostraron una asociación estadísticamente significativa
con el consumo.

Estos hallazgos destacan la complejidad de la interacción entre la individualidad psicológica y el consumo
de contenidos sexualmente explícitos, reforzando la necesidad de investigaciones adicionales sobre las implicaciones de
los rasgos de personalidad en este contexto.

Palabras clave: Personalidad; Pornografía; Psicologia; Prevalencia; Estudiantes de medicina.

Introdução
A palavra pornografia tem origem etimológica na língua grega e desmembrando-a nos vocábulos
“pornos” e “graphô” significa “prostituta” e “escrever ou gravar”, respectivamente, de forma que, em uma
tradução literal, pornografia significaria “escrever sobre uma prostituta”.

No Novo Testamento, o prefixo porn
foi utilizado para designar as relações sexuais consideradas impuras pela Bíblia, representadas pelo adultério,
incesto, prostituição e “homossexualismo”, ressaltando-se que o sufixo ismo utilizado nesta palavra tem
conotação pejorativa e remete à doença, atribuindo-se, pois, o termo “homossexualidade” como sendo o
correto a ser adotado (Chowdhury et al., 2018).

Os conteúdos pornográficos, conhecidos tecnicamente pelo termo “conteúdos sexualmente
explícitos”, representam materiais que demonstram pessoas nuas ou atos sexuais com o objetivo de promover
a excitação sexual do espectador.

Esses conteúdos podem ser de caráter digital, como filmes, vídeos de curta
duração e áudios, ou impressos, observados em revistas, fotos, contos e crônicas (Chowdhury et al., 2018).

De acordo com o Pornhub, um dos maiores sites de exibição de conteúdos sexualmente explícitos,
demonstra-se ascensão exponencial da quantidade de espectadores (Dwulit; Rzymski, 2019) dos conteúdos
pornográficos, com quase 15% dos termos de busca fazendo referência a sexo em ferramentas de pesquisa
no Google (Chen et al., 2018).

Esse dado pode ser explicado pela democratização da internet, sua fácil
acessibilidade e percepção de anonimato do conteúdo assistido (Zohor et al., 2021).

Ressalta-se, também, que
cerca de 22 milhões de brasileiros afirmaram ser consumidores desses conteúdos, dos quais 76% são homens
e 24%, mulheres, com 58% dos entrevistados apresentando idade inferior a 35 anos, não havendo
caracterização de cisgeneridade e transgeneridade na referida pesquisa.

A designação do gênero do espectador evidencia-se como um dado relevante a ser investigado, em
decorrência da diversidade das motivações, entre homens e mulheres, para o consumo de conteúdos
sexualmente explícitos.

Em indivíduos que se identificam como homens cis, o consumo da pornografia atrelase a atos masturbatórios, a fim de promover a autossatisfação sexual como o objetivo primário.

Por outro
lado, mulheres cis consomem essa modalidade de conteúdo como fonte de informação sobre assuntos
relacionados aos atos sexuais (Jahnen et al., 2022).

O consumo de conteúdos sexualmente explícitos, em um primeiro momento, pode parecer um meio
inofensivo de entretenimento, porém, tornar-se um espectador frequente associa-se a um ato de dependência
com consequências deletérias às vidas pessoal, social e profissional dos consumidores (Shallo; Mengesha,
1970).

Estudos revelam que espectadores adictos apresentam maior tendência em praticarem
comportamento sexual de risco, como múltiplos parceiros sexuais, sexo desprotegido, ato sexual sob
influência de drogas lícitas e/ou ilícitas, além de comportamento sexual violento (Zohor et al., 2021).

VinculaRBSH 2025, 36, e1230, 1-13


### Revista Brasileira De


### Sexualidade Humana Issn 2675-1194
Doi: Https://Doi.Org/10.35919/Rbsh.V36.1230

se a essa adicção, também, o desenvolvimento, no usuário, de baixa autoestima, insegurança, baixa qualidade
de vida e transtorno depressivo (Bergenfeld, 2022).

Um estudo recente revelou que a presença de determinados traços de personalidade está associada a
uma maior tendência ao consumo de pornografia.

O estudo baseia-se, em parte, na teoria “Big Five”, que
propõe cinco dimensões principais de personalidade: abertura à experiência, conscienciosidade, extroversão,
amabilidade e neuroticismo.

A abertura à experiência refere-se a indivíduos que valorizam a independência e
demonstram uma curiosidade aguçada.

A conscienciosidade caracteriza-se por comportamentos pragmáticos,
organizados e detalhistas.

A extroversão está relacionada à busca por diversão e uma sociabilidade
proeminente.

A amabilidade reflete traços de empatia e solicitude nas interações interpessoais.

O
neuroticismo, por sua vez, caracteriza-se por uma instabilidade emocional, com preocupações intensas, baixa
autoestima e insegurança (Sfeir et al., 2022).

Além disso, o estudo aborda a teoria “Big Three”, proposta por Hans Eysenck, que delimita três
dimensões de personalidade: extroversão, neuroticismo (instabilidade emocional) e psicoticismo
(impulsividade ou desinibição).

Cada uma dessas dimensões contrasta com os seus opostos: introversão,
estabilidade emocional e controle dos impulsos, respectivamente (Scheibe et al., 2021).

As teorias “Big Five”
e “Big Three” se sobrepõem nas dimensões de extroversão e neuroticismo, que são equivalentes em ambas
as abordagens (Markon; Krueger; Watson, 2005).

O psicoticismo, no entanto, destaca-se como um traço
distinto, caracterizado por hostilidade, impulsividade e falta de empatia (Scheibe et al., 2021), sendo
negativamente correlacionado com os traços de conscienciosidade e amabilidade, isso demonstra que essas
dimensões são opostas (Markon; Krueger; Watson, 2005).

A relação entre os traços de personalidade e o consumo de pornografia é estabelecida a partir da
conclusão de que pessoas com predominância do traço extrovertido relacionam-se com o início mais precoce
da atividade sexual, a comportamentos sexuais de risco e têm maior probabilidade de consumirem conteúdos
sexualmente explícitos.

Além disso, indivíduos cujo traço de amabilidade é o predominante tendem a recorrer
a sentimentos de arrependimento após o consumo de pornografia (Sfeir et al., 2022).

Com base no cenário exposto e considerando que o Brasil possui quase 9 milhões de alunos
matriculados no ensino superior, dos quais 98% apresenta acesso à internet (Sanes, 2023), tornando facilitado
o consumo de conteúdos pornográficos, ratifica-se a necessidade da realização deste estudo, cujo objetivo é
estabelecer a prevalência do consumo de conteúdos sexualmente explícitos entre acadêmicos de um curso
da área da saúde de uma Universidade do Sul do Brasil, buscando, também, determinar o perfil de
personalidade desses usuários.

A escolha do público universitário justifica-se pelo fato de que essa população
apresenta um alto consumo de conteúdos sexualmente explícitos, o que pode ter implicações relevantes em
sua vida acadêmica e bem-estar psicológico.

Dessa forma, a investigação busca compreender possíveis
associações entre o consumo desses conteúdos e os traços de personalidade dentro desse contexto específico.

Materiais e métodos
Aspectos éticos
O projeto foi submetido e aprovado pelo Comitê de Ética em Pesquisa (CEP).

Todos os participantes
do estudo assinaram o Termo de Consentimento Livre e Esclarecido (TCLE) para os sujeitos da pesquisa,
conforme a Resolução 466/2012 do Conselho Nacional de Saúde (CNS).

Desenho do estudo
Trata-se de um estudo transversal e de abordagem quantitativa, composto por 214 acadêmicos do
curso de medicina de uma universidade do Sul do Brasil, em um universo amostral de 305 acadêmicos.

O
número faltante de discentes corresponde aos formulários não respondidos.

Instrumentos
Foram aplicados três questionários aos participantes em ambiente virtual, garantindo anonimato das
RBSH 2025, 36, e1230, 1-13


### Revista Brasileira De


### Sexualidade Humana Issn 2675-1194
Doi: Https://Doi.Org/10.35919/Rbsh.V36.1230


### Freitas Netto, F. Et Al.

respostas por meio de um sistema que não exige o cadastro de endereço eletrônico.

A seleção dos
participantes ocorreu de forma aleatória entre estudantes universitários de um curso da área da saúde, sem
qualquer direcionamento prévio, assegurando a heterogeneidade da amostra.

O tempo médio para o
preenchimento dos instrumentos foi de aproximadamente 15 minutos.

O primeiro questionário era referente aos dados sociodemográficos.

O segundo questionário,
elaborado e validado pelos autores, continha questões acerca do consumo de conteúdos sexualmente
explícitos (Q-CCSE), no que tange à existência desse consumo e sua frequência: nunca, raramente (1 a 2 vezes
por mês), às vezes (3 a 4 vezes por mês) ou frequentemente (5 ou mais acessos mensais); às modalidades de
conteúdos visitados (vídeos, fotos, contos eróticos ou chats on-line); à tentativa de reprodução dos conteúdos
vistos na internet nas relações sexuais físicas (cenas homossexuais, parafilias e dominação sexual); ao
desenvolvimento de sentimento de arrependimento após o consumo; e, por fim, à relação desse consumo
com o desempenho sexual em relações sexuais físicas e com o desempenho nos estudos.

O terceiro foi baseado no Questionário de Personalidade Eysenck Revisado e Abreviado (EPQR-A),
validado, no Brasil, por Scheibe et al.

(2023).

O EPQR-A foi desenvolvido para classificar os indivíduos em três
traços de personalidade fundamentais, entre eles o psicoticismo, extroversão e neuroticismo.

Ele consiste em
24 perguntas, distribuídas igualmente em quatro grupos, sendo uma escala para cada uma das três
personalidades mencionadas e uma quarta escala de detecção de falsificação, chamada de escala da mentira
ou desejabilidade social, importante para validar as respostas das outras três escalas.

Os participantes
receberam opções de resposta ""sim"" ou ""não"", às quais foram atribuídos os valores de ""0"" e ""1"",
respectivamente.

O escore total é obtido pela soma simples das atribuições numéricas de cada resposta,
resultando em uma pontuação final que pode variar de 0 a 6 em cada um dos grupos.

Não há uma nota de
corte específica para determinar o traço de personalidade predominante.

Essa definição é indicada pela
pontuação mais alta em uma determinada escala de traço de personalidade.

Análise estatística
Para a análise descritiva dos dados das variáveis quantitativas, foram calculadas as medidas-resumo,
como média, mediana, desvio padrão e intervalo interquartil.

Para as variáveis qualitativas, foram determinadas
as frequências absoluta e relativa.

No que tange às variáveis quantitativas, foi realizado o teste de Shapiro-Wilk para verificar se os dados
se ajustam a uma distribuição gaussiana.

Essa etapa evidencia-se como crucial para a escolha mais apropriada
dos testes de análises inferenciais.

Diante de um p-valor do teste de Shapiro-Wilk inferior a 0,05, ou seja, uma
distribuição não normal, optou-se pelas abordagens não paramétricas.

Por outro lado, se p>0,05, foram
utilizadas abordagens paramétricas, em decorrência da distribuição das variáveis ter sido normal.

O teste U de Mann-Whitney é um teste não paramétrico de comparação entre medianas, a fim de
determinar se há diferença significativa entre duas amostras independentes.

Quando há mais de dois grupos
independentes, o teste de Kruskal-Wallis torna-se uma extensão do teste U de Mann-Whitney para verificar
se, pelo menos, um dos grupos é, significativamente, diferente dos outros.

O teste qui quadrado de Pearson
com correção de Yates foi utilizado para analisar a associação entre variáveis qualitativas.

Todas as análises
estatísticas foram realizadas no ambiente R 4.2.1.

Resultados
Dos 214 universitários participantes da pesquisa, a maioria encontrava-se na faixa etária de 21 a 25 anos
(56,07%), identificava-se como mulher cis (51,40%), orientação heterossexual (79,44%), estado civil solteiro
(92,52%) e religiosidade católica (50,47%), como pode ser observado na Tabela 1.


### Rbsh 2025, 36, E1230, 1-13


### Revista Brasileira De


### Sexualidade Humana Issn 2675-1194
Doi: Https://Doi.Org/10.35919/Rbsh.V36.1230

Tabela 1 - Caracterização da população estudada quanto às variáveis sociodemográficas
Variável
Idade

21-25 anos
Acima de 25 anos
Homem cis
Identidade de gênero
Mulher cis
Outra
Heterossexual
Bissexual
Orientação sexual
Homossexual
Outra
Solteiro
Estado civil
Casado
Outro
Catolicismo
Agnóstico
Evangélico
Religião
Ateísmo
Umbanda
Outra
Fonte: Elaborado pelos autores.

120
38
102
110
2
170
29
11
4
198
6
10
108
35
29
18
3
21

56,07
17,76
47,66
51,40
0,94
79,44
13,55
5,14
1,87
92,52
2,80
4,67
50,47
16,36
13,55
8,41
1,40
9,81

49,38
12,16
41,07
44,74
0,16
73,53
9,60
2,89
0,42
88,20
1,29
2,56
43,82
12,00
9,60
5,39
0,48
6,51


### Superior
32,44
62,56
28,02
54,34
58,01
5,20
84,31
18,78
8,97
8,54
95,35
5,98
8,39
57,10
21,90
18,78
12,90
4,04
14,54

A Tabela 2 mostra a frequência das respostas com relação às perguntas do questionário Q-CCSE.

A
maioria dos alunos já havia acessado conteúdos sexualmente explícitos na internet em algum momento de sua
vida (73,83%), e a modalidade de conteúdo mais acessada foram os vídeos (65,42%).

Tabela 2 - Análise das respostas ao questionário sobre o consumo de conteúdos sexualmente explícitos
IC 95%
Variável
Categorias
N
%
Inf
Sup
Não
56
26,17
20,74
32,44
Acesso à pornografia
Sim
158
73,83
67,56
79,26
Vídeos
140
65,42
58,83
71,47
Fotos
12
5,61
3,24
9,54
Modalidade
Contos eróticos
5
2,34
1,00
5,35
Chats ao vivo
1
0,47
0,08
2,60
Nunca
103
48,13
41,53
54,80
Raramente (1-2
vezes por mês)
54
25,23
19,89
31,45
Frequência
Às vezes (3-4 vezes
por mês)
32
14,95
10,80
20,35
Frequentemente (≥
5 vezes por mês)
25
11,68
8,04
16,68
Não
131
61,21
54,54
67,49
Prejuízo no desempenho sexual
Sim
32
14,95
10,80
20,35
Não
145
67,76
61,23
73,66
Fetiche sexual
Sim
69
32,24
26,34
38,77
Não
116
54,21
47,51
60,75
Reprodução de cenas
Sim
47
21,96
16,94
27,98
Nunca houve
113
52,80
46,12
59,38
Tipo de cenas
Dominação
33
15,42
11,20
20,86
Fetichistas
7
3,27
1,59
6,60
RBSH 2025, 36, e1230, 1-13


### Revista Brasileira De


### Sexualidade Humana Issn 2675-1194


### Freitas Netto, F. Et Al.


### Doi: Https://Doi.Org/10.35919/Rbsh.V36.1230


### Desconcentração
Comprometimento Acadêmico
Arrependimento


### Homossexuais
Não
Sim
Não
Sim
Não
Sim

## Pontos-chave

- Documento acadêmico processado
- Conteúdo organizado em seções
- Formatação melhorada para leitura

---

> *Documento convertido de PDF para Markdown com estrutura organizada*",,imported
24c98653ae3b3309,ATRAIR PACIENTES SEM PRECISAR SE EXPOR,file:///Users/paulorezende/Documents/Personal_AI_powerhouse updated/personal-ai-space/knowledge/articles/ATRAIR PACIENTES SEM PRECISAR SE EXPOR.md,,,,2026-06-12T06:19:56.410529+00:00,"article, brazil, business-model, career-planning, clinical-practice, cognitive-sexual-therapy, cultural-sensitivity, knowledge, patient-care, professional-development, video-transcript",ATRAIR PACIENTES SEM PRECISAR SE EXPOR,"Eu começaria pelos seus próprios pacientes.

E aí, o que que você vai fazer com isso?

Você vai fazer um bom trabalho, porque essa é a base de uma carreira sólida.

[Música]

Essa aula foi pensada a partir de muitas histórias que eu ouço, né, de pessoas terapeutas, mulheres, homens, pessoas que têm desconforto com a ideia de precisar se expor.

Será que eu preciso me expor na internet para ter paciente hoje em dia?

Nossa, que tempo difícil.

Será que eu preciso falar de sexo na internet?

Meu Deus, como é que é isso?

Se eu trabalho com a sexualidade, eu preciso ter rede social.

Como é que eu faço para ter paciente?

Como é que eu faço para me posicionar?

Como é que eu faço para ter uma clínica que honre os meus conhecimentos sem necessariamente precisar me expor?

E hoje eu vou mostrar para você como a gente pode construir uma carreira sólida, construir uma agenda cheia de clientes, sem necessariamente apelar para isso que todo mundo te diz.

É importante a gente saber que sim, o caminho da internet é um caminho legal, mas que existem muitas outras possibilidades, principalmente para você que não quer trabalhar na internet.

Então vamos a elas hoje, tá?

É importante você saber que se expor, né?

Então, quando a gente fala de se expor, se expor na internet, dar palestra, virar sexóloga que fala na televisão, tudo isso você pode fazer, mas você não precisa fazer isso.

Isso é uma escolha, isso é uma das possibilidades.

Quero te abrir a cabeça pra gente pensar possibilidades.

Primeira coisa para você pensar é que assim, ah, eu gosto de trabalhar com esse assunto, eu já percebo que tem demanda, eu não tô muito satisfeita com a minha clínica, eu gostaria de migrar pra área da sexualidade, mas eu fico na dúvida como é que eu vou fazer para captar paciente.

Então, se não é na internet, é onde?

Como é que eu vou anunciar que eu trabalho com isso?

E o que eu quero que você saiba é que você não precisa ir muito longe para começar a atender queixa sexual.

Como assim?

Pode começar a procurar no seu próprio consultório.

Me diz aí, você tem algum paciente que tem ansiedade, depressão, transtorno de pânico, ansiedade generalizada, paciente que toma antidepressivo, por exemplo.

Tem aí no seu consultório algum paciente assim?

Posso te dizer que um percentual altíssimo que chega lá em 80, 90% desses pacientes vai ter queixa sexual.

Isso é estatística, não sou eu que tô te dizendo, né?

Temos dados muito importantes de prevalência, prevalências impressionantes nessa taxa, nessa população.

Então, se você atende pacientes com ansiedade e depressão, se você atende pacientes de uma clínica de psicologia convencional, provavelmente a maior parte deles tem queixa sexual.

Outro tipo de paciente que muito provavelmente tem queixa sexual é o paciente acima do peso.

Você tem algum paciente aí ou alguma paciente que está com uma barriga um pouco grande ou um paciente que tá buscando ajuda para perder peso ou que tá insatisfeito com a autoimagem corporal?

Tem?

Pode perguntar.

A gente sabe que questões relacionadas a metabolismo impactam a sexualidade principalmente dos homens, né?

Então, homens acima de 40 anos com uma barriguinha acima da média, um homem que tem obesidade, mesmo que não seja exatamente uma obesidade importante, né, uma obesidade mórbida, ainda assim homens estão acima do peso, muito mais provavelmente vão ter disfunção erétil.

A gente sabe que pessoas que estão fora de forma, muito provavelmente vão ter queixas de autoimagem corporal.

Onde é que essas queixas vão esbarrar?

Na sexualidade.

Então, viu esse perfil?

Pode perguntar.

Pessoas que iniciaram a vida sexual tardiamente, pessoas religiosas, pessoas que têm transtornos do neurodesenvolvimento, pessoas que têm mais ansiedade, mais tímidas, pessoas que têm mais dificuldade de relacionamento interpessoal, pode perguntar.

Muito provavelmente essas pessoas têm também dificuldades na esfera sexual.

Pessoas LGBT de forma geral pode perguntar da sexualidade deles, principalmente se você entender um pouquinho de estressor de minorias, muito provavelmente eles vão ter pelo menos espaço para conversar sobre algumas coisas com quem eles gostariam de poder conversar.

Alguém que tivesse um entendimento maior, um olhar sem julgamento, que pudesse ajudar essas pessoas a pensar alguns aspectos da própria vida sexual ou mesmo falar de dificuldades que eles nunca tiveram possibilidade de falar com uma outra pessoa.

Pessoas casadas, tem paciente casado aí no seu consultório, pode perguntar como é que tá o desejo, como é que tá a frequência sexual, como é que eles estão negociando isso.

A gente sabe que nos relacionamentos de longo prazo tem grande chance de em algum momento eles estarem experimentando dificuldades de ajustamento conjugal, dificuldades de discrepância de desejo, dificuldades inclusive da ordem da disfunção sexual.

E quanto maior o tempo de casamento, maior a chance disso acontecer.

Quanto maior o número de filhos, maior a chance disso acontecer.

E aí eu espero que a essa altura você já esteja se perguntando assim: ""Nossa, mas eu tenho todos esses perfis de paciente, até agora nada. Ninguém falou disso comigo?""

Pois é, especificamente, muitas vezes você vai ver que o nó ali que às vezes você não consegue resolver com alguns conhecimentos na área da sexualidade, pode ser que algumas coisas se clareiem, porque isso eu vejo na minha clínica o tempo inteiro, nos casos que eu supervisiono.

Às vezes as pessoas chegam com problema de relacionamento e que tem aspectos que são ali da sexualidade, da intimidade e que se a gente não conhece esses conceitos, não tem essa chave de leitura, às vezes você fica ali chovendo no molhado naquela coisa que se repete ou naquele problema que não se soluciona.

E muitas vezes tem a ver com alguns entendimentos que são da ordem da sexualidade que você talvez não tenha.

Tô aqui te dizendo que todas essas pessoas poderiam se beneficiar de intervenções na área da sexualidade com diferentes níveis de intensidade.

Quando eu falo que a prevalência de disfunção sexual é alta, eu tô falando aqui de tratamento.

Se você perguntar, provavelmente essas pessoas estão tomando remédio para ereção, estão tendo esse tipo de preocupação, estão buscando reposição hormonal, estão fazendo uma série de coisas para tentar melhorar a própria vida sexual sem necessariamente conversar isso com você, sem entender que você poderia ser um grande aliado, uma grande aliada, né, no manejo dessas disfunções ou desses sintomas, mesmo que não se configurem exatamente em disfunções, mas tô querendo te dizer que você não precisa ir a lugar nenhum para começar a atender a queixa sexual, eu começaria pelos seus próprios pacientes.

E aí, o que que você vai fazer com isso?

Você vai fazer um bom trabalho, porque essa é a base de uma carreira sólida.

Se você souber fazer um bom trabalho, se você começar a fazer um bom trabalho com os pacientes que você já tem, a partir daí você pode ir construindo uma pequena rede.

Tô chamando de pequena, mas ela pode ficar enorme, né? Então imagina que você é uma pessoa que tem, sei lá, 20 pacientes, alguém que tem uma clínica, né, de meio período, né, com 20 pacientes você atende 20 horas por semana.

Então você tem uma clínica aí de meio período e aí desses pacientes, vamos dizer que você consiga falar da sexualidade com 15 deles, 10 deles, tô sendo assim bem conservadora nos meus números aqui.

Vamos dizer que desses 10 pacientes, um tem uma ginecologista porque tá na menopausa ou porque é pro herérpera ou porque hã, que você pode ligar e bater um papo sobre a sexualidade dessa reposição hormonal que elas estão pensando.

Como é que será que isso deve estar impactando?

O que que você tá observando daqui?

Essa pessoa provavelmente tem amigas que estão passando pela mesma situação e que você pode dizer para ela que você também oferece um serviço de conversar pontualmente com pessoas que não são exatamente suas pacientes, mas que podem vir aqui conversar sobre os dilemas da menopausa.

De uma paciente, você vê como é que você vai ampliando a sua rede.

E aqui eu não tô falando de você sair dos limites da ética, da relação adequada com seu paciente.

Nada disso.

Tô falando das pessoas saberem do trabalho que você faz.

Quando você vai movimentando de novo, a partir de um bom trabalho, tá?

Quando o paciente tá satisfeito, imagina uma mãe dessa, né?

Assim, quem é mãe aqui sabe o poder de um grupo de mães.

Imagina uma mãe que descobre que tem uma pessoa que segura na mão de outras mães para lidar com dilema de educação sexual de filho.

Imagina isso, como que isso viraliza assim, ó, no grupo de WhatsApp de mães.

E aí você pode sim formatar um serviço para isso, sem precisar botar sua cara na internet de novo.

A gente tá falando aqui de construindo uma reputação profissional, uma reputação profissional de alguém que fala de sexualidade, de alguém que lida com a sexualidade de uma forma séria, de uma forma que de fato ajuda as pessoas.

E aí uma pessoa que é ajudada por você, ela vai compartilhar o seu contato de bom grado.

Quando você começa a participar desses grupos de supervisões, de eventos, quando você vai achando o seu grupo ali dentro da área da sexualidade, vai mostrando o seu trabalho, não precisa estar com a cara na internet.

E quanto mais você tiver propostas de intervenção claras, organizadas, né, que as pessoas entendam o que você faz, que as pessoas possam contar facilmente para outras pessoas o que você faz, né?

E aí você pode, e aqui, gente, basta você ter um WhatsApp business daquele dizendo que você faz, tá?

Serviços que você presta, você pode fazer aquelas link tre, né, que é um link que você bota várias coisas, bota ali as coisas que você faz.

Então assim, preciso ficar gravando conteúdo pra internet, não acho legal você ter alguma coisa, né, o antigo cartão de visita, porque ninguém mais vai ficar andando com aquele cartão físico, nem distribuindo cartão físico.

Você tem que ter alguma coisa para as pessoas poderem compartilhar o seu contato.

Mas ele pode ser um WhatsApp Business, pode ser um Qcode, pode ser qualquer coisa, um cartão virtual e PDF, o que você quiser, contando que você consiga, né, tem alguma coisa que as pessoas possam mandar para as pessoas queridas para que elas possam procurar os seus serviços.

Além disso, você pode começar a atuar em pequenos grupos, né? Então, se você já tem um grupo, tem um monte lá no time TCS, o grupo da igreja, né? Até porque a gente sabe que a população cristã brasileira só aumenta e é uma população que naturalmente, estatisticamente, tem altíssima demanda na área de sexualidade e muitas restrições em buscar ajuda.

Enfim, tem, né, uma série de questões e de fato precisam de uma ajuda que seja sensível, né, aos valores deles.

Tudo isso.

Muitas vezes você tá lá no seu grupo da igreja e as pessoas começam, se elas descobrem que você fala desse assunto com seriedade, basta você fazer uma palestra, uma roda de conversa de mulheres, uma roda de conversa de orientação de crianças, de como lidar com os filhos, enfim, escolhe o tema, pode escolher o tema.

Muitas vezes, rapidamente você vira referência ali naquele meio e não precisa de outra fonte de encaminhamento.

O que mais tem no time TCS são pessoas que atuam ali nas suas comunidades, nas suas cidades pequenas, né?

Então, às vezes as pessoas falam assim: ""Nossa, a cidade pequena é difícil porque as pessoas têm muito preconceito.""

Gente, cidade pequena tem uma demanda enorme que ninguém dá conta e basta você colar com o ginecologista da cidade, com o pastor da cidade, com sua clínica encheu antes que você consiga contar até 10.

Uma outra coisa que às vezes a gente esquece é que você pode estar na internet.

Então, assim, eu defendo que você esteja na internet porque eu acho que hoje em dia todo mundo quer ver pelo menos a sua cara, sabe?

As pessoas querem ver, as pessoas querem um WhatsApp que tem uma foto, as pessoas querem ver que você tem um endereço físico ou então que você tem um, né, um portfólio online.

Aí pode ser, gente, um Instagram que tenha três posts dizendo quem você é, pode ser um site, pode ser um link tre desse de graça ou outros bicons, né?

Enfim, essas páginazinhas são de graça que você faz e aí você bota lá no seu WhatsApp.

Pode ser um portfólio qualquer em PDF, tem que ter alguma coisa que as pessoas possam te achar.

Tem a história do que as pessoas vão compartilhar o seu contato, mas precisa também ter um lugar pra pessoa botar seu nome no Google.

Você pode fazer esse teste, bota seu nome no Google e vê lá o que que vem.

Se vier multa no Detran, se vier foto do seu cachorro, aí não dá, né?

Tem que ter alguma coisa falando que você trabalha.

Uma outra coisa que você pode fazer, que funciona muito durante muitos anos, esse era o jeito como a gente fazia, né?

É você começar a se divulgar em pequenos grupos.

Então assim, eu me lembro que tinha uma época que tinham grupos no Rio de Janeiro de Facebook, depois de WhatsApp, de mulheres com dor sexual, né? Vodíia, vaginismo.

E aí as fíos com quem eu trabalhava começaram a dizer:

""Aline, a gente precisa de psique, trabalhe com isso, entra nesses grupos"".

Eu até acabei saindo desses grupos porque era tanta demanda que eu não dava conta.

Então, imagina um grupo cheio de mulheres com dor sexual, com quatro, cinco fíos que trabalham com dor sexual, duas, três psicólogas que trabalham com dor sexual, tirando dúvida.

Você acha que dali vem quantos pacientes pro seu consultório?

Se você tira uma dúvida bem tirada, se você chama essa pessoa no privado, tá?

Então assim, ah, eu tô num lugar, não tenho contato com ninguém, acha um grupo desse, começa a prestar serviço ali, né? como se fosse uma produção de conteúdo.

Mas eu tô falando assim de você ajudar essas mulheres, tirar dúvida ali, né?

Se você tá numa ONG para pessoas LGBT que estejam lidando com dificuldade, como lidar com a família, você pode estar ali.

Algumas dessas pessoas vão acabar drenando pro seu consultório.

Sim, para você que não quer se expor na internet, que não quer virar blogueirinha, que não quer ficar fazendo aqueles conteúdos flopados, né?

Que que é conteúdo flopado?

Se você não sabe, é porque aquele conteúdo que você faz tem duas curtidas, da sua mãe e da sua melhor amiga ou de uma pessoa aleatória que você não sabe quem é, que é pior ainda, enfim, que não vai servir para nada, que às vezes te dá um trabalho danado, ficar lá você no canva ou você contratando uma pessoa que você tá pagando todo mês, que tá fazendo um troço, né, em que que aquilo ali te diferencia ou que você vai ficar fazendo stories, né?

Enfim, eu faço tudo isso, mas se você quer ampliar sua clínica e você não quer fazer isso, principalmente, né?

Porque assim, as pessoas às vezes vêm me perguntar e eu digo que o digital é um trabalho de tempo integral, né?

No digital não é uma coisa que você faz ali entre um paciente e outro.

Pode funcionar para várias pessoas funciona, mas é um trabalho de tempo integral.

E aí muitas vezes vocês se vê nessa nossa ainda eu faço tudo que eu faço, eu ainda tenho que fazer isso.

E às vezes vocês gastam um tempo enorme fazendo isso e perdem a chance de fazer outras coisas que talvez pudessem trazer muito mais retorno.

Então assim, desse lugar onde eu tô, de já ter formado mais de 2.000 profissionais, de ouvir essas histórias todos os dias, eu posso te dizer que a internet funciona para muita gente, mas também não funciona, talvez para um número até maior de pessoas.

E o resto do mundo de possibilidades funciona muito.

Então, quando você tá numa área como a área da sexualidade, você não precisa se expor na internet.

Quinta-feira que vem estamos aqui.

Toda semana tem café com TCS.

Se você ainda não tá inscrito no meu canal, por favor, se inscreva, tá bom?

É assim que você vai receber todas as notificações, vai saber dos vídeos novos.

A gente tem colocado vídeos novos aqui no YouTube.

E é isso, quinta-feira, café com TCS.

Estamos juntos.",,imported
0b23757382d7bc82,Análise de Viabilidade de Mercado e Retorno Financeiro para Nichos Inovadores no campo da Sexualidade,file:///Users/paulorezende/Documents/Personal_AI_powerhouse updated/personal-ai-space/knowledge/articles/Análise de Viabilidade de Mercado e Retorno Financeiro para Nichos Inovadores no campo da Sexualidade.md,,,,2026-06-12T06:19:56.424017+00:00,"article, clinical-practice, healthtech, innovation, knowledge, market-analysis, mental-health, neuroscience, protocols, sexology, training",Análise de Viabilidade de Mercado e Retorno Financeiro para Nichos Inovadores no campo da Sexualidade,"# Análise de Viabilidade de Mercado e Retorno Financeiro para Nichos Inovadores

A questão sobre a viabilidade de mercado e o retorno financeiro das possibilidades profissionais inovadoras é crucial. A análise a seguir demonstra que, ao invés de um retorno mediano, a atuação nesses nichos de intersecção oferece um potencial de **retorno financeiro relevante e de alto valor**, devido à escassez de profissionais com seu perfil e à alta demanda por soluções especializadas.

## 1. Oportunidade de Mercado: A Interseção de Nichos

O mercado de atuação proposto não é o mercado saturado de psicólogos ou consultores de D&I genéricos. É a intersecção de três mercados em forte crescimento:

| Mercado | Tamanho Global (Estimado) | Taxa de Crescimento (CAGR) | Relevância para Seu Perfil |
| :--- | :--- | :--- | :--- |
| **Saúde Mental Digital (HealthTech)** | US$ 8.9 Bilhões (2023) a US$ 43.9 Bilhões (2033) [1] | ~18.58% [2] | Sua expertise em Neurociência e Sexologia é a base científica para o desenvolvimento de produtos (CSO/CIO em HealthTech). |
| **Consultoria em D&I/ESG** | Bilhões de dólares (setor maduro, mas em transformação) | Estável, mas com demanda crescente por especialização | Sua experiência corporativa e foco em Neuro-Inclusão e Trauma (D&I de 3ª geração) permite cobrar *fees* premium. |
| **SexTech e Wellness Sexual** | US$ 30 Bilhões (2020) [3] | Crescimento acelerado | Sua formação em Sexologia e Audiovisual o posiciona como Curador Científico e Consultor de Conteúdo de alto valor. |

A viabilidade de mercado é **extremamente alta** porque você não compete em um único mercado, mas sim cria um novo nicho onde a concorrência é mínima.

## 2. Potencial de Retorno Financeiro: Alto Valor Agregado

A atuação em nichos altamente especializados e com alto valor agregado tende a gerar um retorno financeiro superior ao mediano. O retorno é relevante e tende a ser exponencial, especialmente nas áreas de consultoria e tecnologia.

### A. Consultoria Premium e Liderança de Pensamento

O potencial de retorno é **Alto** e **Relevante** neste segmento.

| Nicho Inovador | Justificativa de Retorno Financeiro | Potencial de Receita |
| :--- | :--- | :--- |
| **Consultor de *Neuro-Ergonomia* e Inclusão Cognitiva** | Soluciona problemas de alto custo para empresas: *burnout*, baixa produtividade e rotatividade. Consultores de nicho cobram diárias ou projetos com valores significativamente mais altos do que consultores generalistas. | **Alto** (Projetos de 6 a 7 dígitos) |
| **Consultoria de ""Performance Íntima"" para Executivos** | Serviço de luxo e discrição para um público de alto poder aquisitivo (C-Level). O valor percebido está diretamente ligado à performance de liderança e à saúde do executivo. | **Muito Alto** (Sessões/Programas de *coaching* com valores premium) |
| **Especialista em *Sexual Harassment* e *Microaggressions*** | Atuação em momentos de crise corporativa, onde o custo de um erro é altíssimo (multas, danos à reputação). A especialização em Neurociência do Trauma é um diferencial que justifica o valor. | **Alto** (Retainer ou *fees* de crise) |

### B. HealthTech e Propriedade Intelectual

O potencial de retorno é **Exponencial** e **Relevante** neste segmento.

| Nicho Inovador | Justificativa de Retorno Financeiro | Potencial de Receita |
| :--- | :--- | :--- |
| **Chief Science/Inclusion Officer (CSO/CIO) em HealthTech** | Envolve participação acionária (*equity*) em *startups* de alto crescimento. O valor do seu conhecimento científico e de inclusão é o ativo principal da empresa. | **Exponencial** (Salário + *Equity* com potencial de *exit*) |
| **Desenvolvedor de Protocolos (*Mindfulness* Sexual Baseado em Neurociência)** | Criação de propriedade intelectual (PI) que pode ser licenciada para aplicativos, clínicas ou vendida como metodologia. A PI é um ativo escalável. | **Alto/Exponencial** (Licenciamento e Venda de PI) |
| **Curador Científico para Plataformas de *Wellness* Sexual** | Remuneração por projeto ou *royalties* sobre o conteúdo. O mercado de SexTech está disposto a pagar por credibilidade científica e inclusiva para se diferenciar. | **Alto** (Contratos de consultoria de longo prazo) |

## 3. Fatores Chave para o Sucesso Financeiro

O sucesso financeiro nesses nichos não depende apenas da existência do mercado, mas da sua capacidade de se posicionar como o especialista de referência.

1.  **Posicionamento de Nicho (Uncomparable Niche):** Seu perfil é único. Você deve comunicar que não é apenas um terapeuta, mas um **Estrategista de Comportamento Humano e Inclusão com Base Neurocientífica**. Isso elimina a concorrência e permite definir seus próprios preços.
2.  **Escalabilidade:** O maior retorno virá de soluções que não dependem do seu tempo individual (1:1), como:
    *   **Criação de Metodologias e PI** (Protocolos, Índices).
    *   **Treinamentos Digitais e Cursos** (Conteúdo que vende 24/7).
    *   **Participação em *Startups*** (Retorno via *equity*).
3.  **Autoridade e *Thought Leadership*:** Sua experiência em comunicação e *storytelling* deve ser usada para construir autoridade inquestionável (publicações, palestras, mídia). Nesses nichos, a autoridade é o principal motor de precificação.

Em resumo, a atuação proposta não é apenas viável; ela é a porta de entrada para um segmento de mercado **premium** e **em crescimento acelerado**, com potencial de retorno financeiro significativamente **acima da média** para especialistas que conseguem unir ciência, clínica e estratégia de forma tão coesa quanto você.",,imported
e128470bb9dfe178,COMO FAZER UMA TCS CULTURALMENTE SENSÍVEL  ALINE SARDINHA,file:///Users/paulorezende/Documents/Personal_AI_powerhouse updated/personal-ai-space/knowledge/articles/COMO FAZER UMA TCS CULTURALMENTE SENSÍVEL  ALINE SARDINHA.md,,,,2026-06-12T06:19:56.434456+00:00,"article, brazil, cognitive-sexual-therapy, cultural-sensitivity, expert-aline-sardinha, knowledge, patient-care, professional-development, protocols, training, video-transcript",COMO FAZER UMA TCS CULTURALMENTE SENSÍVEL  ALINE SARDINHA,"# COMO FAZER UMA TCS CULTURALMENTE SENSÍVEL | ALINE SARDINHA

**Video ID:** HWlwLDCR71w

**URL:** https://www.youtube.com/watch?v=HWlwLDCR71w

## Transcript

não tem como eu ser uma pessoa que você criou no Brasil e não ser machista, racista, classista, enfim, pensando aqui né que não temos escapatória gente.

A gente precisa entender a cultura ou então não venham me falar de abordagens é biopsicossocial.

E vai a sua é só abrir o mesmo [Risadas].

A gente vai falar de uma abordagem culturalmente sensível pensando aqui o contexto da terapia cognitiva sexual, mas que é alguma coisa que a gente pode ampliar aí para pensar todo o cuidado em saúde.

Se eu chamar Stephanie, deixa eu botar a gente assim que eu acho que a gente se vê melhor.

Aline, muito obrigada pela oportunidade.

Eu acho muito importante né a gente poder trazer um tema que é tão pouco falado, mas que é muito importante principalmente quando está falando em sexualidade.

Então é uma oportunidade muito boa poder espalhar esse conhecimento.

E eu percebi que depois da pandemia que a gente começou a trabalhar muito online, a gente viu a possibilidade de atender muitas pessoas de outros estados ou de outros países né.

O quanto é importante também a gente poder culturalmente enxergar o nosso paciente, o quanto a gente pode culturalmente uma intervenção sensível para ele dentro da realidade dele, dentro da cultura dele.

Isso vai fazer toda a diferença no nosso trabalho.

Eu venho falando muito disso aqui, mas as pessoas ainda pensam em protocolos né.

E é claro que a gente sabe que a ciência se constrói dessa forma, testa né as intervenções através de protocolos e tudo isso.

E aí às vezes a gente pensa nas taxas de eficácia por exemplo de alguma intervenção né.

Então assim, um tratamento não serve para todo mundo.

Para quem que não serviu né?

Será que eram aspectos socioculturais que estavam ali envolvidos né ou que não foram considerados naquele protocolo?

E a gente sabe aqui né que esse indivíduo universal é quem né?

Quem é esse indivíduo padrão para quem os protocolos da ciência, a psicologia é feita?

Então eu já falo que principalmente na sexualidade o foco ele é sempre muito mais biológico ou psicológico e a gente não tá acostumado nem treinados a olhar esse lado sócio cultural da queixa sexual.

Então quando a gente está falando de crenças, quando está falando de pensamentos automáticos, o desenvolvimento da pessoa, a gente não pode não falar com cultura porque ela que vai moldar grande parte das crenças que o paciente tem sobre sexualidade.

Então por exemplo, a situação do país, o gênero, a religião, a cor, a raça, etnia, a classe social, a orientação sexual, tudo isso vai influenciar muito mais do que a gente imagina né.

A definição de cultura é um conjunto de valores que são distintos, são crenças, são conhecimentos, são hábitos, arte, música, comida, vestuário, linguagem, tradições, estilo de vida geral compartilhado por membros de um grande grupo de pessoas ou um grupo social.

E quando a gente está falando de uma tss culturalmente sensível, é aquela que vai modificar avaliação, a conceitualização e a intervenção para que essa intervenção, essa conceitualização seja compatível com esses valores da pessoa, com as crenças dela, com as preferências dela, com os costumes dela.

Como eu falei, sem fugir dos princípios da TCC e da tcs.

Eu acho que hoje em dia o primeiro passo e o mais importante, primeiro entender que a né o próprio terapeuta ele tem uma bagagem cultural e ele tem que prestar muita atenção nos vieses e nos preconceitos culturais que ele mesmo tem.

Porque esses mesmos viesses culturais e preconceitos que ele tem vai influenciar na compreensão do problema do paciente, na abordagem que ele vai ter e nos resultados do tratamento.

Terapeuta que não é inocente em relação a sua própria cultura né.

Se a gente tem pessoas de culturas diferentes, de religião diferente, eu vou lá ler um pouco sobre essa religião, eu vou lá entender o que que essa religião diz sobre sexualidade, o que que essa religião diz sobre disfunção sexual, o que essa pessoa dentro dessa religião acredita ser.

Então primeiro buscar informação, ler de certa forma faz sentido eu me informar.

Mas por outro lado, como que eu vou ser treinada para saber da vivência cultural daquele paciente individual que aparece, não enquanto o grupo.

Eu conheci o grupo, me faz conhecer o indivíduo dentro da sua vivência cultural.

O terapeuta vai fazer uma anamnese cultural, ele vai entender através desse paciente como que para ele a cultura dele influencia a sexualidade dele, a queixa dele.

Então falar sobre a família dele, como a família vê a sexualidade, perguntar para ele diretamente o que a religião dele fala sobre sexualidade, se ele concorda ou não concorda e como ele se sente.

Então fazer essa própria cultural com o paciente.

Pelo que eu tô entendendo, não é essa postura né que tudo sabe, é uma postura de, na verdade tem até um termo científico para esse é humildade cultural.

É entender que eu não vou saber tudo da cultura daquela pessoa, entender que a minha cultura pode ser diferente, me esforçar para entender e mostrar para o paciente que eu quero entender, que eu tentei entender, mas que também o que ele vai trazer para mim com as minhas perguntas mais específicas vai ser muito importante.

Se eu pensando a cultura enquanto alguma coisa que prescreve para a gente o tempo inteiro o que que é certo, o que que é errado, e a gente sabe que é na ciência, não é esse o nosso lugar, não sou eu que vou dizer para o paciente o comportamento é certo ou errado.

A gente tem outros né, outras formas de olhar para a situação, mas a cultura tá o tempo inteiro me dizendo o que é certo, o que que é errado.

E aí eu acho que talvez essa seja uma dica para o profissional de saúde né, quando vem o pensamento de que isso é errado, acho que esse para mim pelo menos é onde eu né me treinei a olhar.

Quando eu penso isso é errado, quando eu tenho sentimento negativo em relação àquela pessoa, que tem alguma coisa que eu tô achando errada sobre o que ela me conta, sobre o que ela tá fazendo, o que que é?

E te ouvindo né, eu acho que é exatamente isso, o terapeuta, o profissional de saúde vai saindo cada vez mais do lugar de suposto de saber.

Então quando eu não estou sendo culturalmente sensível, eu estou sendo necessariamente culturalmente insensível.

Leia esse violento culturalmente, provavelmente a gente não chega sabendo tudo como você também falou no início, tá?

Mas eu vou chegar, vou ler tudo, vou me informar tudo e aquilo que eu vou usar não é bem assim.

Eu vou sair desse lugar de que eu sei tudo e eu sei o que eu vou passar e posso mostrar que assim como é um movimento que tá em construção com os nossos pacientes na intervenção, também na sessão é uma coisa que tá em construção também.

E acho que esse é um lugar de desconstrução aí né, que dá muito a impressão do que a gente tá largando a corda quando na verdade é o exato oposto né, a gente tá aqui no lugar de facilitação desse processo.

E acho que isso que você tá falando é muito importante porque quando a gente fala culturas diferentes, a gente pensa muito em nacionalidade né, às vezes religião, mas quando a gente pensa por exemplo em gênero como marcador cultural super importante, é a maior parte dos casais heterossexuais que a gente atende tem culturas diferentes né, culturas masculinas, femininas.

Mas enfim, que de alguma forma vão fazer com que eles precisem entender o marcador.

E acho que eu fico pensando né, o profissional de saúde, coitado profissional de saúde, hoje tem alguns cuidados né com as palavras.

Eu posso falar agora tudo mulher, agora essa pessoa é todas, todas né.

Às vezes assim, tô aqui refletindo né as coisas que eu ouço daqui, as pessoas ai meu Deus agora a pessoa não posso mais dizer que é homem, que é mulher, as pessoas têm, e tô aqui de uma forma empática falando da dificuldade do profissional de saúde, que é disso que estamos falando, estamos falando de profissional de saúde, profissional de saúde né.

Então assim, é muito difícil isso que a gente está dizendo aqui, parece simples, parece óbvio que eu preciso entender que aquela pessoa é mulher, logo ela é marcada pelo gênero, mas como a gente vem numa lógica cultural que é naturalizante, que é universalizante, que parece que tudo é simples e que na verdade quando a gente fala de cultura é a gente que tá complicando, a gente que tá vindo de mimimi, a gente que tá vindo de trazer complicações que antes não existiam né, falando a voz do povo, dos grupos de WhatsApp de profissionais de saúde.

E na verdade o que acontece é que a gente quando desconsidera a cultura, quando a gente desconsidera né tudo isso, a gente desconsidera um indivíduo que está na nossa frente e aí a gente faz uma intervenção que é ineficaz para ele com certeza.

Tô aqui tentando trazer os nossos colegas que droga, eu agora vou ter que cuidar das palavras que eu falo, vou ter que olhar para essas coisas culturais, você gosta de mimimi, essas coisas todas.

É porque sabe aquelas intervenções que não emplacavam, sabe aquele paciente que não aderia, sabe aquela história que você não sabe por que que o seu paciente não melhorava, porque a ciência mostra que muitas vezes tem a ver com isso.

Eu posso trabalhar com alguém que pensa contra, contra o contrário de mim, não é um problema isso que eu quero dizer.

E esse é um ponto fundamental né que você tá colocando, porque assim, não adianta muito a gente achar que tudo bem né, eu ficar nessa lógica colonizadora do pensamento do outro, não vai, não vai emplacar, a pessoa vai embora né, ou não vai dar certo a intervenção ou enfim, ou a gente mesmo vai precisar encaminhar.

Do dia desse lá no time tss estava lá, eu quero um homem gay, aí daqui a pouco eu quero um homem gay que seja ruivo, que isso, ou seja, como se só aquele indivíduo específico pudesse enfatizar comigo.

E quando a gente pensa em uma abordagem culturalmente sensível, a gente entende que isso é técnico né, o nosso treinamento é que precisa mudar para que a gente consiga vincular com o paciente que você coloca a nossa frente.

E ele talvez esteja procurando essa pessoa tão específica porque provavelmente ele passou por outras pessoas, talvez não terapeutas, mas que não conseguiram de certa forma entender.

E aí ele pensa, bom, se eu sou gay, eu falar com uma pessoa gay, ela vai me entender.

O que que esse me entender?

Ela vai ter uma noção, uma ideia da Cultura LGBT que eu vivo e isso faz com que ele se sinta confortável e vai continuar na sessão.

Eu posso ter isso se eu me preparar e me treinar, eu posso receber pessoas de culturas diferentes e mesmo assim fazer com que ela se sintam bem confortáveis na sessão.

Muito obrigado.

Eu que agradeço, agradeço a todos que estão acompanhando e a você Aline pela oportunidade de falar sobre isso.",,imported
4f23f7773582bf66,COMO PLANEJAR A SUA CARREIRA NA ÁREA DE SEXUALIDADE  ALINE SARDINHA,file:///Users/paulorezende/Documents/Personal_AI_powerhouse updated/personal-ai-space/knowledge/articles/COMO PLANEJAR A SUA CARREIRA NA ÁREA DE SEXUALIDADE  ALINE SARDINHA.md,,,,2026-06-12T06:19:56.482177+00:00,"article, business-model, career-planning, clinical-practice, cognitive-sexual-therapy, expert-aline-sardinha, knowledge, market-analysis, patient-care, psychotherapy, training, video-transcript",COMO PLANEJAR A SUA CARREIRA NA ÁREA DE SEXUALIDADE  ALINE SARDINHA,"# COMO PLANEJAR A SUA CARREIRA NA ÁREA DE SEXUALIDADE | ALINE SARDINHA

**Video ID:** 0-UVu3Obx4M

**URL:** https://www.youtube.com/watch?v=0-UVu3Obx4M

## Transcript

Gente vou contar um segredo para vocês. Não é só do Instagram que o mundo vive, tá? Existia mundo antes do Instagram, é bem legal, mas enfim. Existe vida fora do Instagram, tá bom? Então você não sabe gravar vídeos, a gente vai ter que achar um jeitinho que funciona para você.

Boa noite! Começando hoje mais uma edição do café com tcs. Toda quinta-feira às 7:30 da noite estamos aqui. Fiquei pensando, né, que acho que a gente precisa falar mais disso.

Então assim, tá, sexualidade é um supermercado. A gente sabe que é, né? Se você rolar seu feed aí, você vai ver que suas fala nisso. Enfim, é um mercado absurdo e a gente sabe que tem muitas maneiras da gente atuar na área da sexualidade. Mas ainda tem muitos profissionais perdidos, ainda tem muita gente boa.

Assim, tem mais de 900 pessoas que já passaram pelo time tss e alguns deles, pessoas que eu sei que são boas, pessoas que eu conheço trabalho, pessoas que vêm nas aulas, enfim, já vi discutindo caso, sei da qualidade da formação que eu entrego para eles. E aí as pessoas chegam e dizem: ai, mas eu não sei, ai, mas eu tô com dificuldade de arrumar paciente, ai, mas eu tenho dificuldade de me divulgar as redes sociais.

Mas a ideia é a gente conseguir ajudar você aí do ponto onde você tá por conta, onde você quer estar. E que que a gente vai fazer, né? Qual é que habilidade é essa de fazer esse plano, de revisitar esse plano, de ter esse plano como um guia, né? Aprender a planejar sempre sistematicamente. E é essa mentalidade que eu quero que a gente possa desenvolver.

Essa mentalidade que vai fazer com que a gente possa entregar para o mundo profissionais não só super bem qualificados, que tem sido a minha missão aí nos últimos vários anos, qualificar profissionais, a qualificar mais de 900 profissionais online, vários outros presencialmente. Mas não é só isso. Não basta você ser bom, você tem que conseguir chegar até o paciente. Paciente precisa conseguir chegar até você.

Você tem que conseguir pensar como é que você entrega para o mundo que demanda loucamente. Gente, a internet faz sexualidade, ações de prevenção e sexualidade. Como é que a gente entrega todo esse conhecimento que vocês vão acumulando para o mundo, né? Psicoterapia, um jeito de fazer isso, com certeza, é consulta, enfermagem, você abordar isso na sua consulta sendo médico, maravilhoso, sendo fisioterapeuta, coisa ótima, mas não é o único jeito, tá longe de ser único jeito.

Eu sei que esse foi o único jeito que você aprendeu, mas a minha experiência no time tss vem me mostrando muita pluralidade de boas ideias, de boas soluções e coisas que a gente pode aprender a olhar e adaptar, olhar e pensar como é que isso casa aqui no meu contexto, como é que vai dar certo para mim.

Então é sobre isso que a gente vai falar. É esse raciocínio que eu quero desenvolver em vocês, que vai ajudar vocês a planejar quais são os próximos passos da carreira de vocês, aonde vocês querem chegar, né? Como é que a gente faz para chegar lá? Como é que eu não me perco fazendo um monte de curso, né?

Porque o que mais deve aparecer no filho de vocês é curso, cuscus, cuscuz, aprenda, aprenda, aprenda, aprenda. Tá, aprendi, legal. Tem um monte de gente que eu conheço cheio de conhecimento que assim, não tem nenhum espaço para botar tanto título, tanto diploma. Mas e aí? E aí, passei, a gente fica com você até o final do tratamento, ele abandona.

Se você tá tendo estilo de vida que você quer, você tá tendo a carreira que você quer, você tá sendo reconhecido como você merece, é disso que a gente tem que falar. A gente precisa ser estratégico, não só planejando a nossa carreira, planejando, organizando o nosso consultório, vendo onde é que a gente vai botar energia, tempo, dinheiro, mas também potencializando os nossos resultados.

A gente tem os nossos sonhos, mas a gente precisa transformar isso em metas, tá? Metas que façam sentido. Só que aí eu acho que entra um outro ponto também. O povo faz a meta lá, faz às vezes a meta, faz uma vez: ah, eu quero, enfim, daqui a tantos anos está ganhando tanto, ter filho, enfim, tá trabalhando com sexualidade, tem minha própria clínica, atender em consultório, viver de consultório.

O meu entendimento: plano de carreira precisa servir ao seu plano de vida e não ao contrário. O mercado e sexualidade tem absurda demanda, galera. Gente, pensa só, tem sexualidade, as pessoas precisam de orientação, intervenção e sexualidade em todas as etapas da vida, às vezes, muitas vezes, por motivos diferentes.

Em qualquer etapa da vida de qualquer pessoa que você fizer uma intervenção e sexualidade, ela provavelmente vai ser bem-vinda se você fizer ela de forma adequada. O mercado já entendeu isso, tá pipocando o curso de sexualidade, virem sexual logo em três dias, em 5 dias, enfim, sem nunca ter tido formação. Existe isso, tá pipocando de sexólogo por aí, né? Mas tá faltando gente de confiança para eu encaminhar.

O paciente chega para mim hoje em dia, graças a Deus, eu tenho meu time tcs maravilhoso, meu mapa da tcs que eu amo. Então você olha assim, aí você fala assim: Fulano super Love vai te ensinar a conquistar todas as gatinhas, eu não sabia como chegar na mulher, é ou não é de uma forma adequada? É isso que você tem que ler e não: Ai meu Deus, eu vou perder todos os meus passos para os coachs. Não, até porque no fundo chega lá no super Love ver se o cara vai resolver o fato de um problema. De fato, não vai, né?

Então a gente que, enfim, tem uma formação mais sólida, é quem vai fazer a diferença. Só que o paciente não vai chegar em você de cara. E esse é o meu ponto aqui. Porque que o paciente não vai chegar em você, né? Porque que você não é a pessoa de referência na tua cidade? Como que você pode chegar e se posicionar de forma séria para obter este reconhecimento, esse retorno das pessoas, né?

Então é isso que a gente precisa aprender a mapear o que tem ali. Então assim, onde eu tô, onde eu quero chegar, como é que eu, que que tem aqui em volta, quais são as possibilidades. Então de novo, gravar vídeos no Instagram, uma possibilidade. Mas será que não tem nada que em volta que eu possa fazer se eu não gosto de gravar vídeo no Instagram?

Eu, por exemplo, acostumei, né, mas eu preciso saber quem eu sou na fila do pão, aonde que eu quero tá na fila do pão daqui a cinco anos, daqui a um ano, qual é o investimento que eu preciso fazer, qual investimento que é possível para mim fazer. Acho que a gente precisa também ser realista no que que a gente se propõe a fazer para que a gente possa entregar o nosso melhor, para que a gente possa ter a nossa marca ali nos resultados que a gente entrega para os nossos pacientes, os resultados que eles saem por ali contando da gente, né, nos resultados que eu posso demonstrar que eu tive.

Porque não tem nada mais maravilhoso que o paciente que te indicar outro paciente. Como é que eu faço, quais são os caminhos que são possíveis para mim aqui nesse momento, onde eu tô no meu contexto de vida, com a rede que eu tenho. Mas aí o que que eu preciso fazer? Que quando a gente não tem plano, sabe o que que acontece? A gente vai muitas vezes surfando a onda ou a gente vai pegando o que aparece e aí quando você olha você tá vivendo uma vida que não é, que não atende as suas demandas, que atende a demanda que apareceu.

A gente vai precisar entender aonde você tá, quem é você, o que que tem em volta, olhar as oportunidades do mercado, como eu tô dando exemplos aqui, como as pessoas estão dando exemplos no chat, mas olhar oportunidade do mercado com estratégia, entender a oportunidade por trás de alguma coisa que aparece.

Você precisa saber qual é a sua meta para entender qual é o caminho que você precisa fazer para chegar lá. É o mesmo caminho para todo mundo? Porque aí começa a rolar do pessoal vender o mesmo caminho para todo mundo. Esse exercício constante de planejar a sua vida e a sua carreira com um meio de vida, com mais uma das coisas que você faz, do jeito como eu vejo as coisas.

Eu acho que a gente precisa organizar nossa vida em torno do trabalho, né? Eu sobrevivo, eu trabalho, e aí eu sobrevivo em volta. Eu acho que a gente precisa viver e aí faz o trabalho acontecer, né, como um meio de permitir que o meu plano de vida aconteça. Pelo menos essa forma como eu sempre organizei, mas o trabalho precisa ser uma coisa que atenda os seus objetivos ali em si, né, que eu me realize, dinheiro, enfim.

Senão vocês vão procurando coisas e aí depois vai lá e faz a pós e assim, não é focado na prática. Não pode nunca focado na prática, pode acadêmico, mas você não sabia disso. Então assim, quando você resolveu botar tempo, dinheiro em dois anos de uma pós, então assim, não tô dizendo que pode não é legal, tá gente, tô dizendo que vocês não planejam. E aí vocês vão perdendo tempo e dinheiro e vocês não tem tempo e dinheiro para gastar, é ou não é? Quem aqui tem tempo dinheiro para gastar? A gente não tem.

Então qual é o caminho mais curto? Qual é o caminho mais eficiente? Não é isso que a gente pensa na terapia ou deveria estar pensando? Como que eu resolvo a vida dessa pessoa da melhor maneira possível, do jeito mais rápido possível? Porque que vocês não estão fazendo isso para carreira de vocês?

A gente precisa, na verdade, destravar isso na gente, porque não tem assim, eu não preciso fazer um ambiente marketing, não precisa virar um empresário, alguém da área de Business. Eu só preciso destravar, né, essas crenças que botaram na minha cabeça ou essa relação com a minha carreira que não é uma relação de alguma coisa que me serve, é uma relação de estar ali tipo o plantonista, eu vou atender a demanda que aparecer.

No plano, no plantão faz todo sentido, no seu consultório não, até porque você provavelmente não é o especialista em todas as coisas que aparecem, né? Então a gente precisa ter plano. A gente precisa ter uma mentalidade. E aí eu vou atrás da ferramenta, ferramenta a gente vai achar, mas primeiro eu preciso saber onde eu quero chegar para aí então descobrir qual é a ferramenta que me falta para então eu poder descobrir qual é a melhor ferramenta disponível no mercado, se é um curso, se é uma terapia, se é enfim, eu fazer alguma coisa diferente, se aí eu vender um serviço diferente do que eu vendo hoje, enfim, não sei, a gente vai ter que descobrir isso juntos para cada um de vocês.

Enfim, dia 5 de agosto, sábado, meu último final de semana no Rio, eu vou dedicar um dia inteiro, sábado inteiro a estar com vocês para a gente pensar a carreira de vocês na área da sexualidade, a gente fazer um plano, a gente ajudar vocês a raciocinarem sobre plano de carreira, a gente pensar juntos esse oceano azul de possibilidades que a gente tem na área da sexualidade inexplorado.

Fica todo mundo fazendo a mesma coisa, concorrendo, todo mundo faz psicoterapia, faz uma coisa diferente, minha gente. Toda quinta-feira a gente tá aqui com café acontece 7:30 da noite. Na semana que vem a gente vai ter uma pessoa do meu time itcs que vem falar aqui para vocês de uma outra área que é uma oportunidade que vocês não estão vendo, que ó, chove e demanda.

Tamo junto, combinado? Um beijo para vocês, bom final de semana e a gente se vê no dia cinco.",,imported
47d5db41029850d5,DOI: 10.1590/1413-81232015212.11112015,file:///Users/paulorezende/Documents/Personal_AI_powerhouse updated/personal-ai-space/knowledge/articles/Classes sexólogos Portugal.md,,"fim, discute-se a pertinência social, real e simbólica da emergência da profissão de sexólogo em Portugal e algumas implicações que decorrem desta evolução profissional para o papel da sexologia enquanto ciência e profissão.",,2026-06-12T06:19:56.492820+00:00,"article, conteúdo-principal, introdução, knowledge, pontos-chave",DOI: 10.1590/1413-81232015212.11112015,"# DOI: 10.1590/1413-81232015212.11112015

---
type: academic-paper
date: 2025
status: processed
---

## 📋 Sumário

- [Introdução](#introdução)
- [Conteúdo Principal](#conteúdo-principal)
- [Pontos-chave](#pontos-chave)

## Introdução

Este documento contém informações sobre **doi: 10.1590/1413-81232015212.11112015**.

## Conteúdo Principal

## Doi: 10.1590/1413-81232015212.11112015

The construction of sexology as a profession in Portugal: composition professional group and types of sexologists

Violeta Alarcão 1

Fernando Luís Machado 2

Alain Giami 3

1 Instituto de Medicina Preventiva e Saúde Pública, Faculdade de Medicina, Universidade de Lisboa.

Av. Professor Egas Moniz, s/n.

1649-028 Lisboa Estremadura Portugal.

violeta.alarcao@gmail.com

2 Centro de Investigação e Estudos de Sociologia, Instituto Universitário de Lisboa.

Lisboa Portugal.

3 Institut de la Santé et de la Recherche Médicale.

Paris França.

Abstract This study sets out to discuss the emergence of the profession of sexologist in Portugal, comparing its development with international trends.

This research also seeks to understand the self-identification of sexologists and the significances they attribute to it.

The empirical information presented derives from a survey conducted with 91 Portuguese sexologists identified through the leading professional associations and from 44 in-depth interviews with experts selected by intentional sampling to ensure the diversity of Portuguese sexologists.

The results of the survey indicate that the Portuguese sexologist is on average 43 years old, mainly female, non-physician, and has training in sexology.

Considering the qualifications of the interviewees, their professional trajectories and the activities they develop in the field, and the discourses related to their ideals of the profession, a typology was found with five types: sexologists by vocation, sexologist by clinical practice, sexologists by certification, social scientist-sexologists and sexologists by media coverage.

The survey identified an interesting diversity of practices and professional conceptions in the field of sexology in Portugal.

Being a sexologist appears to be more associated with the ideals of the profession than the time devoted to same.

Key words Sexology, Sexologist, Professions, Portugal

Resumo Este estudo visa discutir a emergência da profissão de sexólogo em Portugal, comparando a sua evolução com as tendências internacionais.

Procura igualmente compreender as autoidentificações profissionais dos sexólogos e os sentidos que eles lhes atribuem.

A informação empírica apresentada resulta de um inquérito por questionário a 91 sexólogos identificados através das principais associações profissionais e de 44 entrevistas aprofundadas junto de peritos selecionados através de uma amostragem intencional para assegurar a diversidade dos sexólogos portugueses.

Os resultados do inquérito indicam que em média o sexólogo português tem 43 anos, é maioritariamente do sexo feminino, não médico, e tem formação em sexologia.

Considerando as habilitações, os percursos profissionais e as atividades desenvolvidas no campo, e os discursos dos entrevistados relativos aos seus ideais de profissão, obtivemos uma tipologia com cinco categorias: sexólogos por vocação, sexólogos pela prática clínica, sexólogos por certificação, sexólogos-cientistas sociais e sexólogos por mediatização.

A pesquisa identificou uma interessante diversidade de práticas e conceções profissionais no campo da sexologia portuguesa.

Ser sexólogo parece estar mais ligado aos ideais sobre a profissão do que ao tempo dedicado à mesma.

Palavras-chave Sexologia, Sexólogo, Profissões, Portugal

temas livres free themes

A construção da sexologia como profissão em Portugal: composição de um grupo profissional e tipos de sexólogos

Introdução

A sexologia emergiu na segunda metade do século XIX e constituiu-se como uma scientia sexualis pluridisciplinar, englobando várias áreas do saber, médicas e não médicas, bem como um leque variado de práticas terapêuticas, de formação, e de intervenção1.

A constituição da sexologia enquanto área do saber tem sido estudada com um enfoque histórico e sociológico desde a obra pioneira de Foucault2, passando pelos trabalhos de Béjin3,4, Irvine5 e Weeks6, aos balanços mais atuais de Giami1 e Russo7.

Também a sexologia enquanto profissão tem sido objeto de pesquisas, nomeadamente, na Europa8,9, no Canada10 e na América Latina11.

Nalguns países, alguns dos mais influentes sexólogos têm igualmente procurado reconstituir a história da sexologia12-15.

Este artigo pioneiro quanto ao estudo de um grupo profissional visa a elaborar uma sociografia dos sexólogos em Portugal e compreender as autoidentificações destes com a sexologia a partir de uma estratégia metodológica mista, que articula dados resultantes de um inquérito com esses profissionais em Portugal e material recolhido através de entrevistas aprofundadas.

Adicionalmente, procura discutir a emergência da profissão de sexólogo em Portugal, comparando a sua evolução com as tendências internacionais.

Primeiramente é feita uma introdução ao surgimento da sexologia portuguesa, com um enfoque nos fatores de natureza social, cultural e institucional que têm impulsionado a sua profissionalização.

De seguida, são detalhados os procedimentos metodológicos que orientaram a realização de uma sociografia da sexologia em Portugal e possibilitaram a análise dos diferentes modos de identificação desta no país, produzindo conhecimento sobre a diversidade dos sentidos atribuídos à identidade de sexólogo.

Numa terceira parte, é apresentada a informação empírica resultante do inquérito por questionário a 91 sexólogos portugueses e das 44 entrevistas semidiretivas junto de atores-chave da sexologia.

Por fim, discute-se a pertinência social, real e simbólica da emergência da profissão de sexólogo em Portugal e algumas implicações que decorrem desta evolução profissional para o papel da sexologia enquanto ciência e profissão.

A sexologia enquanto profissão em Portugal

Em Portugal, foi a partir dos anos 70 que a queda do regime da ditadura e a construção de um regime democrático com novas condições económicas, políticas e sociais possibilitaram o crescimento das profissões16.

Mas foi só a partir da década de noventa que vários grupos profissionais passaram a ser alvo de estudos sociológicos17,18.

Os membros das diferentes profissões apresentam características e especificidades múltiplas, histórica e geograficamente variáveis, ocupam posições hierárquicas diversas, e obtêm níveis diferenciados de prestígio, poder, competência e autoridade19.

Essa heterogeneidade tem estado presente desde a origem da sexologia portuguesa.

Não existe um caminho claro e definido para se tornar um sexólogo em Portugal.

Não existe tampouco um consenso quanto à definição de um sexólogo, ou uma enunciação das suas competências e uma descrição exata das suas tarefas.

Esta situação é semelhante a de outros países europeus8.

Os trabalhos do médico neurologista Egas Moniz, com uma tese de doutoramento, em 1901, intitulada ""A Vida Sexual – Fisiologia"", seguida em 1902 de ""A Vida Sexual – Patologia"", fazem com que possa ser considerado o precursor português da sexologia20.

Neste seu trabalho antecipador, e no enquadramento da racionalidade biológico/científica da época, designada por Béjin3 de ""protossexologia"", em que o discurso médico se contrapunha ao legal ou religioso, a sexualidade passou do domínio das perversões morais para o das disfunções sexuais.

Porém, somente no final dos anos sessenta, e especialmente após a revolução de abril de 1974, com a restauração da democracia, é que se pode falar da emergência da sexologia em Portugal, com o surgimento das consultas nos hospitais públicos de Coimbra, Lisboa e Porto.

Este aspeto é comparável à realidade da América Latina, onde o processo de constituição da sexologia na Argentina, Brasil e Chile foi também marcado pela ascensão e queda dos respetivos regimes militares ditatoriais11.

Em Portugal, a terapia sexual foi desenvolvida por um grupo pioneiro de psiquiatras, Afonso de Albuquerque, Allen Gomes, Pacheco Palha e Silveira Nunes, com percursos pessoais e profissionais semelhantes, e interessados em implementar no país o trabalho desenvolvido nos Estados Unidos da América por Masters e Johnson21.

A Sociedade Portuguesa de Andrologia (SPA) foi fundada em 1979, com um enfoque exclusivamente na saúde sexual masculina e na infertilidade, mas constituída com 29 médicos de várias especialidades22.

O incremento e o interesse pela andrologia nos últimos anos conduziram progressivamente à admissão de novos membros, especialmente da área da urologia.

Métodos

Para dar resposta aos objetivos de elaboração de uma sociografia dos sexólogos em Portugal e de compreensão das autoidentificações destes com a sexologia foi delineada uma estratégia metodológica mista.

A informação apresentada resulta de material recolhido através de entrevistas semidiretivas com atores-chave da sexologia em Portugal e dos dados resultantes de um inquérito por questionário enviado por correio a todos os profissionais da sexologia identificados.

A pesquisa seguiu a metodologia do estudo Euro-Sexo, o primeiro mapeamento dos profissionais de sexologia realizado em França9, e duplicado posteriormente em seis países europeus.

A versão original em francês do questionário contemplava 85 perguntas organizadas nas seguintes seções: 1) Formação profissional inicial; 2) Formação em sexologia; 3) Prática profissional; 4) Prática clínica em sexologia; 5) Relação com os clientes; 6) Opiniões sobre sexologia; 7) Outras atividades no campo da sexologia; e 8) Informações sociodemográficas.

Foi traduzido para o português, comparado com a versão brasileira traduzida pelo Centro Latino-Americano em Sexualidade e Direitos Humanos11 e adaptado ao contexto português.

O presente artigo tem como foco a realização de uma sociografia da sexologia em Portugal, resultante da necessidade de saber quem são os protagonistas deste campo em termos de perfil social e profissional.

Representa também uma primeira tentativa de mapear as diferenças em termos de género e categoria profissional (categorias médicas vs. não médicas) e de as relacionar com as posições ocupadas no campo.

A ""base de dados de sexólogos"" foi obtida a partir de listas públicas e das fornecidas pelas principais associações profissionais: a SPSC forneceu as listas de todos os membros associados, dos detentores do título de Terapeuta Sexual, e dos antigos alunos do Curso de Pós-Graduação em Sexologia Clínica; a SPA forneceu a lista dos seus associados; e a APF disponibilizou a lista dos profissionais dos seus projetos a nível nacional.

A juntar a essa informação foi obtida a lista de atuais e antigos alunos do Mestrado Transdisciplinar de Sexologia da Universidade Lusófona e realizada pesquisa no anuário telefónico das páginas amarelas com as entidades ""sexólogo"" e ""terapeuta sexual"".

A ""base de dados de sexólogos"" engloba, por isso, tanto as pessoas que fazem parte de associações e se beneficiam de um reconhecimento da sua atividade profissional, como os indivíduos que se apresentam publicamente como ""sexólogos"", independentemente das suas qualificações académicas ou reconhecimento profissional.

Um total de 490 indivíduos foi identificado como potenciais sexólogos.

Após o primeiro contato, 28 foram excluídos: 23 por estarem incontatáveis, 4 por se terem considerado não elegíveis e 1 por ter falecido.

O inquérito por questionário realizou-se entre agosto de 2012 a janeiro de 2013.

O número total de indivíduos que devolveram o questionário preenchido foi 91 (20% de todos os participantes elegíveis).

As taxas de participação variaram por afiliação: de 12% da SPA (20 de 164) para 90% da APF (19 de 21) e 30% da SPSC (25 de 84); e género: as mulheres (58 de 221, 26%) foram mais participativas do que os homens (33 de 241, 14%).

Para compreender e interpretar os diferentes modos de identificação da sexologia em Portugal, produzindo conhecimento sobre a diversidade dos sentidos atribuídos à identidade de sexólogo, realizou-se um estudo qualitativo baseado na coleta de dados através de entrevistas semidiretivas a atores-chave da sexologia.

A seleção dos participantes seguiu uma estratégia de amostragem intencional para garantir a constituição de um grupo socialmente significativo e heterogéneo quanto às variáveis-chave na estruturação do campo e às tensões que atravessam a rede de profissionais, nomeadamente as relações de género e as de poder entre médicos e não médicos.

Primeiramente, foi feito um levantamento de sítios institucionais ou pessoais na Internet usando o motor de busca Google, que resultou num conjunto heterogéneo de atores, formado por sociedades científicas, Organizações Não Governamentais (ONG), clínicas, núcleos em universidades, e profissionais ligados à sexologia, através do qual foi possível identificar os atores principais do campo.

Os critérios de seleção incluíram: (a) ser membro-fundador, ex-presidente, ou participante ativo de uma instituição relacionada com a sexologia; (b) ser um especialista da sexualidade com um papel no campo da sexologia; (c) ser considerado pelos atores-chave um ator relevante no campo da sexologia; e (d) aceitar e estar disponível para ser entrevistado.

Os cientistas sociais foram incluídos para ampliar nossa visão sobre o papel profissional da sexologia e selecionados a partir de investigadores da sexualidade com interações com reconhecidos sexólogos.

A partir de uma lista final de 55 profissionais, obtiveram-se 44 entrevistas: 22 médicos, 13 psicólogos e 9 cientistas sociais.

As entrevistas realizaram-se entre novembro de 2011 e abril de 2012, tiveram entre 45 minutos e 2 horas de duração, e foram gravadas com o consentimento dos participantes.

A análise das entrevistas seguiu a perspetiva da sociologia das profissões, procurando identificar e interpretar a diversidade de níveis de prestígio, poder, competência e autoridade na profissão de sexólogo19.

Considerando as diferentes habilitações de base e as competências adquiridas pelos entrevistados, a sua antiguidade no campo e os seus múltiplos percursos profissionais e atividades desenvolvidas no campo, e também os discursos relativos aos seus ideais de profissão, foi construída uma tipologia de sexólogos portugueses.

Os ideais-tipos devem ser encarados enquanto construções teóricas e metodológicas que acentuam determinados traços típicos para efeitos de interpretação, e constituem uma aproximação à diversidade dos sexólogos a partir dos casos analisados.

Apesar dos sexólogos entrevistados poderem partilhar características de mais de um tipo, manteve-se, para fins heurísticos, a alocação num único ideal-tipo.

Os 91 sexólogos que responderam ao inquérito por questionário tinham uma idade média de 43,07 anos (± 12.82): 44,4% (40) tinham 25-39 anos de idade, 33,0% (30) estavam na faixa etária dos 40-54 anos, e 19,0% (21) tinham 55 e mais anos.

Enquanto a grande maioria dos membros do grupo mais velho é constituída por médicos (16, 84,2%), a do grupo mais jovem é formada por não médicos (36, 90%).

O número de homens é maior nos grupos etários mais velhos e menor nos mais jovens.

Do ponto de vista geográfico, as zonas de maior índice de urbanização (Lisboa, Região Norte) concentram a maioria dos sexólogos.

Embora sejam maioritários no grupo mais velho, os indivíduos com a profissão de médico são minoritários no conjunto da amostra (38,5%), sendo que a maioria destes médicos são homens (24, 26,4%; p < 0,001).

Pelo contrário, as mulheres são maioritárias entre os sexólogos com outras profissões (47, 51,6%), constituindo as psicólogas o maior grupo (37, 40,7%).

A distribuição dos sexólogos de acordo com o género e profissão encontra-se resumida na Tabela 1.

Médicos

Urologistas

Ginecologistas

Psiquiatras

Endocrinologistas

Outros

Outras profissões

Psicólogo

Enfermeiro

Outras

Total

### Total (N = 91) (N, %)

4 (4,5)

4 (4,5)

0

0

0

0

36 (40,4)

29 (32,6)

4 (4,5)

3 (3,4)

40 (44,9)

14 (15,7)

5 (5,6)

4 (4,5)

1 (1,1)

1 (1,1)

3 (3,4)

16 (18,0)

10 (11,2)

2 (2,2)

5 (5,6)

30 (33,7)

16 (18,0)

6 (6,7)

2 (2,2)

4 (4,5)

3 (3,4)

1 (1,1)

3 (3,4)

2 (2,2)

0

1 (1,1)

19 (21,3)

24 (26,4)

14 (15,4)

2 (2,2)

2 (2,2)

4 (4,4)

2 (2,2)

9 (9,9)

3 (3,3)

3 (3,3)

3 (3,3)

33 (36,3)

11 (12,1)

1 (1,1)

5 (5,5)

3 (3,3)

0 (0,0)

2 (2,2)

47 (51,6)

37 (40,7)

4 (4,4)

6 (6,5)

58 (63,7)

35 (38,5)

15 (16,5)

7 (7,7)

5 (5,5)

4 (4,4)

4 (4,4)

56 (61,5)

40 (44,0)

7 (7,7)

9 (9,9)

91 (100)

Valores p < 0,05 a negrito.

Em termos de formação académica, cerca de 14% (13) dos participantes eram doutorados; 17% (15) tinham um mestrado; 6% (5) uma pós-graduação; 63% (57) uma licenciatura; e 1% (1) um bacharelato.

Se a maioria dos inquiridos referiram ter alguma formação específica em sexologia ou sexualidade humana (68, 74,7%), quase todos dizem também que se beneficiariam em aprofundar os conhecimentos em sexologia (88, 96,7%).

Mais de metade dos sexólogos inquiridos tinha uma pós-graduação em sexologia (54, 59,3%), sendo as mulheres (39, 67.2%) e o grupo de não médicos (36, 64,3%) os que mais reportaram essa formação.

A larga maioria dos inquiridos exerce algum tipo de prática clínica (66, 72,5%), bem como atividades ligadas ao ensino/formação (51, 56,0%); vários são os que desenvolvem atividades dirigidas à comunidade (41, 45,1%), e menos os que afirmaram fazer investigação (36, 39,6%).

Os sexólogos não médicos dedicam significativamente mais tempo profissional à sexologia (p = 0,006).

As mulheres também dedicam mais tempo à sexologia do que os homens, mas sem diferenças estatisticamente significativas.

Perante a pergunta sobre a sua identidade profissional, apresentada na Tabela 2, os participantes não médicos referiram significativamente mais considerar-se como educadores sexuais, enquanto os médicos, para além de indicarem as categorias de sexólogo e terapeuta sexual, indicaram outra categoria (andrologista, por exemplo).

Os homens também se consideram significativamente mais do que as mulheres como pertencendo a outra categoria e menos como educadores sexuais.

Uma tipologia da profissão de sexólogo

Dos 44 entrevistados no estudo qualitativo, 26 eram homens e 22 médicos.

Dos 22 médicos, 6 eram psiquiatras, 6 endocrinologistas, 4 urologistas, 4 ginecologistas e 2 generalistas.

No que diz respeito às atividades desenvolvidas no campo da sexologia, 33 faziam clínica, a maior parte em articulação com a investigação e o ensino ou com atividades ligadas à mídia.

Em termos da região principal para o exercício da atividade, 33 o faziam em Lisboa, 5 no Porto, 3 em Coimbra, 2 em Aveiro e 1 no Algarve.

Uma tipologia explicativa foi desenvolvida para capturar a diversidade dos sexólogos portugueses, compreender as suas autoidentificações profissionais e os sentidos que atribuem a estas.

A tipologia foi construída semi-indutivamente a partir das entrevistas, e permitiu identificar cinco categorias de sexólogos: por vocação, pela prática clínica, por certificação, como cientistas sociais e por mediatização (Tabela 3).

Enquanto os discursos baseados na ideologia da vocação centram-se na dimensão moral e na legitimação pelas características e percursos pessoais, os discursos da ideologia profissional dos sexólogos pela prática clínica centram-se na dimensão clínica e na legitimação pela capacidade de intervenção nesse nível.

Os discursos dos sexólogos por certificação são discursos da ideologia da scientia sexualis pluridisciplinar e baseiam-se

Ciência & Saúde Coletiva, 21(2):629-640, 2016

Tabela 1. Distribuição dos sexólogos segundo a idade e o género, por profissão.

Tabela 2. Atualmente, considera-se… (escolha múltipla).

Médicos Não-médicos Homens (n, %)

(n, %)

(n, %)

4 (12,1)

0 (0,0)

6 (18,2)

23 (69,7)

8 (24,2)

18 (54,5)

2 (6,1)

## Pontos-chave

- Documento acadêmico processado
- Conteúdo organizado em seções
- Formatação melhorada para leitura

---

> *Documento convertido de PDF para Markdown com estrutura organizada*",,imported
522945cce18ded22,Classes sexólogos Portugal,file:///Users/paulorezende/Documents/Personal_AI_powerhouse updated/personal-ai-space/knowledge/articles/Classes sexólogos Portugal.pdf,,,,2026-06-12T06:19:56.496188+00:00,pdf,Classes sexólogos Portugal,[PDF file — full text extraction requires OCR/PDF tooling],,imported
e32365e69a398cec,Como aplicar a Terapia Cognitiva Sexual DRA ALINE SARDINHA MELHORES MOMENTOS CAFE COM TCS,file:///Users/paulorezende/Documents/Personal_AI_powerhouse updated/personal-ai-space/knowledge/articles/Como_aplicar_a_Terapia_Cognitiva_Sexual_DRA_ALINE_SARDINHA_MELHORES_MOMENTOS_CAFE_COM_TCS.md,,quê?,,2026-06-12T06:19:56.609595+00:00,"article, expert-aline-sardinha, health, knowledge, mental-health, neuroscience, patient-care, professional, professional-development, protocols, sexual-therapy",Como aplicar a Terapia Cognitiva Sexual DRA ALINE SARDINHA MELHORES MOMENTOS CAFE COM TCS,"# Como Aplicar a Terapia Cognitiva Sexual - Dra. Aline Sardinha

## Introdução ao Modelo Biopsicossocial

A gente precisa ajudar os nossos pacientes com ferramentas efetivas de regulação das emoções.

E a minha tarefa foi só pegar as que já são efetivas e transpor pro contexto da sexualidade, porque não dá para simplesmente copiar de lá e botar no contexto da sexualidade que fique esquisito, né?

Então vou parar aqui o sexo, vou começar a fazer uma meditação.

já desde também do século passado que a sexualidade é um fenômeno que a gente vai chamar de biopsicossocial.

Biopsicossocial é uma palavra enorme, linda, né?

Todo mundo fala ela por aí.

Mas o que que isso quer dizer na prática?

Quer dizer que tem aspectos biológicos da função sexual, da resposta sexual de um corpo que tem que estar funcionando minimamente saudável, né?

As veias, os hormônios, os neurotransmissores, tudo isso tem que tá funcionando para ter função sexual.

E tem aspectos psíquicos, né, que é aí um pouco que as terapias sexuais de forma geral tentam explicar e ajudar a entender que aspectos psíquicos são esses, né, psicológicos eu prefiro, tá?

que tem a ver hoje em dia, né, em 2025, entendendo a ciência da sexualidade, tem a ver como esse indivíduo processa tudo que tá acontecendo ali, qual o significado que ele tá dando, para onde, o que que ele tá percebendo, para onde tá indo a atenção dele, o que que ele tá pensando, como é que isso tá repercutindo na emoção dele, na maneira como ele tá se sentindo, como é que isso tá repercutindo na maneira como ele tá tomando decisão do que que ele vai fazer, como é que isso tá repercutindo na maneira como ele tá se sentindo e como o corpo responde a isso.

Isso aqui é terapia cognitiva sexual, tá?

Esse parêntese.

Mas a gente tá falando de biopsicosocial.

E o social é o quê?

Essas pessoas vivem nesse mundo, né?

Essas pessoas vivem nesse mundo que fala que agora de uns anos para cá as mulheres também têm direito ao prazer, né?

Esse homem tem que satisfazer essa parceria através da penetração do pênis na vagina, porque isso é importante, principalmente paraa população evangélica.

E aí eles têm toda uma história que eles esperaram até o casamento.

Tudo isso significa muitas coisas para eles, essa primeira relação sexual ou essas primeiras relações sexuais funcionarem ou não, porque eles têm um projeto de longo prazo, porque eles têm valores associados a isso.

Então, quem são essas pessoas faz muita diferença.

Esperei a vida toda em 27 anos, comecei agora a transar e tá dando ruim, né?

É, é alguém que dentro da sociedade a gente precisa entender quem ele é, quem ela é, qual é o significado do sexo ali.

Tem o caráter deles serem evangélicos, tem.

Tem o caráter deles morarem nesse mundo que fala de desempenho, que olha o lugar da mulher num outro lugar.

tem tudo isso, tá?

Deles serem jovens, da geração que eles pertencem, da classe social que eles pertencem, da raça que eles têm, onde eles vivem, se eles moram aqui ou se eles moram no Sudão, né?

faz toda a diferença.

Tudo isso a gente sabe.

Questões relacionais entre eles, a maneira como eles estão lidando com isso, a maneira como um e outro se se coloca ali na relação sexual, quais são as possibilidades, como é que eles se estimulam questões relacionais, tudo isso é importante.

Tô dizendo novidade aqui para vocês.

Eu quero que vocês pensem algumas questões aqui básicas primeiro da proposta da terapia cognitiva sexual.

Então, a gente tem três princípios fundamentais que são completamente inovadores em relação, né?

E isso é o que diferencia a proposta da terapia cognitiva sexual.

vocês vão ver como isso muda completamente a nossa intervenção.


## Princípios Fundamentais da Terapia Cognitiva Sexual

### 1. Processamento Cognitivo e Afetivo do Estímulo Sexual

O primeiro princípio fundamental é que a gente tem que focar no processamento cognitivo e afetivo do estímulo sexual.

Então, todo mundo sabe que estímulo sexual é importante, tá lá no DSM, tem que ver se a estimulação é adequada.

Aham.

Mas mais do que o estímulo em si, o estímulo é importante, mas tem um indivíduo que processa esse estímulo, que dá significado, que sente, que gosta ou não gosta, né?

Eu posso dizer assim: ""Beijo no pescoço, ah, ótimo, tem gente que gosta, tem gente que não gosta"".

Sexo oral, ótimo, tem gente que gosta, tem gente que não gosta.

Depende do sexo oral que tá sendo feito, depende por quem tá sendo feito, depende em que momento que tá sendo feito.

Tô dizendo algum absurdo para vocês?

Não, né?

Às vezes o mesmo sexo oral que era ótimo, hoje que eu tô chateada com ele, fica péssimo.

Por quê?

Porque tem um ser humano que tá ali processando o estímulo cognitivo afetivo, cognitivamente, afetivamente, experimentando emoções que vão repercutindo na resposta sexual, que vão repercutir na percepção de prazer, que vão repercutir na tomada de decisão.

Isso é, gente, isso é o princípio básico da terapia cognitivo comportamental.

Não tô dizendo nenhuma maluquícia aqui, tá?

Eu tô, eu tô fazendo a revolução aqui que foi feita lá na saúde mental no 1970, na sexualidade.

Todo mundo sabe que isso é importante, mas como?

Então hoje assim, normalmente aqui eu não não faço aulinha com slide não, mas hoje eu vou mostrar para vocês uma coisa que acho que vai ajudar.

Tudo que tá aqui tá na ciência da sexualidade.

Se abrir lá no clubmédio vai ter artigo sobre tudo isso, tá?

Que que eu tô fazendo?

organizando aqui para vocês.

Então, a gente tem, tô pensando aqui como se fosse uma cebola, tá?

Então, diferentes camadas.

A gente tem a situação sexual.

Nessa situação sexual, é claro que as vai ter questões que estão acontecendo ali de fato da estimulação, dados conjunturais, onde é que a gente tá, quem são as pessoas, se a pessoa é atraente ou não é, se o estímulo é bom, não é, se tá acontecendo um estímulo no clitórios ou não tá, tudo isso que a gente sabe que é importante.

Tem os dados conjunturais, tem os estímulos e tem a maneira como cada um dos dois tá pensando sobre aquilo, percebendo, hum, tá bom, não tá aí, ele vai gozar, ih meu Deus, e agora?

Ai, tô qu, né?

Tá rolando isso aqui dentro da cabeça.

É a maneira como as pessoas estão se sentindo.

Se eu perguntar como é que você se sentiu nesse momento em que você tava percebendo que você ia gozar mais uma vez antes dela?

Ah, tava me sentindo mal, constrangido, com raiva, com medo, né?

Ele vai conseguir te dizer aos pouquinhos que que vocês fizeram com isso?

Comportamentos.

Como é que foi a resposta sexual?

Ah, eu e eu antes, aí ela não gozou.

Aí, né?

Então, isso aqui é o processamento na situação sexual.

Mas esse processamento ele não para por aí, não é só sobre pensamentos automáticos.

A gente sabe que tem outras camadas, que é o que eu vou chamar aqui de processamento cognitivo afetivo, que tem a ver não só com o conteúdo dos pensamentos automáticos, mas com processos cognitivos que acontecem no dia a dia, na vida real.

Isso aqui é pura ciência, neurociência, psicologia cognitiva, tá?

Então, a gente vai ter processos relacionados à atenção.

Gente, quando Master Johnson, o pessoal lá da terapia sexual do século passado falava: ""Ah, tem um papel de espectador, o indivíduo fica olhando para ele mesmo e aí ele se desconecta do estímulo sexual"".

Que que eles estão falando?

Eles estão falando sobre um processo da atenção.

Para onde tá indo a atenção do indivíduo com disfunção sexual?

No caso aqui ejaculação prematura.

Para que horas que ele vai gozar?

Claro, não tá não tá mais vendo nada na frente dele, só tá vendo isso, óbvio, né?

Então assim, tem uma uma atenção que fica completamente diferente nesse indivíduo em relação ao indivíduo que não tem esse problema.

Com certeza.

Para onde tá indo o a atenção da parceria dele?

Para se ele vai gozar ou não e não para pro estímulo no corpo dela?

Claro, né?

Isso aí também não é novidade para ninguém.

Mas além dos processos atencionais, a gente vai ter pensamentos intrusivos.

a gente vai ter processos de tomada de decisão.

O que que a gente faz com isso?

Finge orgasmo.

Eh, paro de penetrar, tiro, penso na minha avó, né?

A gente vai ter atribuição de significado.

O que que as pessoas estão achando disso?

A gente vai transar agora e aí como é que vai ser?

Será que eu vou ejacular cedo de novo?

Será que vai ficar aquele climão?

E tudo isso se ancora em questões socioculturais, né?

Então, crianças religiosas, tradições familiares, valores, significados que eu fui dando paraas minhas experiências sexuais anteriores.

Então, o que eu fui vivendo ao longo da vida, a minha questão de auto imagem corporal, questões relacionadas à maneira como eu me vejo, como eu vejo a sexualidade dos outros, da minha parceria, o que que eu entendo que é o sexo normal, enfim, podemos ficar aqui horas falando sobre isso, mas eu só queria mostrar para vocês que tem tudo isso que simplesmente era negligenciado ou tratado assim, né, assim, meio meio de qualquer jeito, porque não tem ferramenta, na terapia sexual.

E aí a terapia cognitiva sexual vem com propostas que são validadas em outros cenários, por exemplo, da saúde mental, do tratamento da das transtornos mentais, do tratamento de casal, das terapias de casal.

E a gente adapta, óbvio, pro contexto da sexualidade, porque não adianta simplesmente pegar a técnica lá e botar aqui, porque o contexto da sexualidade é outro.

### 2. Predominância das Emoções na Tomada de Decisão Sexual

Não tô falando aqui de novo nenhuma novidade.

Vocês lembram da neurociência, né?

1980 para cá já tá tá claro, documentado, já você sabe como isso acontece.

Mas a gente não toma decisão porque a gente acha que deve, né?

A gente toma decisão baseada na emoção.

A emoção é o grande gatilho da tomada de decisão.

E aí depois a gente dá a explicação lá de porque que a gente fez aquilo.

É basicamente isso.

A gente já sabe disso, né?

Então assim, ah, eu sei que que barata não é um um animal perigoso, né?

Vai dizer isso pra pessoa que tem fobia de barata.

Existe uma predominância das emoções na tomada de decisão de forma geral, né?

E existe uma predominância das emoções na tomada de decisão sexual.

A gente na terapia sexual vem muito com a lógica da psicoeducação.

Aí fica aquele terapeuta palestrinha, fica aquele terapeuta que fica ali reestruturando crenças, fica aquele terapeuta ali que tá eh tentando modificar os pensamentos automáticos, discutindo ali, né, um monte de coisas sobre o casal, sobre os traumas infantis.

Aham.

Mas como que as emoções estão se dando e como é que eu ajudo esse paciente a regular essas emoções na hora?

Porque uma coisa é eu fazer uma técnica de relaxamento ou eu pensar, fazer um role playay aqui, pensar como é que eu vou conversar com a minha parceria, com o meu chefe, com sei lá com quem.

A gente faz isso na terapia cognitiva comportamental de forma geral, né?

Eu penso em estratégias de regulação da emoção.

Na hora que tá transando, como é que eu faço estratégias de regulação da emoção?

sem me desconectar do estímulo sexual, porque senão vai ejacular, vai perder ereção, vai perder a lubrificação, vai sair do ciclo de resposta sexual.

Então, existe uma predominância das emoções, a gente sabe, é isso que tá operando ali o tempo inteiro, é isso que tá fazendo as pessoas perderem o controle da sua resposta sexual.

E muitas vezes não só elas não percebem esse movimento, como a gente não tinha ferramentas para lidar com isso, né?

Então, quando a gente faz, por exemplo, de sensibilização sistemática, foco sensorial, a gente fica tentando através do ambiente gerar, né, um ambiente que seja mais confortável para que as pessoas possam estar relaxadas, tá?

E na vida real, sexo casual, saiu com a pessoa do Tinder, como é que eu posso estar relaxada?

Ah, não, aí não dá.

Aí a gente só sabe fazer essa terapia se você viesse ficar aqui em casal, trazer sua parceria, tá?

vida real do indivíduo que não tá nesse contexto, como é que faz?

A gente precisa ajudar os nossos pacientes com ferramentas efetivas de regulação das emoções.

E a minha tarefa foi só pegar as que já são efetivas e transpor pro contexto da sexualidade, porque não dá para simplesmente copiar de lá e botar no contexto da sexualidade que fique esquisito, né?

Então vou parar aqui o sexo, vou começar a fazer uma meditação, fazer uma respiração diafragmática, vou fazer um registro de pensamentos, quem sabe, né?

Óbvio que não dá.

Então, a gente precisa pensar em formas de eh lidar com essa emoção durante a relação sexual.

Como é que a gente trabalha aspectos relacionais para que eles possam criar entre eles um ambiente que seja sim mais propício a essa regulação, essa corregulação emocional, né?

Então é isso que a gente vai fazer na prática.


### 3. Abordagem Transdisciplinar Baseada em Processos

E o terceiro ponto fundamental aqui, então a gente falou de um, processamento cognitivo afetivo do estímulo sexual, a gente falou em dois, predominância das emoções na tomada de decisão sexual e a gente falou em três, abordagem transdisciplinar baseada em processos.


## Processos da Sexualidade

A abordagem da terapia cognitiva sexual, ela é baseada nos processos.

Que que são os processos da sexualidade?

É eu entender que tem alguns elementos que vão estar envolvidos na maior parte das queixas sexuais.

Então, quando eu saio de uma lógica baseada em diagnósticos, né, ejaculação prematura, eh, transtorno do orgasmo, transtorno erétil, e eu passo para uma lógica transdiagnóstica, tô falando maluquícia aqui, uma lógica transdiagnóstica, alguém já ouviu falar numa lógica transdiagnóstica.

vai trazer o vários processos que estão implicados na maior parte das queixas sexuais e que podem ou não estar implicados naquele paciente.

Então, eu posso ter o mesmo paciente com eh ejaculação prematura que tem dificuldades ali na construção da intimidade.

Mas eu posso ter um outro paciente na com ejaculação prematura que não tem dificuldade na construção da intimidade.

Eu posso ter um paciente com ejaculação prematura que tem dificuldades de assertividade sexual, mas eu posso ter um outro paciente com ejaculação prematura que não tem dificuldade com assertividade sexual.

Então, como é que eu planejo o meu tratamento?

Porque a gente já entendeu que o tratamento é para além de ensinar esse indivíduo a controlar a ejaculação.

A gente sabe que tem várias outras coisas e a gente sabe que processos como crenças sexuais disfuncionais, alguém aqui sabe que quanto mais crenças eu tenho que são distorcidas sobre a sexualidade, maior a chance de eu chegar lá na hora e não saber o que fazer, de eu esperar uma coisa e encontrar outra e aí isso me desregular emocionalmente, né?

Crenças de alta valência emocional.

Então, crianças relacionadas a estereótipos de gênero.

Homem tem que ser assim, homem de verdade, mulher não sei que, a mulher é isso, homem aquilo, né?

Crenças relacionadas a aspectos religiosos, isso pode, não pode, é pecado, né?

Questões relacionadas ao comportamento e ao repertório sexual.

Então, questões relacionadas à intimidade, questões relacionadas à dificuldade de encontrar o prazer, de conhecer o prazer sexual ou uma questão de, né, uma um olhar muito negativo pro prazer sexual, associado a pecado, associado ao que quer que seja, questões de assertividade, dificuldade de comunicação entre o casal, estilos de vida que às vezes não ajuda, tem filho, filho que entra, invade, tem esse monte de coisa que pode acontecer, né, estimulação adequada.

Então a gente sabe, o DSM diz, a estimulação tem que ser adequada.

Aham.

O que que é a estimulação adequada?

Adequada para quem?

Adequada em que momento?

Porque às vezes a minha estimulação, né?

Então assim, adoro feijoada.

Vou comer feijoada agora de manhã, vou comer feijoada?

Feijoada todo dia, feijoada?

Não.

Então não é só sobre o estímulo, é sobre todo o contexto em que aquilo acontece, né?

questões relacionadas à autoimagem corporal, questões relacionadas à regulação das emoções, tudo isso a gente sabe que são aspectos importantes.

E aí a isso que eu tô chamando de processos da terapia cognitiva sexual, processos da sexualidade.


## Importância do Método na Terapia

A gente sabe disso, mas na prática do dia a dia, o que que vocês fazem?

Olha, interessante.

Parece ter aqui uma questão, isso é quem estuda, tá?

Parece ter aqui uma questão da regulação das emoções.

Hum.

Não, esse paciente parece ter crenças religiosas que estão atrapalhando.

Uhum.

É, esse paciente parece ter dificuldade com a comunicação sexual.

Uhum.

Como é que eu vou resolver isso?

O que que eu vou trabalhar primeiro?

O que que eu vou trabalhar depois?

Então, a gente pegar essas eh esses processos e integrar isso de uma forma que faça sentido primeiro para você tá trabalhando, né?

saber ter segurança de que você não tá ouvindo vozes da sua cabeça.

Porque o que eu vejo entre os, só um parêntese aqui, o que eu vejo entre os colegas, né, e e assim, já formei mais de 2000 profissionais, então assim, ouço há anos, as pessoas têm um um cheiro normalmente assim, né, profissional, principalmente os profissionais mais experientes, eles têm um, eles percebem que tem alguma coisa ali, então eles conseguem às vezes até nomear esses processos, tá?

Mas e aí, que que eu faço, né?

E aí muitas vezes quando a gente faz discussão de casos, principalmente quando a gente pensa nessas discussões de casos que são mais superficiais, ah, isso, isso, aquilo, outro, aquilo outro, sem técnica, sem método, fica aquele bando de ideia solta.

E aí o coitado do profissional, do terapeuta, chega sozinho no consultório.

Discutiu em grupo, mas chega sozinho no consultório para encarar aquele casal, aquele paciente.

Ele pensa: ""E aí, hoje eu faço o quê?

Aí sabe o que que ele faz?"" Ele pergunta: ""E aí, como é que foi sua semana?

Porque se eu não sei o que que eu vou fazer, eu fico meio que esperando que vem.

Não é fácil trabalhar na área da sexualidade.

Não é fácil trabalhar sem método, gente.

Imagina você for fazer, sei lá, fazer uma receita de bolo, um bolo sem receita, fazer um um, né, é difícil abessa.

E é nesse sentido que a gente propõe a terapia cognitiva sexual, porque ela traz método, porque ela traz uma proposta de ajudar vocês a desenvolver um raciocínio clínico, a ter ferramentas que vão te ajudar a tomar decisão ali no dia a dia.

Que que eu faço hoje na minha sessão?

Por que que eu tô fazendo isso, né?

Uma coisa que os meus alunos brincam muito é que eles vão para para supervisão, paraa prática supervisionada, né?

E aí o terapeuta mais iniciante chega querendo que eu resolva, né?

Que eu que acha que supervisão é eu dizer o que que ele vai fazer, que claro pode até ser, principalmente se for uma pessoa muito iniciante, né?

Enfim, claro que a gente pode ajudar, mas isso não resolve de nada, né?

Não adianta eu dar o peixe, eu preciso ensinar a pescar, né?

Aí eu fico assim, mas por que que você pensou em fazer assim?

Mas mas por que que você pensou em fazer assim?

Ficou, né?

Me fazer.

E a história é quanto mais eu vou desenvolvendo um raciocínio clínico, mais eu vou sabendo porque que eu tô fazendo o que eu tô fazendo, né?

E isso, gente, é uma sensação de segurança.

Não sei se vocês têm essa sensação na prática de vocês, no consultório, mas assim, é a pessoa dormir tranquila de que tá sabendo o que tá fazendo e que tá fazendo o que a literatura mostra que é melhor.

E é por isso que eu tô fazendo.

É como você chegar para um médico e perguntar assim: ""Por que que você prescreveu esse antibiótico?"" Ele vai dizer: ""Olha, eu prescrevi esse antibiótico porque isso, isso, isso, isso, isso"".

Então ele não, quando ele bota a cabeça dele no travesseiro, ele dorme tranquilo que ele prescreveu o melhor medicamento disponível para aquela pessoa que foi possível, enfim, né, que aquela pessoa pode tomar que faz sentido para ela.

É assim que a gente tem que fazer a nossa prática.

como é que a gente, né, comparativamente aqui, a gente vai sair de uma lógica que foi pensada muito para a disfunção, pro diagnóstico nozológico e ao invés de passar a tratar a disfunção, eu vou tratar esses processos da sexualidade que estão, obviamente contribuindo para aquilo ali que é uma disfunção.

Não tô aqui contra o DSM, contra não sou nada nada desse lugar, mas eu entendo que a gente tem sim um diagnóstico nozológico, mas que a gente precisa ter uma avaliação ideiográfica, né?

Enfim, tem muita aula sobre isso, né?

Bota lá no Google se você não sabe o que que é uma avaliação ideiográfica, que é como isso está acontecendo na vida dessa pessoa, porque é isso que vai te permitir planejar um tratamento para aquela pessoa, ao invés de ficar repetindo protocolo receita de bolo como se você fosse o chat e apt.


## Conclusão e Chamada para Especialização

Se você quiser se tornar um especialista em terapia cognitiva sexual, preste muita atenção.

As vagas da póscessem apenas em períodos específicos.

Aqui na descrição tem um link da nossa lista de espera, onde você pode se cadastrar e receber com prioridade o aviso quando as inscrições forem abertas.",,imported
f2fd357820446c69,DESAFIOS DO MERCADO DE TRABALHO EM SEXUALIDADE  ALINE SARDINHA,file:///Users/paulorezende/Documents/Personal_AI_powerhouse updated/personal-ai-space/knowledge/articles/DESAFIOS DO MERCADO DE TRABALHO EM SEXUALIDADE  ALINE SARDINHA.md,,,,2026-06-12T06:19:56.718445+00:00,"article, business-model, clinical-practice, expert-aline-sardinha, knowledge, market-analysis, mental-health, patient-care, psychotherapy, sexual-therapy, training, video-transcript",DESAFIOS DO MERCADO DE TRABALHO EM SEXUALIDADE  ALINE SARDINHA,"# DESAFIOS DO MERCADO DE TRABALHO EM SEXUALIDADE | ALINE SARDINHA

**Video ID:** 4a_Q6IU-two

**URL:** https://www.youtube.com/watch?v=4a_Q6IU-two

## Transcript

[Transcript to be extracted - please use the Docker tools to fetch transcript]

Né, então acho que um dos maiores desafios do mercado de trabalho em sexualidade é que as pessoas não têm a menor ideia do que a gente faz.

Se você tá chegando agora pela primeira vez, toda quinta-feira estamos aqui 7:30 da noite falando sobre temas que são desafiadores, que são comuns da nossa prática, mas que você raramente teve a chance de conversar na sua formação.

Pensa no mercado em que a gente pode praticamente atender todo mundo. Só repetir: é sexualidade, a gente praticamente pode atender todo mundo. Todo mundo poderia se beneficiar de algum nível de intervenção na área da sexualidade: educação sexual, se com educação, ajuste em algum momento, psicoterapia, apoio em medicina sexual, informação para prevenção de St, gestação, enfim, pode escolher. Dá para gente pegar de ponta a ponta da população. Dá para a gente trabalhar com a pessoa física, dá para a gente trabalhar com empresa, dá para a gente trabalhar com instituição, dá para a gente trabalhar no governo.

É um dos assuntos mais buscados do Google. E por que que as pessoas não parecem, porque não é aquilo é minha realidade, tá? Mas por que que as pessoas não parecem estar dispostas a pagar pelos seus conhecimentos em sexualidade?

Alguém tá dizendo aqui, a Mili tá dizendo: acredito que é uma área tabu na sociedade. É verdade que é uma área tabu, mas é uma área que todo mundo quer ajuda. Então a gente está numa área que é cheia de mitos, é cheia de questões, né, as pessoas têm, elas não sabem muito bem qual é o serviço que a gente oferece, muitas vezes isso acontece.

Então eu não acho que as pessoas não vão atrás de tratamento e sexualidade, não gente, não é à toa que viagra e similares são os medicamentos mais prescritos deste país. Tem muito interesse das pessoas no tema, mas os profissionais de saúde muitas vezes não conseguem conversar com quem tem interesse no tempo. Essa aqui é minha hipótese. Acho que a gente precisa pensar como que a gente tá conversando com a sociedade, né.

Uma das maiores dúvidas que apareceu ali na nossa, na minha caixinha de perguntas: como é que eu me divulgo? Essa pergunta. Acho que mais do que como é que eu me divulgo é o que que eu quero divulgar, o que que eu quero vender, né. O que que eu quero que as pessoas saibam sobre o meu trabalho.

Uma das maiores dúvidas que chega para mim é assim: o que que eu preciso para trabalhar com sexualidade? E por isso que eu reclamo do termo sexólogo. Quem já me ouviu aqui, eu detesto esse termo, eu não digo para ninguém que eu sou sexóloga, tá, eu só digo quando eu quero causar impacto mesmo, porque não quer dizer nada, né.

Então acho que um dos maiores desafios do mercado de trabalho em sexualidade é que as pessoas não têm a menor ideia do que a gente faz. Tem gente que de fato me manda mensagem, diz assim: Doutora, com todo respeito, é o que que vai acontecer na sessão? Eu queria entender mais do seu trabalho. E aí o que que eu ouço? Antes da pessoa comprar o seu serviço ela precisa saber o que que é. Pensa só, você compra alguma coisa que você não tem a menor ideia do que que você acha que pode ser muito perigoso, muito esquisito, muito embaraçoso? Ninguém faz isso.

Acho que é muito importante a gente saber o que que a gente acontecendo e a gente comunicar para as pessoas isso. Então acho que um dos grandes desafios do mercado de trabalho em sexualidade é o tema ser tabu, mas eu não acho que isso faz as pessoas não buscarem atendimento, muito pelo contrário, eu vejo as pessoas topando mesmo sem saber o que vai ser esperado delas lá.

Eu tenho impressão que se você disser para pessoa: agora tira a roupa aqui, agora faz isso, fazer, a pessoa vai fazer. Claro que eu não vou fazer isso, mas porque as pessoas estão muito desesperadas por ajuda. E eu não tô falando só, mas é óbvio, isso passa por explicar a sessão em terapia sexual é assim, assim, parece uma sessão de psicoterapia convencional. Entretanto, a gente vai falar de temas relacionados à sua intimidade, acho que é super importante, mas eu não tô falando só disso não, esse é o básico, tá.

Porque eu acho que as pessoas precisam saber que elas vão estar sentadas no sofá e que elas vão estar vestidas e que ninguém vai transar e que você não vai tocar o corpo delas e que nada disso. Quando alguém chega e me conta assim: olha Doutora, você acha que eu tenho micro pênis, eu posso te mandar uma foto? Eu acho que a gente tem que pensar que assim: olha, para mim fazer nessa demanda, posso te mandar uma foto do meu micropad? E aí o que que tem que responder para ele? Olha, tudo bem, eu sou, eu trabalho com sexualidade, mas eu sou psicóloga. A pessoa que você vai precisar procurar para fazer uma avaliação se você tem um micropênis é um médico urologista. Segue aqui alguns contatos de pessoas para você procurar. Não se esqueça que é muito importante você procurar ajuda, que tem várias coisas que você pode fazer. Se você precisar de ajuda para pensar sua satisfação sexual tendo o seu pênis, fique à vontade para voltar a me procurar.

Pensa aí numa pessoa que você conhece que precisa de ajuda sexualidade, um paciente, sua mãe, sei lá, qualquer pessoa. Se eu encaminhar essa pessoa hoje para psicoterapia, essa pessoa vai? Se ela não vai, por que que ela não iria? Ou seja, quais são os medos, quais são as objeções que ela teria em relação a essa proposta de procurar uma psicoterapia da sexualidade?

E aí talvez assim a pessoa entenda, porque uma coisa você diz assim: vai para terapia. Pois, mas eu não sou maluca, não preciso psicoterapia, imagina que eu vou lá conversar com aquela mulher sobre isso. Todas as objeções que a gente conhece. Você gostaria de fazer um curso online ou você gostaria de conversar com uma especialista ou um especialista sobre como você pode agradar sua mulher? Você gostaria de conversar com uma especialista que já conversou com a sua mulher sobre como você pode agradar a sua mulher e fazê-la querer transar com você mais vezes? Talvez a pessoa consiga aderir melhor a essa proposta.

Tô aqui falando, a base teórica do que eu tô falando chama entrevista motivacional. Vocês já ouviram falar, o negócio foi pensado há muitos anos atrás para pacientes que tinham questões de abuso de substância e hoje em dia já é usado para um monte de coisa, mas na verdade fala de estágio de prontidão para mudança. A maior parte das pessoas precisa muito de ajuda sexualidade, mas não está pronta para dele a um processo de psicoterapia, talvez ela esteja mais pronta para aderir a outras coisas.

Então acho que esse é um outro desafio da área da sexualidade, a gente conseguir ser objetivo em uma coisa que é absolutamente complexa e que vai necessariamente esbarrar em um monte de coisas. O que a gente consegue se manter firme no nosso objetivo sem se distrair, porque quando a gente se distrai o paciente percebe que a gente está fazendo tudo e não tá fazendo o que ele pediu, que era fazer o pênis dele subir sempre que ele quisesse, por exemplo, né.

E aí a gente tá aqui falando das questões da masculinidade, tudo importante, tô dizendo que isso não é importante, mas tô dizendo que muitas vezes o paciente não está acompanhando o teu raciocínio, ou não tá, ele tá acompanhando, mas ele não é disso que tá querendo falar, tá querendo falar de outra coisa, né.

Ou seja, como é que eu transformo complexo numa coisa simples, uma paciente que era comprar, que ele esteja disposto a comprar naquele momento, naquele estado de prontidão que ele tá. E hoje em dia na internet, gente, tem tudo, mas não é só de hoje, né, a gente sempre teve na área da sexualidade exatamente que tem muita demanda, tem muita planície, né, a quantidade de gente oferecendo cirurgia, peso para aumentar o pênis, afrodisíacos, remédios de todos os tipos, remédios off label para melhorar a libido feminina, tem de um tudo, tem um monte de gente disposta a pagar.

Então não vem me dizer que o paciente não tem dinheiro para pagar e que o paciente não tá disposto a pagar pelo teu serviço, porque ele tá disposto a pagar pelo serviço do outro que vai falar da energia, não sei que, enfim, que convence ele melhor. Então a gente precisa conseguir mostrar a que veio, mas para acertar o tom da comunicação eu preciso saber o que eu ofereço, porque não dá para eu dizer para você: Vamos acertar o tom da sua comunicação, tá, mas que que você oferece? Você me dê terapia? Não dá, porque as pessoas não sabem o que que é, ele tá querendo entender como que a vida dele vai mudar, se é rápido, se vai dar muito trabalho, se ele vai sentir muita vergonha.

Então quando alguém compra o meu curso, a pessoa sabe exatamente o que vai encontrar. Eu tô falando de tudo aqui que eu tô vendendo, eu tô falando, né, eu tô falando do evento, que que eu vou fazer, do que que eu vou falar. A pessoa que compra o meu curso sabe tudo que tem lá. A pessoa que vai me procurar para terapia, todo mundo que vai me procurar para terapia passou pelo meu Instagram antes. Acho uma grande dica aqui, né, então o Instagram de vocês é o cartão de visita. Pega aquele cartão que você mandou, rasga, o Instagram de vocês é o cartão de visita. A pessoa vai lá porque ela quer saber o que que ela vai encontrar. E aí ela precisa ter vídeos seus, fotos suas, conteúdos seus que falem do que ela vai encontrar no conteúdo, no consultório, no serviço que você oferece.

Eu preciso dizer o que eu sei fazer, que serviço que eu ofereço, para quem, quanto custa, né, e as pessoas precisam ter essa informação a priori. As pessoas assim: ah, você passa o preço pelo Instagram? Com certeza, primeira informação que eu passo: Oi, tudo bem, deixa eu te explicar como é que funciona os serviços na minha clínica, as exceções custam tanto, elas são assim, assim, porque se a pessoa olha lá, vocês vão custar tanto, pensando: Nossa, não tem o menor condição, ela nem perde o tempo dela, nem o meu.

Acho que é prática, e sexualidade abre muitos campos, porque as pessoas que têm demandas em sexualidade, primeiro que elas abrem espaço na agenda, porque o impacto é devassador na vida delas, elas não estão perdendo casamento, elas estão se sentindo muito mal, elas estão perdendo saúde mental, então elas têm, não é um paciente grave, mas o paciente que tem urgência.

Quem consegue entregar um bom serviço em sexualidade, quem consegue ser reconhecido como quem entrega um bom serviço em sexualidade. E como é que você é reconhecido? Quando o paciente entende o que você fez, sai satisfeito, sai satisfeito no tempo razoável, você não gerou grandes danos na vida dele, ele se sentiu confortável com você na sessão e ele entende como você o ajudou. Ele conta isso para o médico dele, para os amigos dele, para parceria dele, a parceria dele vai contar isso na manicure, nas amigas dela, na igreja, sua clínica, é isso.

Aquela história que eu falei: se você é única na cidade, é muito fácil você ter a química cheia e cobrar caro, né. Se você tá numa cidade maior, você vai ter que se posicionar, né. Tem mais concorrência, mas ainda assim, gente, na área da sexualidade praticamente não tem concorrência. Esquece esse papo de concorrência, a gente só precisa mostrar o que que a gente faz e mostrar direitinho, né, conversar entendendo quem é a pessoa que tá do outro lado, o que que a pessoa quer ouvir.

Não adianta você falar psicologia, não adianta você falar para adolescente, o adolescente adora você, mas a mãe dele não vai comprar seu serviço porque ela acha que você vai desencanar ele.

Toda quinta-feira estamos aqui falando de temas muito importante para sua prática, que você raramente vê na sua formação.",,imported
a10686c25fded33e,EDUR • Educação em Revista. 2023; 39:e39794,file:///Users/paulorezende/Documents/Personal_AI_powerhouse updated/personal-ai-space/knowledge/articles/EDUCAÇÃO SEXUAL - UMA ANÁLISE SOBRE LEGISLAÇÃO E DOCUMENTOS OFICIAIS BRASILEIROS EM DIFERENTES CONTEXTOS POLÍTICOS.md,,"lo tanto, para ello, los profesores y catedráticos",,2026-06-12T06:19:56.725374+00:00,"article, conteúdo-principal, introdução, knowledge, pontos-chave",EDUR • Educação em Revista. 2023; 39:e39794,"# EDUR • Educação em Revista. 2023; 39:e39794

---
type: academic-paper
date:  UMA ANÁLISE SOBRE LEGISLAÇÃO E DOCUMENTOS OFICIAIS BRASILEIROS EM DIFERENTES CONTEXTOS POLÍTICOS
status: processed
---

## 📋 Sumário

- [Introdução](#introdução)
- [Conteúdo Principal](#conteúdo-principal)
- [Pontos-chave](#pontos-chave)

## Introdução

Este documento contém informações sobre **edur • educação em revista. 2023; 39:e39794**.

## Conteúdo Principal

EDUR • Educação em Revista. 2023; 39:e39794
DOI: http://dx.doi.org/10.1590/0102-469839794
Preprint DOI: https://preprints.scielo.org/index.php/scielo/preprint/view/4001
https://creativecommons.org/licenses/by/4.0/

THIENE PELOSI CASSIAVILLANI1
ORCID: https://orcid.org/0000-0003-2352-4985
<thiene.pelosi@ufabc.edu.br>
MIRIAN PACHECO SILVA ALBRECHT2
ORCID: https://orcid.org/0000-0003-3791-7202
<mirian.pacheco@ufabc.edu.br>

Uiversidade Federal do ABC. Santo André, SP, Brasil.
Uiversidade Federal do ABC. Santo André, SP, Brasil.

RESUMO: A oferta de Educação Sexual nas escolas pode contribuir de forma significativa para a
diminuição das violências motivadas por questões relativas a gênero e sexualidade.

Essa Educação
Sexual precisa ir além das questões puramente biológicas, abordando diversas outras temáticas, como
corpo, prazer, consentimento e violência, além das questões mais óbvias de gênero, sexualidade e
diversidade.

Porém, para realizá-la, professoras, e professores, precisam ter o respaldo dos
documentos oficiais e legislação vigente.

O objetivo desta pesquisa é verificar como aparecem as
questões concernentes à Educação Sexual, gênero e sexualidade nas leis, decretos e demais
publicações norteadoras da Educação brasileira, assim como relacioná-los aos contextos sóciopolíticos em que foram publicados.

Para isso, realizamos uma pesquisa por esses documentos,
abrangendo o período de 1990 e 2018, e focamos nossa análise em vinte e oito deles.

A análise
demonstrou que, de fato, a legislação não só permite, mas determina que a Educação Sexual seja
realizada nas escolas.

No entanto, os diferentes contextos políticos possuem grande impacto na
maneira como a ela aparece nos documentos, ora de maneira explícita, ora subjetiva e diluída no
discurso da diversidade e, no momento recente, completamente silenciada.

Além disso, recorrentes
ciclos de avanços e retrocessos nos diferentes contextos políticos desde a redemocratização
culminaram em políticas de Educação Sexual cheias de lacunas e descontinuidades, sem que fosse
desenvolvida uma lei específica sobre o tema, impedindo, assim, sua consolidação dentro das escolas
brasileiras.

Palavras-chave: Educação Sexual, gênero, sexualidade, legislação.


### Educação Em Revista|Belo Horizonte|V.39|E39794|2023

SEX EDUCATION: AN ANALYSIS OF BRAZILIAN LEGISLATION AND OFFICIAL DOCUMENTS IN
DIFFERENT POLITICAL CONTEXTS
ABSTRACT: The provision of Sex Education in schools can significantly contribute to the reduction
of violences motivated by issues related to gender and sexuality.

This Sex Education needs to go
beyond purely biological issues, addressing several other themes, such as body, pleasure, consent and
violence in addition to the more obvious issues of gender, sexuality and diversity.

However, in order
to carry it out, teachers need to have the support of official documents and legislation.

This reseach
aims to verify how issues concerning Sex Education, gender and sexuality appear in laws, decrees
and other publications that guide Brazilian Education, as well as to relate them to the socio-political
contexts in which they were published.

For this, we carried out a search for these documents, covering
the period from 1990 to 2018, and we focused our analysis on twenty-eight of them.

The analysis
showed that, in fact, the legislation not only allows, but determines that Sex Education must carried
out in schools.

However, the different political contexts have a great impact on the way in which Sex
Education appears in the documents, sometimes explicitly, sometimes subjectively and diluted in the
discourse of diversity and, recently, completely silenced.

In addition, recurrent cycles of advances
and setbacks in different political contexts since redemocratization have culminated in gaps and
discontinuities in Sex Education policies, without the development of a specific law on the subject,
preventing its consolidation within Brazilian schools.

Keywords: Sex Education, gender, sexuality, legislation.

EDUCACIÓN SEXUAL: UN ANÁLISIS DE LA LEGISLACIÓN Y DE LOS DOCUMENTOS OFICIALES
BRASILEÑOS EN DIFERENTES CONTEXTOS POLÍTICOS
RESUMEN: La realización de Educación Sexual en las escuelas puede contribuir significativamente
a la reducción de la violencia motivada por cuestiones relacionadas con el género y la sexualidad.

Esta Educación Sexual necesita ir más allá de las cuestiones puramente biológicas, abordando varios
otros temas, como el cuerpo, el placer, el consentimiento y la violencia, además de las cuestiones más
obvias de género, sexualidad y diversidad.

Por lo tanto, para ello, los profesores y catedráticos
deberán sustentarse en los documentos oficiales y la legislación vigente.

El objetivo de esta
investigación es verificar cómo los temas relacionados con la Educación Sexual, el género y la
sexualidad aparecen en las leyes, decretos y otras publicaciones que orientan la Educación Brasileña,
así como también cómo se relacionan con los contextos sociopolíticos en los que fueron publicados.

Para ello, hicimos una investigación de estos documentos, cubriendo el período de 1990 a 2018, y
enfocamos nuestro análisis en veintiocho de ellos.

El análisis mostró que, en efecto, la legislación no
sólo permite, sino que determina que la Educación Sexual se realice en las escuelas.

Sin embargo, los
diferentes contextos políticos tienen un gran impacto en la forma en que la Educación Sexual aparece
en los documentos, a veces de manera explícita, a veces subjetiva y diluida en el discurso de la
diversidad y, no recientemente, completamente silenciada.

Además, ciclos recurrentes de avances y
retrocesos en diferentes contextos políticos desde la redemocratización culminaron en políticas de
Educación Sexual con lagunas y discontinuidades, aunque se elaboró una ley específica sobre el tema,
impidiendo su consolidación en las escuelas brasileñas.

Palabras clave: Educación Sexual, género, sexualidad, legislación.


### Educação Em Revista|Belo Horizonte|V.39|E39794|2023

INTRODUÇÃO
Diversas autoras e autores apresentam definições do que entendem por Educação Sexual
escolar (BRUESS, GREENBERG, 2009; NUNES, SILVA, 2006; WEREBE, 1998; FIGUEIRÓ,
1996).

Em consonância com elas, entendemos aqui que a Educação Sexual escolar é a maneira pela
qual a escola proporciona a alunas e alunos, de modo intencional e sistematizado, informações e
reflexões acerca de uma ampla gama de tópicos necessários para a sua saúde, bem-estar e formação
integral e emancipadora, de modo que possam entender melhor a si e ao outro, assim como tomar
decisões sobre sua vida sexual.

Um trabalho sistemático de Educação Sexual que vá além da biologia e envolva as
questões de gênero e sexualidade ainda desperta reações e refutações bastante inflamadas.

Mães, pais
e responsáveis, representantes de instituições públicas e privadas, grupos religiosos e, até mesmo
professoras e professores, por vezes, posicionam-se contra ela.

Tal repulsa, em alguns casos, ocorre
pela crença de que a sexualidade se restringe ao desejo e ato sexual.

E assim acredita-se, também,
que falar sobre essas questões é responsabilidade exclusiva da família.

Porém, cabe aqui salientar que
a sexualidade engloba diversos outros aspectos da vida humana e que também se manifesta de
maneiras distintas em todas as etapas do desenvolvimento.

A sexualidade, no âmbito desta pesquisa,
é interpretada como “uma descrição geral para a série de crenças, comportamentos, relações e
identidades socialmente construídas e historicamente modeladas” (WEEKS, 1999, p.

43).

Alinhados ao discurso de que a Educação Sexual seria responsabilidade exclusiva da
família, diversos grupos conservadores buscam, como se fosse possível, silenciar a sexualidade e
proibir a Educação Sexual nas escolas.

Essas vozes conservadoras têm sua sustentação a partir de
uma união de ideologias ultraliberais, fundamentalismos religiosos e do anticomunismo, ressuscitado
na última década como inimigo do patriotismo.

Como não poderia ser diferente, as escolas não
passaram despercebidas em meio a esse contexto.

Na verdade, elas se tornaram palco principal de
uma série de embates políticos e ideológicos, sendo acusadas de desenvolver uma suposta doutrinação
marxista e de promover a “ideologia de gênero”.

Esse novo inimigo foi rapidamente aceito e utilizado
para autopromoção de figuras políticas mais conservadoras e da bancada fundamentalista.

(MIGUEL,
2016).

Todo o discurso desses movimentos demonstra uma completa desconexão com o que se
entende por Educação Sexual.

Para uma parte das pessoas que a ela se opõem, ela seria uma maneira
de incitar a atividade sexual a crianças e jovens.

Além disso, ela teria a finalidade e a capacidade de
promover comportamentos sexuais desviantes, ou seja, aqueles em desconformidade com o padrão
cis-heteronormativo.

Porém, esse grupo é também formado por outra parcela, aquela composta por
algumas lideranças políticas e religiosas, que utiliza a pauta da Educação Sexual e a falácia da
ideologia de gênero como uma cortina de fumaça para desviar os olhares do público para longe de
outras questões políticas e econômicas de seu interesse.

Em meio a esse contexto, os discursos e projetos de oposição à realização de práticas de
Educação Sexual nas escolas se proliferaram, ao ponto que “aproximadamente 60 projetos de lei
tramitaram ou tramitam no Congresso Nacional e casas legislativas objetivando impedir a doutrinação
política e ideológica de alunos por parte de professores nas escolas.” (FURLANETTO et.

al.

2018, p.

554).

Esse é o cenário em que se encontram as professoras e os professores nas escolas.

O exercício
da docência passa, assim, a ser um lugar de insegurança, incerteza e medo.

Buscando compreender melhor esse cenário, além de verificar se docentes estão, de fato,
respaldadas e respaldados a realizarem práticas sistematizadas de Educação Sexual nas escolas, nos
Educação em Revista|Belo Horizonte|v.39|e39794|2023

propusemos a verificar como ela está posta nos documentos oficiais brasileiros: leis, decretos e
demais publicações norteadoras da Educação e, ainda, como ela se relaciona aos contextos sóciopolíticos do país desde a instauração do regime democrático.

Para isso, partimos da pergunta de
pesquisa “O que dizem os documentos oficiais brasileiros, em diferentes contextos políticos, sobre o
trabalho com uma Educação Sexual emancipadora, que inclua questões de gênero e sexualidade, no
ambiente escolar?”
A importância de ampliar-se o entendimento sobre a abordagem da Educação Sexual na
legislação brasileira se justifica pelo fato de que o Brasil ainda não possui qualquer lei específica
sobre Educação Sexual.

Em uma pesquisa sobre documentos oficiais de Educação Sexual no paralelo
Brasil e Portugal, Netto (2016) aponta que “Os portugueses elaboraram sua primeira lei específica no
campo da Educação Sexual em 1984, ao passo que o Brasil, em pleno século XXI, não apresenta
nenhuma lei específica sobre sexualidade nem sobre Educação Sexual.” (NETTO, 2016, p.

91)
Além disso, em 2021, o relatório do Fórum Global Mundial sobre desigualdade de gênero
apresenta o Brasil como o 93º colocado no ranking mundial.

O país também é notoriamente conhecido
como aquele que mais mata pessoas travestis e trans no mundo (OLIVEIRA; MOTT, 2020).

Aqui,
de maneira exacerbada, sexo, gênero, sexualidade e violência estão intimamente interligados.

Isso também é demonstrado por outro relatório acerca da violência no país.

O Mapa da
Violência de Gênero, realizado pela organização Gênero e Número, em colaboração com a ONU
Mulheres e a organização internacional de direitos humanos Artigo 19, demonstrou que a grande
maioria das vítimas de assassinato do país são identificadas como homens, porém, esses crimes
ocorrem majoritariamente fora de casa, enquanto que a maior parte das mulheres assassinadas é
vitimada dentro do lar.

Em relação à população LGBTQIA+ os números não são menos chocantes.

No ano de 2017, foram registrados onze casos de violência contra pessoas trans e 214 casos de
violência contra pessoas homo/bi a cada dia (GÊNERO E NÚMERO, 2017).

Fica evidenciado, então,
que expressões e identidades de gênero e sexualidade estão intimamente relacionadas com a sujeição
a violências.

Nossas construções de masculinidade e feminilidade as provocam e as perpetuam.

Seria no mínimo ingênuo acreditar que a escola não faz parte da estruturação desse
cenário.

Muito pelo contrário, a instituição escola integra uma teia, um entrelaçamento de relações
extremamente complexas que molda sujeitos e sociedades e, ao mesmo tempo, por eles é moldada.

Nesse emaranhado de forças, discursos, proposições e políticas, é impossível delimitar um início ou
um fim.

Escola, enquanto parte de uma sociedade com culturas e valores próprios, e sociedade,
enquanto organismo moldado, dentre outros, pela escola, vivem uma complexa dinâmica de
retroalimentação.

Deste modo, ressaltamos a importância da promoção da Educação Sexual no
ambiente escolar para que possamos, de alguma forma, promover mudanças que melhorem os
cenários aqui descritos.

PERCURSO METODOLÓGICO
A pesquisa realizada teve caráter qualitativo, uma vez que seus resultados se dão pela
interpretação das pesquisadoras acerca dos dados produzidos, as quais são perpassadas por seus
valores e experiências.

De acordo com Stake (2011), a pesquisa qualitativa baseia-se fortemente na
percepção humana, tendo como características principais o fato de ser “interpretativa, experiencial,
situacional e personalística”.

(STAKE, 2011, p.

24)
Adotamos os procedimentos metodológicos de pesquisa documental, que, segundo Gil
(2002), é aquela que se dá pela análise de documentos não tratados, ou, ainda, por uma análise inédita
de documentos já tratados.

Deste modo, as pesquisas documentais “extraem deles toda a análise,
organizando-os e interpretando-os segundo os objetivos da investigação proposta.” (PIMENTEL,
2001, p.

180)


### Educação Em Revista|Belo Horizonte|V.39|E39794|2023

Para constituir os dados, retomamos a questão de pesquisa: o que dizem os documentos
oficiais brasileiros, em diferentes contextos políticos, sobre o trabalho com uma Educação Sexual
emancipadora, que inclua questões de gênero e sexualidade, no ambiente escolar?

Definimos que o período investigado se iniciaria em 1° de janeiro de 1990, uma vez que
essa data marcou a primeira vez que um presidente eleito assumiu o cargo após o período de
redemocratização.

Como data final, optamos por 1° de janeiro de 2019, uma vez que essa foi a data
do término do mandato de Michel Temer, último presidente a concluir seu ciclo na Presidência até a
produção deste artigo.

Os termos definidos para a busca foram: Educação Sexual, sexualidade, gênero,
orientação sexual e sexo.

Como primeiro critério de inclusão, optamos por utilizar os documentos
que se relacionavam à escola e à Educação.

Para o segundo critério, definimos que utilizaríamos
todas as leis e decretos que tratassem, também, das temáticas de discriminação, diversidade e saúde.

O terceiro critério foi a inclusão de documentos que apresentassem questões ligadas à infância e
juventude, educação, saúde, direitos humanos, combate a desigualdades, violência e formação
cidadã.

Como critério de exclusão, eliminamos os documentos que não se relacionavam com a escola
e a Educação.

Nossa busca se deu em dois locais: o portal de consulta de legislação da Presidência e o
portal do Ministério da Educação (MEC), em especial, na página da Secretaria de Educação Básica
(SEB).

No primeiro, decidimos selecionar apenas os documentos vigentes.

Como procedimento
sistematizado, iniciamos, então, nossa busca inserindo o filtro “Não consta revogação expressa” e
inserimos as datas de início e fim previamente escolhidas.

Inicialmente, o termo pesquisado foi
“educação sexual”; porém, apenas dois resultados foram encontrados.

Em seguida, buscamos pela
palavra “sexualidade” e, neste caso, oito resultados foram encontrados.

Como o portal não possui
critérios de busca “e/ou”, passamos a buscar por “gênero”, “orientação sexual”, “sexo” e
“diversidade” separadamente e selecionamos todos os documentos que correspondiam ao terceiro
critério de inclusão.

No segundo local, iniciamos nossa busca pelos documentos oficiais da Educação.

Nesse caso, não foi possível realizar um levantamento sistemático, pois os documentos estão
apresentados nas páginas do governo de maneira dispersa e, por vezes, aparentemente escondida.

Deste modo, a busca foi realizada de maneira exploratória, o que fez necessária uma verdadeira
imersão no portal do Ministério da Educação (MEC), em especial, na página da Secretaria de
Educação Básica (SEB).

Posteriormente, conforme fomos nos confrontando com nossos referenciais teóricos,
encontramos outros documentos que poderiam ser analisados em nossa pesquisa.

Assim, também
incluímos em nossa análise o kit de ferramentas educacionais do Projeto Escola sem Homofobia e as
Orientações Técnicas em Educação em Sexualidade para o Cenário Brasileiro - Tópicos e Objetivos
de aprendizagem, publicadas pela Unesco.

Ao final deste processo de produção de dados, vinte e oito
os documentos passaram a compor a pesquisa.

Para organizar os dados produzidos, elaboramos um quadro modelo com duas colunas.

Na primeira, indicamos o período e quem ocupou a Presidência naquele momento e, na segunda, os
documentos encontrados.

Entendemos que esse quadro, além de necessário para a organização e análise dos dados,
também poderá apresentar, de maneira explícita e simplificada, a amplitude de documentos e
normativas que atentam, de alguma maneira, para a necessidade de ações institucionais de Educação
Sexual que visem a ressignificar a maneira como nos relacionamos com as questões de gênero e
sexualidade, dentre outras, em nossa construção.

Para a análise dos dados constituídos, primeiramente, nos voltamos a uma leitura mais
aprofundada dos documentos.

Nossa leitura se atentou em verificar como as questões relacionadas à
Educação Sexual apareciam, quais enfoques foram dados e qual tipo de linguagem foi utilizada.

Em
seguida, procuramos estabelecer suas conexões e entrelaçamentos com o contexto sócio-político do
país à época em que foram publicados.

Com isso, buscamos identificar, de maneira mais ampla, como
os documentos oficiais demonstram o tratamento dado pelo Estado à Educação Sexual ao longo do
tempo.

Educação em Revista|Belo Horizonte|v.39|e39794|2023

DESENVOLVIMENTO E DISCUSSÃO
Ao longo da História recente, diversos documentos oficiais e legislações trataram, direta
ou indiretamente, da Educação Sexual no Brasil, ora para a silenciá-la, ora para promovê-la e norteála, conforme quadro 1.

Quadro 1: Leis e documentos analisados e contextos políticos da data de sua publicação


### Documentos Publicados


### José Sarney
(Pmdb)
15/03/1985 A 15/03/1990

• Constituição Federal de 1988


### Fernando Collor
(Prn)
15/03/1990 A 29/12/1992

• Decreto Legislativo nº 28, de 1990. Aprova o texto da
Convenção sobre os Direitos da Criança
• Decreto Legislativo nº226, de 1991. Aprova os textos do Pacto
Internacional sobre Direitos Civis e Políticos e do Pacto
Internacional sobre Direitos Econômicos, Sociais e Culturais


### Itamar Franco
(Pmdb)
29/12/1992 A 01/01/1995

• Decreto nº 1.973, de 1º de agosto de 1996. Promulga a
Convenção Interamericana para Prevenir, Punir e Erradicar a
Violência contra a Mulher, concluída em Belém do Pará, em 9
de junho de 1994

Fernando Henrique Cardoso
(PSDB)
01/01/1995 a 01/01 2003

• Lei nº 9.394 de 20 de dezembro de 1996 - Lei de Diretrizes e
Bases da Educação Nacional
• Parâmetros Curriculares Nacionais (1ª a 4ª e 5ª a 8ª séries)
• Referencial Curricular Nacional para a Educação Infantil - vol.

1, 2 e 3
• Diretrizes Curriculares Nacionais para o Ensino Fundamental
• Diretrizes Curriculares Nacionais do Ensino Médio
• Declaração e Plano de Ação de Durban
• Lei nº 10.172 de 09 de janeiro de 2001 - Plano Nacional de
Educação - PNE (2001)

Luiz Inácio Lula da Silva
(PT)
01/01/2003 a 01/01/2011

• Brasil Sem Homofobia
• Orientações Curriculares Nacionais para o Ensino Médio PCNEM - vol.

1 - Linguagem, Código e suas Tecnologias; vol.

vol.

3 - Ciência Humanas e suas tecnologias
• Parâmetros Nacionais de Qualidade para a Educação Infantil vols.

1 e 2
• Lei nº 11.988, de 27 de julho de 2009 - Cria a Semana de
Educação para a Vida, nas escolas públicas de ensino
fundamental e médio de todo o País, e dá outras providências
• Decreto nº 7.037, de 21 de dezembro de 2009 - Programa
Nacional de Direitos Humanos - PNDH-3 3
• Diretrizes Curriculares Nacionais da Educação Infantil
• Plano Nacional de Implementação das Diretrizes Curriculares
Nacionais para Educação das Relações Étnico-raciais e para o
Ensino de História e Cultura Afrobrasileira e Africana


### Educação Em Revista|Belo Horizonte|V.39|E39794|2023


### Dilma Rousseff
(Pt)
01/01/2011 A 11/05/2016

• Trajetórias Criativas: Jovens de 15 a 17 anos no Ensino
Fundamental – Uma proposta metodológica que promove
autoria, criação, protagonismo e autonomia
• Diretrizes Curriculares Nacionais para a Educação Escolar
Quilombola
• Diretrizes em ação - Qualidade no dia a dia da Educação
Infantil
• Orientações Técnicas em Educação em Sexualidade para o
Cenário Brasileiro - Tópicos e Objetivos de aprendizagem
• Diretrizes Curriculares Nacionais da Educação Básica:
Diversidade e Inclusão
• Diretrizes Curriculares Nacionais da Educação Básica
• Lei nº 12.852, de 5 de agosto de 2013 - Institui o Estatuto da
Juventude e dispõe sobre os direitos dos jovens, os princípios e
diretrizes das políticas públicas de juventude e o Sistema
Nacional de Juventude - SINAJUVE
• Lei nº 13.005 de 25 de junho de 2014 - Plano Nacional de
Educação – PNE


### Michel Temer
(Pmdb)
12/05/2016 A 01/01/2019

• Lei n° 13.415, de 16 de fevereiro de 2017 - Reforma do Ensino
Médio
• Base Nacional Curricular Comum – BNCC

As diretrizes acerca da Educação para temas de diversidade sexual e de gênero vêm,
historicamente, se alternando entre avanços e retrocessos (SILVA, BRANCALEONI e OLIVEIRA,
2019).

Tal alternância pode ser explicada pelo fato de que a sexualidade ocupa um lugar central na
construção dos sujeitos e os acompanha ao longo de suas vidas, sendo profundamente influenciada
por culturas, costumes e disputas em meio a diversos contextos sociais e políticos.

Ao final da década de 1980 e ao longo da década de 1990, por exemplo, proliferaram as
iniciativas de trabalho com Educação Sexual nas escolas (FIGUEIRÓ, 1998; SILVA, 2004; VIANNA
e UNBEHAUM, 2004).

Certamente, essa ebulição foi impulsionada pelas profundas mudanças
sociais e políticas pelas quais o Brasil passava: a redemocratização, as discussões acerca da nova
Constituição Federal e as preocupações com o grande aumento de contaminações pelo vírus HIV e
com a gravidez precoce.

Os anos 1980 foram marcados pelo processo de reabertura política do país após décadas
de ditadura militar.

Em 1985, Tancredo Neves é eleito, porém, morre antes de tomar posse e, deste
modo, o vice-presidente José Sarney, que ainda era aliado ao sistema político herdado da ditadura
militar, assume o poder.

Apesar disso, o período é marcado por avanços democráticos.

De acordo com Vianna e Unbehaum (2004), as décadas de 1980 e 1990 foram um período
de muitos esforços que buscavam mudanças na educação brasileira, talvez incentivados pelo espírito
das discussões acerca da Constituição Federal de 1988 e, posteriormente, por sua consolidação.

A
Constituição Federal de 1988, de fato, prevê inúmeros avanços no que tange aos direitos sociais,
dentre os quais, o direito à Educação.

Além disso, ela define premissas importantes em suas cláusulas
pétreas presentes nos artigos 3° e 5° ao estabelecer, dentre os objetivos fundamentais do país, a
construção de uma sociedade livre, justa e solidária e a promoção do bem de todos sem qualquer
forma de discriminação, determinando, ainda, a igualdade entre homens e mulheres em direitos e
obrigações.


### Educação Em Revista|Belo Horizonte|V.39|E39794|2023

A escola é, sem dúvida, parte fundamental da construção das sociedades, uma vez que
divide com a família a responsabilidade pela formação de seus cidadãos.

Nesse sentido, entendemos
que os dispostos na Carta Magna, seriam, em si, respaldo para a inserção da Educação Sexual nas
escolas, uma vez que estas carregam grande responsabilidade sobre a formação integral dos
indivíduos e os debates proporcionados pelas práticas de Educação Sexual poderiam tornar-se
caminhos para a promoção de uma sociedade que integre sujeitos com diversas expressões e
identidades de gênero e sexualidade sem os subalternizar.

De certo, a construção de uma sociedade livre, justa e solidária, a redução das
desigualdades e a promoção do bem de todos perpassam, obrigatoriamente, por uma educação que
promova as reflexões sobre si e sobre o outro, sobre corpo, prazer, consentimento e violência, além
das questões mais óbvias de gênero, sexualidade e diversidade.

Ainda assim, existem diversos grupos que não compartilham desse entendimento e
consideram não existir (ou deliberadamente escolhem fechar os olhos para) a preconização
Constitucional para a existência de uma Educação Sexual nas escolas que vá além de questões
puramente biológicas e sanitárias.

De qualquer modo, nas décadas seguintes à promulgação da Carta
Magna diversas normatizações e guias acerca da Educação foram publicados, trazendo em si mais
possibilidades para a promoção da Educação Sexual.

No ano de 1990, quem sucede Sarney à presidência é Fernando Collor, inicialmente com
modestas intenções de voto, mas que recebe o apoio dos maiores partidos alinhados à direita.

Internacionalmente, após o colapso da União Soviética, os regimes ditos democráticos se expandem,
assim como o capitalismo e a globalização se consolidam.

Aqui, os direitos individuais começam a
ter mais exposição e a tomar mais importância.

Foi nesse contexto que as intersecções entre gênero, sexualidade e educação passaram a
ter grande visibilidade, o que repercutiu de alguma maneira nos documentos oficiais que tratam da
Educação (VIANNA e UNBEHAUM, 2004).

Como reflexo disso, um importante marco legal é
conquistado.

Em janeiro de 1990, o Decreto Legislativo n° 28/90 aprova o texto da Convenção sobre
os Direitos da Criança, adotada pela Assembléia Geral das Nações Unidas e, em novembro do mesmo
ano, a Convenção é promulgada no Brasil por meio do Decreto n° 99.710/90.

O texto, que determina
que os Estados Partes reconheçam direitos das crianças e forneçam meios para que eles sejam
respeitadas, trata da Educação em seus artigos 28 e 29.

O art.

29, especificamente afirma
1.

Os Estados Partes reconhecem que a educação da criança deverá estar orientada no sentido
de:
a) desenvolver a personalidade, as aptidões e a capacidade mental e física da criança em todo
o seu potencial;
b) imbuir na criança o respeito aos direitos humanos e às liberdades fundamentais, bem como
aos princípios consagrados na Carta das Nações Unidas; [...]
d) preparar a criança para assumir uma vida responsável numa sociedade livre, com espírito
de compreensão, paz, tolerância, igualdade de sexos e amizade entre todos os povos, grupos
étnicos, nacionais e religiosos e pessoas de origem indígena (BRASIL,1990b, n.p).

O documento, assim como a Constituição Federal (BRASIL, 1988), é atravessado pelos
valores aflorados à época: valorização do respeito aos direitos humanos e às liberdades individuais,
promoção da tolerância e redução das desigualdades.

Quanto à Educação Sexual, entendemos que ela
faça parte dessa construção social, sendo necessária e preconizada, assim, a inserção de suas práticas
nas escolas.

No entanto, apesar do espírito da época, não houve, de fato, a instituição de uma política
de Educação Sexual no Brasil, verificando-se, como aponta Figueiró (1998), iniciativas isoladas,
dispersas e pouco perenes.

Educação em Revista|Belo Horizonte|v.39|e39794|2023

Em 1992, ocorre o impeachment de Collor, fazendo com que Itamar Franco, assumisse a
presidência.

O período é marcado por grande avanço neoliberal, não apenas no Brasil.

Agências
internacionais como o FMI (Fundo Monetário Internacional) e o Banco Mundial cada vez mais
influenciam a política dos países endividados.

De acordo com Padilha (2016), o governo Itamar
Franco buscou priorizar a Educação na agenda do Estado, em diálogo com diversos setores
educacionais.

Porém seu curto mandato, assim como as pressões internacionais, fizeram com que
políticas efetivas fossem escassas.

O período também foi marcado por preocupações com o grande número de
contaminações pelo vírus HIV, fazendo com que a prevenção à doença se tornasse a temática de
diversos projetos educativos.

No ano de 1993, segundo Silva (2004), o à época chamado Ministério
da Educação e Cultura (MEC) criou o Conselho Nacional de Projetos Especiais (CONAPES) que
“previa a normatização da Educação Sexual no sistema público de ensino” (SILVA, 2004, p.

26).

No
entanto, essa normatização não chegou a acontecer e, para além disso, essa atenção à Educação Sexual
se deu motivada pela demanda pontual e específica do que se chamava de “combate à AIDS”, não só
carecendo de projetos nacionais abrangentes, mas também tratando a Educação Sexual como uma
mera questão de saúde biológica, em contraste com o reconhecimento de sua importância para a
formação integral das crianças e jovens e para a construção de uma sociedade mais justa e menos
desigual.

Em 1995, Fernando Henrique Cardoso chega à presidência impulsionado pelo sucesso
Plano Real.

De acordo com Del Priore e Venancio (2010), o governo é marcado por uma agenda
ainda mais neoliberal, defendendo bandeiras como a eficiência administrativa e a reforma do Estado.

No período de seu mandato, entre os anos de 1995 e 2002, diversos foram os documentos oficiais da
Educação publicados, sendo o mais importante deles a nova Lei de Diretrizes e Bases da Educação
Nacional (LDB), em dezembro de 1996.

Essa publicação aconteceu em meio ao contexto da Conferência Internacional sobre
População e Desenvolvimento (CIPD), realizada no Egito e da IV Conferência Mundial sobre as
Mulheres, em Pequim.

(FURLANETTO et.

al., 2018).

Essas conferências tiveram um enfoque
bastante grande em pautas de equidade e eliminação das desigualdades e preconceitos, assim como
de promoção do bem-estar e de uma cultura de paz, o que foi incorporado no art.

3° da LDB
art.

3° O ensino será ministrado com base nos seguintes princípios:
I – igualdade de condições para o acesso e permanência na escola;
II – liberdade de aprender, ensinar, pesquisar e divulgar a cultura, o pensamento, a arte e o
saber;
III – pluralismo de idéias e de concepções pedagógicas;
IV – respeito à liberdade e apreço à tolerância; (BRASIL, 1996)

A LDB contou com um período de tramitação no Congresso Nacional de oito anos.

Porém, durante esse período, o Ministério da Educação do governo Fernando Henrique Cardoso
coordenou a elaboração de uma proposta alternativa ao documento que vinha sendo esculpido.

Apresentada pelo então senador Darcy Ribeiro, a nova versão acabou por ganhar a preferência do
Senado por acomodar pautas alinhadas aos interesses do governo.

(VIANNA; UNBEHAUM, 2004)
Assim, as reformas da educação ocorridas na década de 1990 foram marcadas por um
governo com características neoliberais, cuja proposta era acomodar as necessidades da economia no
sistema de educação.

Deste modo, a LDB traz em si, uma grande dicotomia: revela grandes conquistas
de profissionais da educação e de movimentos mobilizados no processo de sua construção, mas, ao
mesmo tempo, apresenta aspectos mais aderentes à política neoliberal adotada pelo Governo Federal
à época.

(VIANNA; UNBEHAUM; 2004)
Essa política neoliberal voltada ao fortalecimento do mercado precisou se adequar às
mudanças sociais, desse modo cooptando algumas pautas de grupos minoritários e promovendo o
Educação em Revista|Belo Horizonte|v.39|e39794|2023

individualismo.

Passou-se assim a disseminar a ideia de liberdade individual acima do bem coletivo,
ao mesmo tempo, enfraquecendo o poder do Estado de realizar políticas sociais voltadas à população.

Deste modo, o discurso da diversidade se prolifera e começa-se a se ver, nos documentos da
Educação, uma maior acomodação das questões ligadas à gênero, raça e sexualidade.

Esse apoio à uma Educação Sexual mais abrangente, que trata das questões mais amplas
do que as biológicas, aparece muito destacado nos Parâmetros Curriculares Nacionais (PCN).

Os
PCN são documentos norteadores de orientação do trabalho de profissionais da educação.

Publicados
para os anos iniciais do Ensino Fundamental (1ª a 4ª séries) em 1997 e, no ano seguinte, para os anos
finais (5ª a 8ª séries), ambos trazem, como tema transversal, um volume que trata da Orientação
Sexual, que se refere ao que denominamos como Educação Sexual.

Os PCN são documentos inovadores no que tange à Educação Sexual por, mesmo
havendo algumas críticas a serem feitas quanto ao seu conteúdo, tratarem, em alguma medida, da
Educação Sexual para além das questões de saúde e higiene.

De fato, esses documentos definem a
sexualidade como “algo inerente, que se manifesta desde o momento do nascimento até a morte, de
formas diferentes a cada etapa do desenvolvimento.”(BRASIL, 1997, p.

81) e
uma necessidade básica e um aspecto do ser humano que não pode ser separado de outros
aspectos da vida [...] a energia que motiva encontrar o amor, contato e intimidade [...]
influencia pensamentos, sentimentos, ações e interações e tanto a saúde física como a mental.

(BRASIL, 1998a, p.

295)

Os PCN, ainda, propõem o trabalho com blocos de conteúdos, “Corpo: matriz da
sexualidade”, “Relações de gênero” e “Prevenção às Doenças Sexualmente Transmissíveis/AIDS”,
mas identificam conteúdos específicos diferentes para as duas faixas etárias.

Outros documentos do período que fazem referência à Educação Sexual, seja direta ou
indiretamente, foram o Referencial Curricular Nacional para a Educação Infantil - vol.

1, 2 e 3, as
Diretrizes Curriculares Nacionais para o Ensino Fundamental e as Diretrizes Curriculares Nacionais
do Ensino Médio, todos publicados em 1998.

Ainda, em 2001, foram publicados a Declaração e Plano
de Ação de Durban e o Plano Nacional de Educação - PNE.

O Referencial Curricular Nacional para a Educação Infantil (BRASIL, 1998b) faz
parte de um grupo de documentos que tratam dos Parâmetros Curriculares Nacionais e, além de
funcionar como um guia para professoras e professores da Educação Básica, também aponta metas
de qualidade para o processo educacional.

Este documento se refere ao trabalho realizado em creches
e pré-escolas, ou seja, aquele direcionado a crianças em idades entre zero e seis anos (uma vez que à
época o Ensino Fundamental de nove anos ainda não havia sido implantado).

O documento é dividido
em três volumes, que abordam diversos eixos: Formação Pessoal e Social, Identidade e Autonomia e
Movimento, Música, Artes Visuais, Linguagem Oral e Escrita, Natureza e Sociedade e Matemática.

O primeiro volume afirma que o papel da Educação Infantil é propiciar situações de
aprendizagem que articulem os conhecimentos prévios dos alunos, assim como suas capacidades
sociais, emocionais e cognitivas aos diferentes campos do conhecimento humano.

Para isso,
professoras e professores devem considerar, dentre outros, as interações entre as crianças, de modo
que desenvolvam a capacidade de relacionar-se, bem como a individualidade e a diversidade, levando
em conta as singularidades de cada pessoa e aprendendo a respeitá-las e valorizá-las.

Já o segundo volume aborda como um dos seus diversos tópicos a questão da escola
como local de inserção das crianças nas relações éticas e morais da sociedade.

Desse modo, ela é
espaço determinante para a maneira como as crianças criarão mecanismos para lidar com a
diversidade e a diferença.

Uma escola que trata a diversidade de maneira preconceituosa, produzirá
mais preconceitos em seus alunos.

Ainda, o documento traz a questão da construção da identidade e da autonomia, que
dependem de diversos elementos, dentre eles a expressão da sexualidade.

Quanto à esta, ele explica
suas manifestações e contextos, diferenciando-os para as crianças entre zero e três e quatro e seis
anos.

Assim, percebe-se que a sexualidade é aqui considerada aspecto importante para a formação
das crianças.

Deste modo, o documento fornece mecanismos para e incentiva o trabalho com a
Educação em Revista|Belo Horizonte|v.39|e39794|2023

Educação Sexual já nas pré-escolas.

Até mesmo a questão da identidade de gênero, tão utilizada como
pauta de manipulação por políticos da direita conservadora, aparece neste documento publicado
durante o governo FHC, como já observado, notadamente alinhado à direita e que promoveu uma
grande expansão do neoliberalismo
No que concerne à identidade de gênero, a atitude básica é transmitir, por meio de ações e
encaminhamentos, valores de igualdade e respeito entre as pessoas de sexos diferentes e
permitir que a criança brinque com as possibilidades relacionadas tanto ao papel de homem
como ao da mulher.

Isso exige uma atenção constante por parte do professor, para que não
sejam reproduzidos, nas relações com as crianças, padrões estereotipados quanto aos papéis
do homem e da mulher, como, por exemplo, que à mulher cabe cuidar da casa e dos filhos e
que ao homem cabe o sustento da família e a tomada de decisões, ou que homem não chora
e que mulher não briga.

(BRASIL, 1998b, p.

41-42)

As Diretrizes Curriculares Nacionais para o Ensino Fundamental (BRASIL, 1998c),
também publicadas em 1998, doutrinam os princípios, fundamentos e procedimentos da Educação
Básica.

No art.

3°, estão definidos os princípios que devem nortear todas as ações.

Aqui, o documento
aponta a integração da sexualidade no currículo
IV - Em todas as escolas deverá ser garantida a igualdade de acesso para alunos a uma base
nacional comum, de maneira a legitimar a unidade e a qualidade da ação pedagógica na
diversidade nacional.

A base comum nacional e sua parte diversificada deverão integrar-se
em torno do paradigma curricular, que vise a estabelecer a relação entre a educação
fundamental e:
a) a vida cidadã através da articulação entre vários dos seus aspectos como:
1.

a saúde
2.

a sexualidade[...]
V - [...] os alunos, ao aprenderem os conhecimentos e valores da base nacional comum e da
parte diversificada, estarão também constituindo sua identidade como cidadãos, capazes de
serem protagonistas de ações responsáveis, solidárias e autônomas em relação a si próprios,
às suas famílias e às comunidades.

(BRASIL, 1998c)

Deste modo, é explícita, no documento, a previsão da inserção da Educação Sexual nas
turmas do Ensino Fundamental e do reconhecimento de sua importância para para a construção de
sua identidade e para sua formação integral.

Ainda no ano de 1998, foram publicadas as Diretrizes Curriculares Nacionais para o
Ensino Médio.

Apesar de o documento também não conter explicitamente a expressão “educação
sexual”, ele apresenta, em diversos trechos, assuntos concernentes a ela.

Exemplo disso pode ser
verificado no art.

3°, em que está disposto que a prática administrativa e pedagógica deve ser coerente
com princípios que abrangem, dentre outros.

I - a Estética da Sensibilidade, que deverá substituir a da repetição e padronização,
estimulando a criatividade, o espírito inventivo, a curiosidade pelo inusitado, e a afetividade,
bem como facilitar a constituição de identidades capazes de suportar a inquietação, conviver
com o incerto e o imprevisível, acolher e conviver com a diversidade, valorizar a qualidade,
a delicadeza, a sutileza, as formas lúdicas e alegóricas de conhecer o mundo e fazer do lazer,
da sexualidade e da imaginação um exercício de liberdade responsável.

(BRASIL, 1998d)

Já no ano de 2001, foi publicado, por meio da Lei no 10.172/2001 um novo Plano
Nacional de Educação, referente aos anos 2001-2010.

Este documento não possui enfoque nos
conteúdos escolares ou nos processos de ensino e aprendizagem e, deste modo, não apresenta uma
menção direta acerca da Educação Sexual, mas sim ao discurso em prol da diversidade.

No entanto,
percebe-se que há a preocupação com que seja realizada uma educação não preconceituosa e diversa.

Para a Educação Infantil, sublinha-se a importância do respeito às diferenças regionais, aos valores e
às expressões culturais.

Já em relação ao Ensino Fundamental, o documento contém, dentre suas
metas, garantir que materiais didáticos estabeleçam “a adequada abordagem das questões de gênero
Educação em Revista|Belo Horizonte|v.39|e39794|2023

e etnia e a eliminação de textos discriminatórios ou que reproduzam estereótipos acerca do papel da
mulher, do negro e do índio.” (BRASIL, 2001).

Quanto ao Ensino Superior, o documento coloca como meta a inclusão, nos cursos de
formação de professores, das questões referentes aos temas transversais, como gênero e Educação
Sexual.

No entanto, a meta, mais uma vez, não vem acompanhada de políticas abrangentes que a
tornasse atingível.

Então, nas eleições de 2002, Luiz Inácio Lula da Silva foi eleito na disputa contra o
candidato governista José Serra.

Esta foi a primeira vez que um candidato alinhado à esquerda
chegava ao poder desde o Golpe Militar de 1964 e, deste modo, sua eleição despertava grande
apreensão em uma parcela da população, enquanto gerava expectativas para outra.

De acordo com
Del Priore e Venancio (2010), de fato, o governo Lula deu início a diversas políticas sociais, mas, por
outro lado, manteve o regime econômico do governo anterior e buscou uma conciliação entre os
setores mais conservadores e os mais progressistas, entre as políticas sociais e aquelas voltadas ao
capital (DEL PRIORE; VENANCIO, 2010).

No âmbito da Educação, a promoção do acesso à e melhoria da Educação se deu por meio
de grandes programas como a da criação do FUNDEB (Fundo de Manutenção e Desenvolvimento da
Educação Básica), do ProUni (Programa Universidade Para Todos) e do Reuni (Programa de Apoio
a Planos de Reestruturação e Expansão das Universidades Federais).

A temática da diversidade permanece em pauta, agora com mais força.

No entanto, sua
abrangência é ainda mais ampla, referindo-se à pobreza, às pautas de gênero, etnia e sexualidade e às
questões relativas à proteção do meio ambiente, mostrando-se presente em diversos documentos da
Educação publicados no período.

(CARREIRA, 2015)
Especificamente em relação à Educação Sexual, diversos documentos que a amparam
foram publicados.

Em 2004, o Ministério da Saúde, em parceria com o CNCD/LGBT (Conselho
Nacional de Combate à Discriminação e Promoção dos Direitos de Lésbicas, Gays, Bissexuais,
Travestis e Transexuais) do Ministério dos Direitos Humanos publica o Brasil Sem Homofobia –
Programa de Combate à Violência e à Discriminação contra GLTB e de Promoção da Cidadania
Homossexual como uma das bases fundamentais para o fortalecimento do exercício da cidadania no
Brasil.

O documento, no que tange à Educação, baseia-se em pesquisa realizada pela UNESCO
(Organização das Nações Unidas para a Educação, a Ciência e a Cultura) que salienta as altas taxas
de homofobia dentro da escola, proveniente não apenas de alunas e alunos, mas também de
professoras e professores e pais, mães e responsáveis.

Desse modo, ele propõe um plano de ações
para promover na escola “valores de respeito à paz e à não discriminação por orientação sexual”
(BRASIL, 2004).

V – Direito à Educação: promovendo valores de respeito à paz e à não-discriminação por
orientação sexual
• Elaborar diretrizes que orientem os Sistemas de Ensino na implementação de ações
que comprovem o respeito ao cidadão e à não-discriminação por orientação sexual.

• Fomentar e apoiar curso de formação inicial e continuada de professores na área da
sexualidade;
• Formar equipes multidisciplinares para avaliação dos livros didáticos, de modo a
eliminar aspectos discriminatórios por orientação sexual e a superação da
homofobia;
• Estimular a produção de materiais educativos (filmes, vídeos e publicações) sobre
orientação sexual e superação da homofobia;
• Apoiar e divulgar a produção de materiais específicos para a formação de
professores; Divulgar as informações científicas sobre sexualidade humana;
• Estimular a pesquisa e a difusão de conhecimentos que contribuam para o combate
à violência e à discriminação de GLTB.

Criar o Subcomitê sobre Educação em
Direitos Humanos no Ministério da Educação, com a participação do movimento de
homossexuais, para acompanhar e avaliar as diretrizes traçadas.

[...]
IX – Política para a Juventude


### Educação Em Revista|Belo Horizonte|V.39|E39794|2023

Apoiar a realização de estudos e pesquisas na área dos direitos e da situação
socioeconômica dos adolescentes GLTB, em parceria com agências internacionais
de cooperação e com a sociedade civil organizada.

Apoiar a implementação de projetos de prevenção da discriminação e a homofobia
nas escolas, em parceria com agências internacionais de cooperação e com a
sociedade civil organizada.

(BRASIL, 2004a, p.22-23)

## Pontos-chave

- Documento acadêmico processado
- Conteúdo organizado em seções
- Formatação melhorada para leitura

---

> *Documento convertido de PDF para Markdown com estrutura organizada*",,imported
77f7c19a831585d0,Revista Brasileira de,file:///Users/paulorezende/Documents/Personal_AI_powerhouse updated/personal-ai-space/knowledge/articles/EDUCAÇÃO SEXUAL NO CONTEXTO DE FAMÍLIAS COM ADOLESCENTES.md,,"conseguinte, dois pesquisadores procederam a busca do material e a criação de bancos de",,2026-06-12T06:19:56.734891+00:00,"article, conteúdo-principal, introdução, knowledge, pontos-chave",Revista Brasileira de,"# Revista Brasileira de

---
type: academic-paper
date: 2025
status: processed
---

## 📋 Sumário

- [Introdução](#introdução)
- [Conteúdo Principal](#conteúdo-principal)
- [Pontos-chave](#pontos-chave)

## Introdução

Este documento contém informações sobre **revista brasileira de**.

## Conteúdo Principal


### Sexualidade Humana Issn 2675-1194
Doi: Https://Doi.Org/10.35919/Rbsh.V36.1264

## Opinativos E De Revisão

EDUCAÇÃO SEXUAL NO CONTEXTO DE FAMÍLIAS COM ADOLESCENTES: UM
ESTUDO DE REVISÃO
SEXUAL EDUCATION WITHIN THE CONTEXT OF FAMILIES WITH ADOLESCENTS: A
REVIEW STUDY
LA EDUCACIÓN SEXUAL EN EL CONTEXTO DE LAS FAMÍLIAS CON ADOLESCENTES:
UM ESTUDIO DE REVISIÓN
Ligia Caroline Pereira Pimenta 1 Celia Regina Rangel Nascimento 2 Matheus Philippe Souza Rodrigues3
Resumo: Por meio de revisão narrativa da literatura brasileira, com recorte temporal das décadas de 2012-2022, buscouse responder a seguinte questão: Como as famílias brasileiras têm tratado do tema da sexualidade com seus filhos
adolescentes?

Após levantamento na literatura científica, foram selecionados 26 textos os quais foram lidos na íntegra.

O
material foi analisado com base na Análise Temática.

Os resultados evidenciaram que as dificuldades das famílias em lidar
com a sexualidade de filhos adolescentes foram maiores do que as facilidades, incluindo uso de práticas repressivas e uso
de mitos.

Ensinar sobre sexualidade, principalmente pelo exemplo, é fundamental em todas as idades, mas as famílias têm
dificuldade em cultivar a aproximação com o tema, de forma a favorecer um diálogo emancipatório com seus filhos que
contribuiria para práticas saudáveis.

É importante investir mais em ações e programas que apoiem as famílias na educação
sexual dos filhos.

Palavras-chave: Educação Sexual; Família; Adolescência; Sexualidade; Desenvolvimento Humano.

Abstract: By means of a narrative review of the Brazilian literature, covering the decade 2012-2022, we sought to answer
the following question: How have Brazilian families dealt with the issue of sexuality with their adolescent children?

After
surveying the scientific literature, 26 texts were selected and read in full.

The material was analyzed using Thematic Analysis.

The results showed that families' difficulties in dealing with their adolescent children's sexuality were greater than
their difficulties, including the use of repressive practices and myths.

Teaching about sexuality, especially by example, is
fundamental at all ages, but families find it difficult to cultivate a rapprochement with the subject in order to foster an
emancipatory dialogue with their children that would contribute to healthy practices.

It is important to invest more in
actions and programs that support families in the sexual education of their children.

Keywords: Sex education; Family; Adolescence; Sexuality; Human Development.

Resumén: Por medio de una revisión narrativa de la literatura brasileña, que abarca la década 2012-2022, se buscó
responder a la siguiente pregunta: ¿Cómo las familias brasileñas han tratado el tema de la sexualidad con sus hijos
adolescentes?

Después de un relevamiento de la literatura científica, se seleccionaron 26 textos, que fueron leídos en su
totalidad.

El material fue analizado por medio del Análisis Temático.

Los resultados mostraron que las dificultades de las
familias para lidiar con la sexualidad de sus hijos adolescentes eran mayores que su facilidad, incluyendo el uso de prácticas
represivas y mitos.

La enseñanza de la sexualidad, especialmente a través del ejemplo, es fundamental a todas las edades,
pero las familias tienen dificultades para cultivar un acercamiento con el tema a fin de fomentar un diálogo emancipador
con sus hijos que contribuya a prácticas saludables.

Es importante invertir más en acciones y programas que apoyen a las
familias en la educación sexual de sus hijos.

Palabras-clave: Educación Sexual; Familia; Adolescencia; Sexualidad; Desarrollo Humano.

em Psicologia Institucional.

Universidade Federal do Espírito Santo, Programa de Pós-graduação em Psicologia, Vitória, Brasil.

ligia.pimenta@edu.ufes.br
2Doutora em Psicologia.

Universidade Federal do Espírito Santo, Departamento de Psicologia Social e do Desenvolvimento, Programa de Pósgraduação em Psicologia, Vitória, Brasil.

celia.nascimento@ufes.br
3Graduação em Psicologia, Universidade Federal do Espírito Santo, Vitória, Brasil.

matheusphsr@gmail.com


### Rbsh 2025, 36, E1264, 1-13


### Revista Brasileira De


### Sexualidade Humana Issn 2675-1194
Doi: Https://Doi.Org/10.35919/Rbsh.V36.1264

## Pimenta, L. C. P.; Nascimento, C. R. R.; Rodrigues, M. P. S.

Introdução
O ambiente familiar é o primeiro contexto de interação e socialização, delineando referências
importantes ao longo do desenvolvimento emocional e comportamental de seus membros, especialmente
crianças e de adolescentes (Figueiró, 2020).

Considerando uma perspectiva sistêmica, em interface com os
aportes da Teoria Bioecológica do Desenvolvimento (Bronfenbrenner; Morris, 2006), compreende-se a
família enquanto um grupo de pessoas que se relacionam de modo complexo, com laços de afinidade e/ou de
convivência (Silva et al., 2015).

Assim, uma família não é formada obrigatoriamente por laços consanguíneos
ou de parentesco entre seus membros; sua principal característica é a interdependência entre eles, que trocam
informações, padrões de comportamento, valores e afetos transmitidos ao longo de gerações (Sombrio
Cardoso et al., 2020).

Essas trocas ocorrem tanto entre os membros da família, quanto com outros
personagens, símbolos e objetos, pertencentes a sistemas exteriores a ela (Bronfenbrenner; Morris, 2006).

Em contextos familiares com membros adolescentes, as interações entre adultos cuidadores e os
adolescentes ocorrem com o adendo de que esses estão vivenciando um processo de desenvolvimento
humano, no qual mudanças biopsicológicas significativas são esperadas, exigindo atenção e cuidado, como o
desenvolvimento da sexualidade (Furlanetto et al., 2019).

Em uma perspectiva sistêmica, as transformações
que ocorrem com os membros da família afetam o sistema familiar como um todo, por exemplo, quando os
filhos adolescentes passam a questionar os valores e as regras familiares (Delatorre et al., 2015).

Dessa forma,
os adolescentes podem experienciar conflitos relacionais na família, principalmente quando a supervisão
parental é inadequada e limita [ou impede] o exercício de sua autonomia para tomar determinadas decisões –
situação comum quando se trata da vivência da sexualidade (Angelo et al., 2021; Brabo et al., 2020; Furlanetto
et al., 2019).

Em se tratando do tema da sexualidade, fatores comuns à adolescência, como a ampliação de contextos
de socialização, que podem implicar aproximação com os pares e maior distanciamento do núcleo familiar, e
a busca por afirmação de sua identidade (Furlanetto et al., 2019; Patrocínio; Nascimento, 2018), podem
aumentar a preocupação dos responsáveis.

Contudo, dificuldades dos cuidadores na relação com essas
transformações podem levar à intensificação de conflitos e dificuldade de comunicação com os filhos
adolescentes, com implicações para a educação sexual em família (Angelo et al., 2021; Patias et al., 2013).

Esse
cenário pode favorecer a entrada precoce em práticas sexuais.

A vivência da sexualidade sem conhecimentos
prévios sobre o assunto [que possam auxiliar na reflexão sobre o tema e na orientação de suas escolhas] expõe
os adolescentes a situações de risco e interfere negativamente sobre sua saúde e integridade, como a
possibilidade de maior contágio por IST e vivência de experiências traumáticas (Silva et al., 2022).

Nesse
sentido, faz-se necessário o entendimento dos membros da família no que se refere à sexualidade e às práticas
sexuais, de que a segurança é elemento essencial para evitar consequências negativas para todo o sistema
familiar.

Dessa forma, o incentivo ao diálogo aberto e à educação sexual na família são fatores importantes
para proteção ao desenvolvimento dos adolescentes (Araújo; Lima, 2024; Lima et al.

2023; Rouhparvar et al.,
2022).

Em geral, a educação sexual (ES) realizada na família engloba a transmissão de suas crenças, valores e
costumes (Furlanetto et al., 2019; Rouhparvar et al., 2022).

Com o passar do tempo e o avanço das discussões
sobre o tema, além do surgimento de novas perspectivas culturais sobre a sexualidade, podem ocorrer
mudanças que repercutem nas práticas e costumes familiares face à ES que oferecem às crianças e aos
adolescentes (Bedin et al., 2020; Ribeiro; Monteiro, 2019).

Contudo, muitas dessas mudanças, como a
ampliação de informação disponível aos filhos, podem levar responsáveis a experienciarem entraves na
condução da ES de seus filhos, seja pela dificuldade de compreensão do fenômeno, por timidez e consequente
limitação familiar em manter diálogo aberto sobre o tema, ou pela crença na eficácia de práticas repressivas
(Rapatão, 2015; Rouhparvar et al., 2022; Savegnago; Arpini, 2013, 2014; Queirós, 2012; Zocca et al., 2015).

Nesse sentido, considera-se importante a ampliação da circulação de informações sobre a sexualidade,
bem como a criação de programas de governo voltados para problemáticas ligadas ao tema, com vias a
possibilitar que famílias brasileiras tenham acesso ao paradigma emancipatório da educação sexual, isto é: que
prepara crianças e adolescentes para uma vivência segura, autônoma e responsável da sexualidade (Figueiró,
2020).

Mesmo que ao longo das duas primeiras décadas do século XXI tenha havido a expansão de políticas
RBSH 2025, 36, e1264, 1-13


### Revista Brasileira De


### Sexualidade Humana Issn 2675-1194
Doi: Https://Doi.Org/10.35919/Rbsh.V36.1264

públicas no campo da sexualidade humana (Ribeiro et al., 2019), indaga-se se, por essas serem relativamente
recentes, as mudanças por elas provocadas têm impactado de forma positiva no conhecimento adquirido pelos
responsáveis familiares e na qualidade da educação sexual oferecida aos adolescentes nesse contexto.

Acredita-se que o processo de ES de adolescentes deve ser conduzido de modo que lhes seja concedido
mais que um conjunto de orientações preventivas [de caráter epidemiológico].

É preciso que eles tenham
acesso a informações que abarquem temas como: integridade física, emocional, autonomia, autocuidado,
confiabilidade etc.; ou seja: uma educação pelo paradigma emancipatório (Figueiró, 2020).

No âmbito
científico, o público de adolescentes e jovens tem sido objeto de várias investigações acerca de temáticas
relacionadas à sexualidade, entretanto, durante a busca de materiais para a realização do presente estudo,
verificou-se que ainda há baixa produção científica no Brasil abarcando todo o sistema familiar.

Nesse
direcionamento, nota-se a importância de que estudos analisem a educação sexual associada a problemáticas
das relações humanas (como a dinâmica familiar), e que levem em conta “a cultura, o tempo, o lugar e os
demais aspectos relacionais, contextuais e processuais que as envolvem” (Silva et al., 2015, p.

678).

Pelo
exposto, a investigação de que trata este estudo consistiu em revisão narrativa de literatura (Casarin et al.,
2020), o enfoque foi dado em como o tema da sexualidade tem sido abordado no conjunto de produções
científicas em torno da temática da ES no contexto familiar, com vias a responder e produzir análise crítica
sobre a seguinte questão: Como as famílias brasileiras têm tratado do tema da sexualidade com seus filhos
adolescentes?

Método
Revisões narrativas (RN) têm como intuito a identificação e a descrição de produções anteriores sobre
um determinado tema, com vias a buscar lacunas ainda não abordadas em estudos (Ferrari, 2015).

Podem ter
questões mais amplas e resultam, habitualmente, numa inovação conceitual (Casarin et al., 2020).

As etapas
de uma RN contemplam a seleção de um tema ou pergunta que direcionam os procedimentos metodológicos,
a saber: a) levantamento de informações na literatura científica; b) construção do corpus de revisão; c) leitura
e análise; d) a redação da revisão com as devidas referências (Sousa et al., 2018).

A análise foi realizada com
procedimentos da Análise Temática de Braun e Clarke (2019).

Optou-se pelo recorte temporal da década 2012-2022, devido à intensificação dos embates ideológicos,
face à sexualidade humana em várias esferas sociais e ao aumento de produções científicas sobre o assunto
neste período.

Por conseguinte, dois pesquisadores procederam a busca do material e a criação de bancos de
dados distintos, comparados em etapa posterior com a participação de um terceiro juiz.

As bases de dados
utilizadas para a busca foram: Scielo (Scientific Eletronic Library); Pepsic (Periódicos eletrônicos em
Psicologia); LILACS (Literatura Latino-Americana e do Caribe em Ciências da Saúde); Redalyc (Sistema de
Información Científica Redalyc, Red de Revistas Científicas); Portal de Periódicos CAPES, e Catálogo de Teses
e Dissertações da CAPES.

Os termos utilizados para o levantamento foram: “Educação Sexual” e/ou
“Sexualidade”; “Adolescência”; combinados com “Família” e/ou “Contexto Familiar” e os equivalentes nos
idiomas inglês e espanhol.

A construção do corpus de análise foi realizada por meio da leitura e comparação
do material pré-selecionado pelos dois pesquisadores.

O terceiro juiz integrou a equipe para analisar a
pertinência do conjunto componente do corpus à pergunta tema de pesquisa.

Considerou-se relevante para o presente estudo as produções que dispuseram de ao menos um dos
seguintes elementos: descrição da abordagem utilizada para educação sexual em família, os valores e as
práticas intrafamiliares, os aspectos culturais implicados no contexto familiar para a educação sexual.

Não
foram consideradas produções que trataram da educação sexual fora do contexto de trabalho com famílias
brasileiras, tais como: levantamento e análise de documentos públicos e literatura paradidática.

Optou-se por
trabalhar com o contexto familiar de um modo amplo, sem especificidades.

Após a consulta às bases de dados, procedeu-se à leitura dos resumos e recuperação do material, com
a devida exclusão dos que não se encontraram nos critérios estabelecidos.

Foram encontradas 67 produções
textuais, dentre as quais: 57 eram artigos, 06 dissertações e 04 teses.

Ao final do processo de tematização,
26 produções foram selecionadas para compor o corpus de análise (02 teses, 02 dissertações e 22 artigos).

As
41 produções excluídas não atenderam aos critérios de inclusão do presente estudo.

RBSH 2025, 36, e1264, 1-13


### Revista Brasileira De


### Sexualidade Humana Issn 2675-1194
Doi: Https://Doi.Org/10.35919/Rbsh.V36.1264

## Pimenta, L. C. P.; Nascimento, C. R. R.; Rodrigues, M. P. S.

Todas as 26 produções selecionadas foram submetidas à leitura criteriosa de seu conteúdo na íntegra
e, como resultado dessa, foram selecionados e agrupados trechos que tratavam de temas relevantes ao
objetivo do trabalho.

O material selecionado foi codificado e organizado em temas norteadores para a
produção do texto, quais sejam: Educação Sexual pela perspectiva dos Responsáveis; Educação Sexual pela
perspectiva dos Adolescentes; Questões de gênero e diversidade na educação sexual na família; A mãe como figura
central na educação sexual dos adolescentes; Reflexões conclusivas sobre a educação sexual na família brasileira
com adolescentes.

Resultados
Educação Sexual pela perspectiva dos responsáveis: tema importante, mas difícil
Sob o prisma dos responsáveis, sendo esses pais, mães e avós, foram encontradas informações nos
estudos analisados as quais revelaram que, embora esses considerem a importância da educação sexual, em
geral, verificam-se dificuldades no estabelecimento de diálogo direcionado à educação sexual dos filhos e filhas
adolescentes.

Entre as dificuldades encontradas para que a ES ocorra na família, verificou-se que muitos
responsáveis justificam que esperam a oportunidade correta para dialogar sobre o tema, mas, ao mesmo
tempo, têm receio de o fazer.

Parte das dificuldades se deve aos sentimentos de vergonha, desconforto e
medo vivenciados pelos responsáveis, além de seu desconhecimento sobre a temática.

Assim, não tratar do
assunto é considerado como uma estratégia para evitar passar por constrangimentos diante dos filhos
(Machado, 2017).

O estudo de Machado (2017), oriundo de sua tese, investigou a construção dos saberes sobre a
sexualidade pelas famílias ao longo da vida.

Segundo a autora, os pais tentam se preparar, ensaiando
previamente o que vão falar para os filhos, contudo, outros acreditam – por vergonha ou pudor – que a tarefa
de educar para a sexualidade não faz parte de suas atribuições na criação dos filhos.

Os responsáveis apostam
na esperança de que a geração dos filhos terá mais êxito na comunicação sobre o tema, se comparada à deles
(Machado, 2017).

Verificou-se que, apesar de por própria experiência saberem que a adolescência é um período em que
ocorre uma vivência mais intensa da sexualidade, alguns responsáveis evitam tratar de conteúdos relacionados
por acreditarem que uma maior abertura sobre o tema implicaria a adoção de conduta permissiva,
influenciando os filhos à iniciação sexual (Nery et al.,2015; Queiros, 2012).

Também atribuem à timidez (dos
filhos e a própria) a dificuldade encontrada para ensinar e conversar sobre o tema (Machado, 2017; Nery et
al., 2015; Queirós, 2012; Rapatão, 2015; Savegnago; Arpini, 2016a, 2016b, 2014).

Outra dificuldade dos responsáveis está na ausência de consenso sobre quem deve tomar a iniciativa
pela abordagem do tema, bem como escolher o momento para que essa ocorra.

Há famílias que atribuem a
si próprias essa responsabilidade, seguido da escola e das instituições religiosas (Queirós, 2012).

Irmãos mais
velhos também são mencionados como figuras que assumem essa função quando os pais não conseguem
ensinar (Savegnago; Arpini, 2016b).

Algumas famílias alegam que a iniciativa sobre o assunto sexualidade deve
partir do próprio adolescente, e que não há necessidade de abordagem do tema em contextos nos quais não
há procura por informações (Rapatão, 2015).

Há também a menção de que não é preciso muita preocupação,
uma vez que há espaços, como a escola, que assumem o papel informativo (Savegnago; Arpini, 2016b).

Todavia, verificou-se que ocorrem críticas das famílias sobre o modo como as instituições escolares lidam com
o tema, com a justificativa de que deveria ser direcionada apenas a adolescentes maiores de 15 anos
(Savegnago; Arpini, 2016b).

Outro ponto destacado nos estudos sob análise foi o uso pelos responsáveis de práticas repressivas e
de mitos para o controle do comportamento dos filhos e filhas.

Foram identificados conteúdos como:
imposição de regras para proibição dos filhos de falarem sobre qualquer assunto que remetesse à sexualidade
e ao uso de castigos; além da reprodução de mitos, como a possibilidade de engravidar por meio do beijo ou
pelo contato com o assento utilizado por um homem.

Segundo Savegnago e Arpini (2018, p.

16), “um dos
motivos pelo qual é difícil falar de forma aberta sobre o tema da sexualidade é o fato de que este assunto ainda
é envolto por muitos preconceitos, mitos, tabus e por uma forte carga emocional”.

RBSH 2025, 36, e1264, 1-13


### Revista Brasileira De


### Sexualidade Humana Issn 2675-1194
Doi: Https://Doi.Org/10.35919/Rbsh.V36.1264

Por outro lado, nos estudos analisados, pôde-se também verificar que algumas famílias reconhecem que
a ES pode ser facilitada pela postura de acolhimento e de orientação sobre sexualidade com os filhos, bem
como pela abordagem de temas como a prevenção ao contágio por IST e as gestações não planejadas
(Furlanetto et al., 2019).

Verificou-se que a orientação precoce, adotada por algumas famílias, visa a prevenir
surpresas diante de questionamentos sobre sexualidade e proporcionar um ambiente favorável para que os
adolescentes possam focar em seus estudos e na construção de sua identidade (Danzmann et al., 2022).

É
importante, dessa forma, salientar que, apesar da presença de fatores que prejudicam e dificultam a
concretização do diálogo sobre sexualidade, uma parcela dos familiares responsáveis reconhece a importância
da educação sexual, e busca orientar seus filhos adolescentes (Queirós, 2012; Savegnago; Arpini, 2016a,
2016b).

Há esforço por parte desses para superar entraves no diálogo, buscando utilizar eventos ocorridos
em sua própria história, como exemplo na educação sexual dos filhos (Delatorre et al., 2015, Savegnago;
Arpini, 2013).

Educação Sexual pela perspectiva dos adolescentes: contextos de aprendizagem
Sob o prisma dos adolescentes, ressaltou-se na análise os contextos nos quais a ES ocorre.

Foram
identificados quatro contextos principais mencionados por adolescentes nos estudos: família, amigos, escola,
e por meio do uso de dispositivos tecnológicos (acesso aos conteúdos disponíveis na internet e trocas de
mensagens).

Em cada um dos contextos citados foi possível identificar situações em que a ocorrência de
diálogo é facilitada ou prejudicada.

No contexto familiar, ainda considerado como o ambiente de preferência para aprendizagem sobre o
tema pelos adolescentes, verifica-se que o diálogo ocorre de maneira facilitada, sobretudo, quando os
responsáveis já vivenciaram alguma dificuldade relacionada ao tema em sua juventude e desejam que com os
filhos seja diferente.

Neste ínterim, a figura da avó é mencionada por eles como alguém que pode auxiliá-los
devido à ampla experiência de vida (Marcondes et al., 2021; Savegnago; Arpini, 2013).

Em contrapartida, as dificuldades no diálogo se dão, principalmente, por desconforto dos pais no trato
dos assuntos que envolvem a sexualidade e pela resistência dos filhos (Silva et al., 2021).

Os adolescentes
reiteram que, mesmo quando eles fazem perguntas, em muitos casos, os pais não abordam o assunto por
acharem que não estão no tempo adequado para serem informados sobre ele (Danzmann et al., 2022).

Segundo os adolescentes, outra postura utilizada pelos responsáveis é desviar do assunto de forma mais
aberta, recorrendo a mitos, como demonstrado no relato contido no estudo de Savegnago e Arpini (2013, p.

937): “a minha prima, ela estava olhando televisão e ela viu cenas de sexo.

Aí ela pediu: ‘Mãe, o que é sexo?’.

Aí a mãe dela disse: ‘Oh, se tu fizer isso as tuas pernas vão ficar tortas e tu nunca mais vai conseguir andar!’”.

Adolescentes também mencionam o contexto de amizade como propício para a aprendizagem sobre a
sexualidade.

Por exemplo, consideram a busca de informação com amigos que já tenham experiências e que
possam sanar dúvidas.

Essa aproximação ocorre também pelo fato de que muitos adolescentes sentem medo
de falar com os pais, optando por recorrer aos seus pares como fonte de informação, ainda que haja receio
de exposição de sua intimidade por parte dos amigos (Gondim et al., 2015).

A escola foi apontada como outro contexto de no qual a ES ocorre.

Os adolescentes avaliam que é um
ambiente onde podem acessar algumas informações, ainda que exista o sentimento de desconforto e o receio
de serem expostos pelos professores.

O conteúdo sobre sexualidade ensinado na escola não é avaliado como
sendo suficiente para ensinar sobre todos os aspectos do fenômeno, por ter o foco em questões anatômicas,
mas ajuda os adolescentes a perceberem o risco de exposição e contaminação por IST, por exemplo
(Furlanetto et al., 2019).

Esses avaliam, ainda, que o conteúdo programático não os auxilia na tomada de
decisão quanto à iniciação sexual, o que é atribuído ao fato de que há recriminação de muitas famílias em
relação ao conteúdo ministrado (Marcondes et al., 2021).

Por fim, o uso de ferramentas tecnológicas é mencionado como um importante espaço de
aprendizagem da sexualidade pelos adolescentes.

Adolescentes trocam mensagens entre os pares e buscam
informações na internet – local que consideram ser um ambiente confortável e confiável para elucidar dúvidas
(Furlanetto et al., 2019).


### Rbsh 2025, 36, E1264, 1-13


### Revista Brasileira De


### Sexualidade Humana Issn 2675-1194
Doi: Https://Doi.Org/10.35919/Rbsh.V36.1264

## Pimenta, L. C. P.; Nascimento, C. R. R.; Rodrigues, M. P. S.

Questões de gênero e diversidade na educação sexual na família
Esse tema compareceu de forma transversal nos estudos tanto para responsáveis como para os
adolescentes.

Foram identificadas informações relativas à diferença imposta pelos pais na criação de meninas
e meninos, bem como a presença da LGBTQIAP+fobia nas relações familiares (Freitas et al., 2021; Silva et
al., 2015; Soliva; Silva Junior, 2014), além de prevalência da cuidadora feminina como responsável pela
educação sexual na família.

No contexto das adolescentes do sexo feminino, as pesquisas indicaram que essas
jovens são orientadas a evitar brincadeiras ou interações com meninos, sob o risco de serem estigmatizadas
com termos pejorativos (Carvalho et al., 2019).

As adolescentes relataram que são limitadas em relação a sair
para dormir em outra casa, e são orientadas a não usarem saias e roupas curtas; isso se deve, principalmente,
ao medo de suas mães frente à possibilidade de gestação precoce e de serem tachadas como vulgares (Silva
et al., 2021).

Em relação a LGBTQIAP+fobia, foi possível identificar que o receio de que haja incompreensão e
postura agressiva por parte dos pais faz com que muitos adolescentes evitem expor suas questões sobre o
tema e buscar apoio na família (Furlanetto et al., 2019).

Assim, questões sobre gênero e diversidade perpassam
os discursos dos responsáveis e se caracterizam como elementos que prejudicam a comunicação intrafamiliar.

No que se refere à figura responsável pela ES dos adolescentes, a mãe aparece como a pessoa de
referência para os adolescentes, em ambos os eixos – principalmente em se tratando de meninas (Machado,
2017).

A mulher assume o papel de educadora sexual por dois motivos principais: o primeiro deles é o fato
de que os companheiros lhes delegam a tarefa; e, em segundo, porque, diante da ausência de apoio dos
cônjuges, preferem assumir a responsabilidade e evitar que os filhos passem por dificuldades semelhantes por
ausência de informação (Machado, 2017).

Nos estudos analisados, a figura paterna foi apontada como alguém que, majoritariamente, não se
envolve de forma direta na educação sexual, seja pela justificativa de não gostar do assunto e do cansaço da
jornada de trabalho, pelo uso da força física ou por impedir que adolescentes, principalmente as meninas,
expressem-se sobre o tema (Delatorre, 2015; Savegnago; Arpini, 2013).

No caso das mães, os estudos
apontam que elas possuem maior dificuldade para dialogar sobre sexualidade com os filhos do sexo masculino
(Savegnago; Arpini, 2014), uma vez que atribuem essa tarefa à figura paterna (Savegnago; Arpini, 2016b).

Todavia, os relatos reforçam a assimetria do cuidado, cabendo à mãe o papel de figura central na ES de filhos
e filhas (Machado, 2017).

Discussão
Reflexões conclusivas sobre a educação sexual na família brasileira com adolescentes
Os temas encontrados evidenciaram que as famílias brasileiras lidam com a questão da sexualidade com
seus filhos adolescentes de maneira pouco coesa.

Em geral, a educação recebida pelos adolescentes é
permeada de valores, crenças e aprendizados embasados na trajetória de vida dos membros da família
(Marcondes et al., 2021; Savegnago; Arpini, 2013).

Nota-se que, habitualmente, os responsáveis tendem a
negligenciar os aspectos afetivos e emocionais da sexualidade, e restringem suas orientações a questões de
cunho biológico (Danzmann et al., 2022; Furlanetto et al., 2019; Machado, 2017; Savegnago; Arpini, 2016b,
2014).

Além disso, as dificuldades em lidar com a sexualidade de filhos adolescentes apontadas pelas famílias
na literatura científica brasileira foram maiores do que as facilidades.

Esse quadro faz com que exista uma série
de lacunas no conhecimento compartilhado com os filhos, que se consolida na postura omissa de alguns
responsáveis em relação ao tema, e por seu próprio desconhecimento de causa (Machado, 2017; Savegnago;
Arpini, 2016b, 2014; Nery et al., 2015).

Sobre o sentimento de despreparo, familiares alegaram não possuir o
conhecimento necessário para sanar as dúvidas dos adolescentes sobre sexualidade (Machado, 2017;
Savegnago; Arpini, 2016b, 2014; Nery et al., 2015) – fato que evidencia a lacuna na educação sexual recebida
pelos responsáveis.

Em grande parte do material analisado foi possível evidenciar que, ainda, a ausência de diálogo está
aliada à imposição de regras e valores morais nas famílias brasileiras.

A presença de práticas repressivas e mitos
no âmbito familiar, além de ser um equívoco científico, impede que o diálogo se estabeleça de forma
RBSH 2025, 36, e1264, 1-13


### Revista Brasileira De


### Sexualidade Humana Issn 2675-1194
Doi: Https://Doi.Org/10.35919/Rbsh.V36.1264

emancipatória e, portanto, mais saudável (Furlanetto et al., 2019; Savegnago; Arpini, 2018).

A preferência por
postergar o início da vida sexual dos filhos, apontada por várias famílias brasileiras, coloca como condição para
os adolescentes que esses tenham uma posição educativa e profissional sólida; porém, implica o igual
adiamento de discussões sobre o assunto (Danzmann et al., 2022).

Tal postura se caracteriza como incoerente
ao discurso preventivo pela educação, denotando ser mais um paliativo para a afirmação da postura ideológica
e religiosa das famílias, do que uma prática de cuidado propriamente dita para com a vivência da sexualidade.

Outro ponto que reforça a incoerência na ES familiar é a presença da noção equivocada de que existe
um período exato da vida para se tratar do tema, qual seja: a entrada na adolescência.

Ao mesmo tempo em
que os responsáveis reforçam tal tese, essas não têm cultivado a aproximação com o tema na família de forma
a favorecer um diálogo emancipatório com seus filhos adolescentes, resultando em uma carência de
conhecimento sobre a sexualidade humana (Queirós, 2012).

Nota-se que essa postura reforça atitudes
negativas sobre a sexualidade, tais como a manutenção de tabus e o receio de que a educação familiar tenha
que adentrar em um tema velado.

É como consequência dessa postura que ocorre a transferência involuntária
da responsabilidade educativa para outros personagens (instituição religiosa, profissionais da saúde, assistência
social, educação) (Queirós, 2012).

No que se refere à religiosidade, essa foi apontada como importante para a formação de valores
pessoais e familiares sobre a sexualidade (Marcondes et al., 2021).

Nota-se que diferentes religiões dispõem
de maneiras variadas de pensar e lidar com esse aspecto da vida, e os conteúdos transmitidos ainda direcionam
comportamentos e pensamentos que são determinantes para o modo como a família repassa aos adolescentes
a educação sexual.

Apesar de os responsáveis reiterarem que a família deve ser a promotora de ensinamentos
sobre o tema, é comum que ocorra a transferência de responsabilidade da educação sexual dos filhos para
núcleos religiosos, sob a alegação de que esses dispõem de ferramentas adequadas para ensinar.

Porém,
religiões cuja fundamentação teológica reforça a castidade e [muitas vezes] o celibato, encontram resistência
dos adolescentes no que se refere a seguir suas regras, sobretudo quando essas são ensinadas como dogmas.

Em contrapartida, quando repassadas de maneira não impositiva e dogmática, podem agir como um
direcionamento para a vida desses adolescentes de modo saudável – assim como no caso mencionado em
Marcondes et al.

(2021).

Quando a ES se estende para a escola, verifica-se que as famílias veem a instituição como aliada, mas
acreditam que os conteúdos ensinados precisam ser monitorados pelos responsáveis para que não haja
apresentação de temas inadequados à idade em que os filhos se encontram (Araújo; Lima, 2024; Savegnago
Arpini, 2013).

Essas informações reforçam que, apesar de apostarem na escola como apoio, os pais exigem o
monitoramento das informações repassadas, todavia, não o fazem.

Não há consenso sobre como esse
monitoramento deve ser feito, e quem definiria os assuntos a serem tratados com os adolescentes.

Nesse
sentido, persiste a inconsistência entre o que se acredita que deve ser feito e o que é mais favorável para a ES
dos adolescentes.

Por outro lado, estudos mostraram que famílias brasileiras acreditam que a escola é mais apta e precisa
assumir o papel de abordar assuntos relacionados à sexualidade (Rapatão, 2015; Savegnago; Arpini, 2013,
2014).

Acrescenta-se ainda que os temas abordados na escola são os que os familiares indicaram que têm mais
facilidade de abordar (gravidez precoce e o contágio por IST).

Isso demonstra que os responsáveis têm
facilidade para conversar sobre os temas que eles mesmos tiveram acesso ao longo da vida: em geral aqueles
que têm relação com o paradigma médico preventivista.

Essa análise reforça a importância de ações e
programas voltados à preparação da família na abordagem ampla do tema da sexualidade (Araújo; Araújo Lima,
2014; Angelo et al., 2021).

Autores apontam que as mães, principal personagem na ES, têm recorrido aos
profissionais das Unidades Básicas de Saúde ou às equipes da Estratégia da Saúde Família para que seus filhos
tenham acesso a explicações sobre diversas questões relacionadas à sexualidade, como prevenção às doenças
sexualmente transmissíveis e métodos contraceptivos (Savegnago; Arpini, 2014).

Verificou-se que um contexto seguro de aprendizagem é valorizado – e aproveitado – pelos
adolescentes, ainda que a adolescência seja marcada pelo desejo de autonomia, inserção social e interação
extrafamiliar.

Enquanto adolescentes anseiam pela possibilidade de tratar sobre assuntos como as orientações
sexuais, identidades e papéis de gênero, os responsáveis estão preocupados majoritariamente com o contágio
por IST e a evitação de uma gravidez precoce.

Contudo, a busca pela sensação de prazer, aceitação,
RBSH 2025, 36, e1264, 1-13


### Revista Brasileira De


### Sexualidade Humana Issn 2675-1194
Doi: Https://Doi.Org/10.35919/Rbsh.V36.1264

## Pimenta, L. C. P.; Nascimento, C. R. R.; Rodrigues, M. P. S.

experiência de intimidade e de reciprocidade afetiva sem orientação adequada pode levar adolescentes a
comportamentos arriscados (ex.: uso de bebidas alcóolicas e psicoativos, práticas sexuais sem prevenção),
gravidez precoce, contágio por IST e a vivenciarem situações de violência (no namoro e sexual) – como
apontado por Patrocínio e Nascimento (2018).

Apesar da preocupação com a vivência da sexualidade dos adolescentes ser majoritariamente
direcionada pela família [e sociedade] à prevenção de IST, existem outros riscos que são de ordem emocional
e psicológica.

Daí a importância de que a educação sexual seja desempenhada considerando o contexto dos
adolescentes com seus próprios fatores de influência (Figueiró, 2020; Furlanetto et al., 2019).

Há casos em
que a resistência e o constrangimento dos familiares acarretam ausência completa de discussões relacionadas
à sexualidade, ainda que o adolescente busque iniciar o diálogo e solicite orientações (Queirós, 2012;
Savegnago; Arpini, 2016b).

Acrescenta-se que o uso de castigos físicos e a prática de violência psicológica são
fatores que dificultam a comunicação e o estabelecimento relações proximais positivas (Bronfenbrenner;
Morris, 2006), sobretudo entre responsáveis do sexo masculino e adolescentes meninas (Savegnago; Arpini,
2013).

Reitera-se que outros contextos foram evidenciados pelos adolescentes como importantes meios de
aprendizagem sobre a sexualidade.

São eles: amigos, escola, com destaque para as tecnologias de informação
e comunicação (Danzmann et al., 2022; Marcondes et al., 2021; Furlanetto et al., 2019; Gondim et al., 2015;
Savegnago; Arpini, 2013).

O risco do uso dessas tecnologias sem monitoramento se dá pelo fato de que elas
se tornam um local impróprio para a aprendizagem, no sentido de que os adolescentes têm acesso irrestrito
a conteúdos que podem não ser adequados para sua idade.

Responsáveis apontam a internet como um perigo
potencial, dado à existência de conteúdos inapropriados à idade, mas esses não conseguem realizar o controle
de acesso dos filhos.

De fato, é preciso adequar os conteúdos a cada faixa etária; entretanto, nota-se que as
dificuldades narradas pelos adolescentes ocorrem devido a um conjunto complexo de fatores que dizem
respeito ao pudor e ao silenciamento entre gerações, deixando velado o tema da sexualidade (Furlani, 2017;
Rapatão, 2015).

No que se refere à transmissão intergeracional de conhecimento, a figura da avó foi apontada pelos
adolescentes como aliada no aprendizado sobre a sexualidade.

Esse fato importante, apresentado nos relatos
dos estudos levantados, foi associado ao fato de que a avó exerce a função de responsável pela criação dos
netos.

Isso porque, no estudo no qual as avós foram mencionadas, as mães/pais não dispunham de condições
para criá-los, uma vez que tiveram seus filhos ainda na adolescência.

Assim, as experiências pessoais das avós
muitas vezes favorecem a abertura ao diálogo com os adolescentes – um aspecto proximal positivo para a ES
dos netos – e, consequentemente, para o desenvolvimento socioemocional desses (Savegnago; Arpini, 2013).

Verificou-se, ainda, o papel da mãe como principal transmissora de conhecimento sobre o tema da
sexualidade humana, o que reforça os estereótipos de gênero presentes na sociedade brasileira; em que cabe
à figura masculina o papel de provedor financeiro, e à mulher a de cuidado com a criação e orientação para o
futuro.

Esse dado corrobora com o fato de que a assimetria no cuidado parental tem historicamente colocado
as mulheres como responsáveis pelo cuidado e demonstração de afeto nas relações familiares, eximimindo
dessa atribuição a figura masculina – legitimada a empreender a educação pela força.

Afirma-se que a ES no âmbito familiar deve ser iniciada ainda na infância, levando-se em consideração
os conteúdos adequados e os objetivos que os responsáveis têm para tal (Furlani, 2017).

É imprescindível as
famílias compreenderem que não é o fator reprodutivo que justifica as manifestações sexuais, a descoberta
do corpo está intimamente ligada com a aprendizagem e a expressão da sexualidade humana.

Os oito princípios para uma educação sexual formal, elaborados por Furlani (2017), também se aplicam
às práticas possíveis para a família.

Os pontos a seguir podem ser considerados pelos responsáveis para que a
ES ofertada seja de caráter emancipatório: a) a ES no âmbito familiar deve começar na infância; b) descobrir
o corpo é aprender sobre si e expressar a sua sexualidade; c) não é o ato de reprodução que justifica as
manifestações sexuais, isto é: somos seres complexos e a sexualidade tem características biopsicossociais e
culturais; d) meninos e meninas devem aprender sobre os mesmos conteúdos; e) há conteúdos adequados a
cada faixa etária; f) evitar lacunas nas conversas sobre o tema, para tal é preciso que se responda aquilo que o
filho perguntar.

E caso não saiba o que responder, é importante que se busque ajuda ou pesquise sobre o
tema.

Os familiares são capazes de entender que a iniciação sexual é um processo inevitável na vida de seus
RBSH 2025, 36, e1264, 1-13


### Revista Brasileira De


### Sexualidade Humana Issn 2675-1194
Doi: Https://Doi.Org/10.35919/Rbsh.V36.1264

filhos, sendo fundamental fornecer as devidas orientações para evitar que eles se engajem em
comportamentos de risco.

Para que haja facilidade do diálogo sobre sexualidade é preciso que as famílias brasileiras busquem
manter uma relação de confiança e de proximidade positiva com os adolescentes (Bronfenbrenner, 2005).

Os
responsáveis devem se atentar ao zelo por aspectos cruciais na consolidação de um vínculo protetivo
recíproco.

Nesse sentido, destacam-se como fatores importantes para que a ES ocorra de forma
emancipatória e saudável na família: a) ter iniciativa para o diálogo; b) abordar o tema de forma aberta; c)
reduzir o sentimento de vergonha; d) não utilizar práticas repressivas na educação sexual; e) escutar
atentamente às colocações dos adolescentes e responder as dúvidas, ainda que para tal precise buscar ajuda
em sistemas externos ao familiar; e, f) compreender que os adolescentes também são capazes de ensinar
sobre aspectos da sexualidade a partir de suas próprias vivências (Figueiró, 2020; Furlani, 2017).

Os valores familiares são importantes e precisam ser discutidos com as crianças e adolescentes, mas
não devem ser impostos a eles.

A família deve ser capaz de justificar o porquê de adotar uma determinada
postura sobre a sexualidade, de modo que as crianças possam decidir se querem ou não seguir os valores.

Isso
não implica permitir que o adolescente seja desrespeitoso, mas empático e que desenvolva capacidade de
tomar decisões face à sua própria vida.

Valores como respeito, solidariedade e direitos humanos também
fazem parte da ES e famílias que dialogam com respeito e empatia conseguem estabelecer vínculos proximais
duradouros e positivos entre si.

Considerações finais
O presente estudo demonstrou que as famílias brasileiras ensinam sobre sexualidade a seus filhos
adolescentes de maneira pouco coesa.

Elementos religiosos se sobrepõem ao diálogo emancipatório, e a
afirmação da necessidade de acompanhamento desse aspecto da vida dos adolescentes não se concretiza, uma
vez que esses têm acesso irrestrito a conteúdos muitas vezes inapropriados, por meio do uso das tecnologias
e do compartilhamento de informações com amigos.

Apesar de entenderem a escola como importante âmbito
de ensino, no que se refere à sexualidade, as famílias preferem que o tema seja monitorado, fato que
demonstra incoerência entre o que se espera da instituição e o que se permite ser feito.

Outra contradição no discurso e prática das famílias é caracterizada pelos conteúdos por elas ensinados.

Os resultados demonstraram que os responsáveis têm facilidade em tratar apenas de conteúdos que já são
abordados na grade curricular da escola.

E, mesmo reforçando a importância de que os filhos aprendam sobre
o tema, em geral, não se sentem aptos a ensiná-los (por vergonha, timidez, e por desconhecimento de causa
face a novos temas).

Os adolescentes anseiam discutir aspectos socioculturais da sexualidade (como as
orientações sexuais, identidades e papéis de gênero), que são mais presentes em seu cotidiano; enquanto os
responsáveis se preocupam com aspectos biológicos (a gestação, por exemplo).

No que se refere às potencialidades deste estudo, verifica-se que, tal como preza a Teoria Bioecológica
do Desenvolvimento, a realização de pesquisas em contextos de desenvolvimento das famílias pode
proporcionar dados mais fidedignos para a elaboração e implementação de programas e intervenções eficazes
aos contextos nos quais vivem.

Nesse sentido, acredita-se que, por meio da análise crítica dos resultados
obtidos, o presente estudo contribui para a construção de um panorama acerca de como as famílias brasileiras
têm tratado o tema da sexualidade humana.

Uma das lacunas encontradas refere-se à ausência de estudos
voltados às intervenções psicossociais com famílias, tendo em vista que a maior parte das pesquisas fora
desenvolvida no âmbito da saúde e da educação.

Agradecimentos
O presente trabalho foi realizado com apoio da Coordenação de Aperfeiçoamento de Pessoal de Nível
Superior – Brasil (CAPES) – Código de Financiamento 001.

Nesse sentido, agradecemos à instituição pelo
fomento à pesquisa realizada.


### Rbsh 2025, 36, E1264, 1-13


### Revista Brasileira De


### Sexualidade Humana Issn 2675-1194
Doi: Https://Doi.Org/10.35919/Rbsh.V36.1264

## Pimenta, L. C. P.; Nascimento, C. R. R.; Rodrigues, M. P. S.

## Pontos-chave

- Documento acadêmico processado
- Conteúdo organizado em seções
- Formatação melhorada para leitura

---

> *Documento convertido de PDF para Markdown com estrutura organizada*",,imported
98e47d4f0238687e,O campo da sexologia no Brasil:,file:///Users/paulorezende/Documents/Personal_AI_powerhouse updated/personal-ai-space/knowledge/articles/Estudo do campo da sexologia no Brasil - constituição e institucionalização.md,,,,2026-06-12T06:19:56.849512+00:00,"article, conteúdo-principal, introdução, knowledge, pontos-chave",O campo da sexologia no Brasil:,"# O campo da sexologia no Brasil:

---
type: academic-paper
date:  constituição e institucionalização
status: processed
---

## 📋 Sumário

- [Introdução](#introdução)
- [Conteúdo Principal](#conteúdo-principal)
- [Pontos-chave](#pontos-chave)

## Introdução

Este documento contém informações sobre **o campo da sexologia no brasil:**.

## Conteúdo Principal

O campo da sexologia no Brasil:
constituição e institucionalização*

| 1Jane A. Russo, 2Fabíola Rohden, 3Igor Torres, 4Livi Faro |

Resumo: Neste artigo apresentamos e discutimos os resultados parciais da investigação sobre a constituição do campo da sexologia contemporânea no Brasil, parte da pesquisa comparativa ""Sexualidade, ciência e profissão na América Latina"".

Uma segunda onda sexológica surgiu no Brasil em finais dos anos 1970 no Rio de Janeiro, com um viés essencialmente clínico, e em São Paulo, com um viés educacional.

A década seguinte marcou um período de institucionalização no qual são criadas as duas associações que hoje polarizam o campo em torno de uma sexologia mais eclética e multiprofissional e da chamada ""medicina sexual"", em geral dominada pelos urologistas.

Discutimos os significados dessa polarização em termos das disputas profissionais subjacentes e das concepções de gênero implicadas em tais disputas.

h Palavras-chave: sexualidade; gênero; sexologia; medicina sexual.

Doutora em Antropologia
Social, professora adjunta do
Instituto de Medicina Social da
UERJ; Coordenadora para o
Brasil do Centro Latinoamericano em Sexualidade e
Direitos Humanos/IMS/UERJ;
bolsista de produtividade em
pesquisa do CNPq. Endereço
eletrônico: jrusso@ims.uerj.br.
2

Doutora em Antropologia
Social, professora adjunta do
Instituto de Medicina Social da
UERJ; pesquisadora do Centro
Latino-americano em
Sexualidade e Direitos
Humanos/IMS/UERJ; bolsista de
produtividade em pesquisa do
CNPq. Endereço eletrônico:
fabiola@ims.uerj.br.
3

Mestre em Saúde Coletiva,
Instituto de Medicina Social da
UERJ; pesquisador do Centro
Latino-americano em
Sexualidade e Direitos
Humanos/IMS/UERJ. Endereço
eletrônico:
igortorres7@gmail.com.
4

Mestre em Saúde Coletiva,
Instituto de Medicina Social da
UERJ; pesquisadora do Centro
Latino-americano em
Sexualidade e Direitos
Humanos/IMS/UERJ. Endereço
eletrônico:
livifaro@gmail.com.

| Jane A. Russo, Fabíola Rohden, Igor Torres e Livi Faro |

Introdução

Este artigo tem como objetivo apresentar os resultados parciais de uma investigação em andamento sobre a constituição do campo da sexologia contemporânea no Brasil.

A questão de fundo que buscamos examinar é a chamada medicalização / naturalização da sexualidade, apontada por diferentes autores como um fenômeno que vem se produzindo desde meados do século XIX.

Temos como objetivo delinear a especificidade da medicalização /naturalização tal como se processa na atualidade, levando em conta que o que se chama ""medicalização"" envolve tanto controle social, quanto produção de identidades e de novas formas de subjetividade.

Como objetivo mais amplo, que deverá ser contemplado no final da pesquisa, está a discussão crítica dos dilemas que cercam a sexualidade contemporânea - ora vista como um instinto incontornável e espontâneo, núcleo da liberdade do sujeito, ora como uma espécie de expertise adquirida através de treinamento e tecnologia.

O termo ""sexologia"" foi escolhido por ser uma designação tradicional de modos de intervenção e conhecimento que visam ao atendimento clínico ou à prevenção de distúrbios relacionados à sexualidade.

Esta não é, entretanto, uma designação consensual dentro do campo.

Há uma tendência atual a utilizar os termos ""sexualidade humana"", ""saúde sexual"", ou ""medicina sexual"", cada uma dessas expressões indicando uma certa posição no conjunto de tensões e disputas que marcam o território em questão.

Na verdade, o estudo das formas de autodesignação faz parte de nossa investigação.

Optamos pelo termo ""sexologia"" por seu uso tradicional no decorrer do tempo.

Mantemos, entretanto, a advertência de que, embora seja utilizado por atores e instituições do campo, o uso indiscriminado que dele fazemos é mais uma escolha metodológica do que uma realidade percebida no material pesquisado.

A investigação consistiu, até o momento, do levantamento de sites na internet (de clínicas, sociedades, associações, institutos), busca no site do CNPq e universidades, contatos telefônicos (para complementar dados levantados pela internet), levantamento e exame de três periódicos (Revista Brasileira de Sexualidade Humana, Revista Terapia Sexual e Revista Scientia Sexualis), entrevistas semiestruturadas com 15 profissionais relevantes do campo e observação participante em cinco congressos.

A pesquisa foi conduzida dentro dos padrões éticos exigidos pela Comissão Nacional de Ética em Pesquisa / Conselho Nacional de Saúde / Ministério da Saúde (CONEP/CNS/MS), obedecendo ao disposto na Resolução CONEP nº 196/96.

Physis Revista de Saúde Coletiva, Rio de Janeiro, 19 [ 3 ]: 617-636, 2009

Da ""protossexologia"" à sexologia contemporânea

É possível falar que a sexologia, desde seu início no final do séxulo XIX, conheceu três ""ondas"" sucessivas.

A primeira delas, chamada por André Béjin de ""protossexologia"",2 surgiu na passagem do século XIX ao XX na Europa e sobretudo na Alemanha.

Através do discurso médico, tratava-se de construir uma racionalidade biológico/científica sobre as sexualidades periféricas ao casal e à família, contrapondo-se ao discurso legal ou religioso que tendia a criminalizá-las.

A grande questão que movia os médicos dedicados à nova especialidade era a chamada ""inversão"" - como era então conhecida a homossexualidade.

Neste momento, a medicalização da ""inversão"" era parte de uma luta política.

Havelock Ellis e Magnus Hirshfeld, entre outros, faziam parte do movimento de ""reforma sexual"", que se concentrava na Alemanha, contra o código civil prussiano que criminalizava a chamada ""sodomia"".3

Ao mesmo tempo, a construção da perversão como objeto da medicina constituiu o personagem do perverso sexual, tendo como efeito transformar o que antes era um ato desviante, em identidade (FOUCAULT, 1977).

O manual do psiquiatra forense Richard von Krafft Ebing - Psycopatia sexualis4 - publicado em 1887, transformou-se em texto de referência acerca das perversões da sexualidade, conhecendo enorme sucesso de público.

Segundo Harry Oosterhuis (1997), as cartas enviadas a Krafft Ebing no decorrer dos anos revelavam a felicidade e o alívio dos que se reconheciam nas categorias então descritas, e ofereciam ao psiquiatra-autor histórias de vida a serem incorporadas às novas versões do livro que iam sendo publicadas.

Observamos, portanto, que a identidade forjada pela medicina - por se constituir contra a concepção propriamente criminal ou jurídica de atos passíveis de punição legal - não era de todo antipática aos sujeitos classificados como perversos.

Com o surgimento do nazismo e posterior eclosão da II Guerra Mundial, todo o movimento de reforma sexual alemão sofreu intensa repressão.

Os grandes nomes da sexologia alemã foram obrigados a se exilar, bibliotecas e centros de informação foram destruídos.

Desta forma, de modo semelhante ao que ocorreu com a psicanálise nesse mesmo período, a sexologia mudou-se para os Estados Unidos, e uma ""segunda onda"" sexológica - desta feita americana - surgiu no pós-guerra, mais especificamente nos anos 60/70 do século XX (IRVINE, 2005).

Além da mudança geográfica, uma diferença importante vai distanciar os dois movimentos.

No caso da primeira sexologia, como vimos, a medicalização da sexualidade não se opunha necessariamente à sua politização - ao contrário, os grandes sexólogos da época eram os responsáveis pelo movimento de ""reforma sexual"" que colocava em xeque o status quo.

Nos anos 1960/70, marcados pela cada vez mais radical disjunção entre sexualidade e reprodução, as minorias sexuais vão buscar sua afirmação política contra o discurso médico.

A segunda sexologia, que então surge, deixa de lado as antigas ""perversões"", que se transformam cada vez mais em uma questão de disputa política, passando a se debruçar sobre a sexualidade ""normal"", voltando suas atenções e seu arsenal terapêutico para os casais heterossexuais.

Esta ""segunda sexologia"" tem nas pesquisas de Alfred Kinsey as bases sobre as quais se desenvolve.

Foi Kinsey quem voltou seu interesse para a sexualidade do homem e da mulher ""normais"".

Seus livros, publicados no final dos anos 40 (Sexual Behavior in the Human Male) e início da década de 50 (Sexual Behavior in the Human Female) conheceram um enorme sucesso.

5 Colocando o tema da sexualidade na ordem do dia, trouxeram para o interior da conjugalidade heterossexual comportamentos antes vistos como transgressores ou anormais.

Ainda nos anos 1950, o médico ginecologista William Masters e a psicóloga Virginia Johnson deram início às suas investigações sobre sexualidade na Washington University, em Saint Louis.

Ambos realizaram pesquisas em laboratório com sujeitos humanos, de modo a observar e medir objetivamente o que vieram a chamar de ""resposta sexual humana"".

Em 1966, publicaram o livro Human Sexual Response, e em 1970, Human Sexual Inadequacy.

Neste último, considerado o marco da moderna sexologia, são listadas todas as perturbações possíveis da sexualidade de homens e mulheres e seu tratamento, constituindo-se na pedra de toque de uma especialidade emergente: o terapeuta sexual.

Menos de cinco anos depois de sua publicação, já havia entre 3.500 e 5.000 centros de tratamento para problemas sexuais nos EUA (IRVINE, 2005).

Nesse período surgiram diversos periódicos e sociedades científicas devotadas à sexologia nos Estados Unidos.

O Archives of Sexual Behavior foi fundado em 1971, a International Academy of Sex Research e o Journal of sex and marital Therapy são de 1975.

Em 1978 foi fundada a hoje poderosa World Association of Sexology6 (WAS).

Em 1998, o lançamento do citrato de sildenafil, conhecido comercialmente como Viagra, marcou uma nova transformação no campo da sexologia.

Indicado para os casos de impotência masculina - rebatizada de ""disfunção erétil"" -, o Viagra surgiu como uma pílula mágica que colocou a farmacologia no centro das terapêuticas sexuais, e trouxe importantes reviravoltas na organização profissional do campo.

Surge a terceira ""onda"" da sexologia.

A proposta de Masters e Johnson, posteriormente complementada pela de Helen Kaplan,7 envolve uma terapia psicológica, baseada na psicologia comportamental, e diz respeito sobretudo ao casal, que passa por uma espécie de ""treinamento"" para ""aprender"" a ter relações sexuais prazerosas.

Toda a literatura sexológica dos anos 70 e 80 se concentra basicamente nos problemas relativos ao casal.

Há, em menor escala, trabalhos e pesquisas envolvendo homens, sendo a ""disfunção erétil"" o foco da maior parte desses trabalhos.8

Bem antes do Viagra, portanto, já se buscava algum tipo de tratamento médico para a impotência, fossem as injeções de papaverina ou as próteses penianas.

O surgimento da ""pílula mágica"", entretanto, redimensionou todo o campo dos distúrbios sexuais, tendo como consequências importantes: o surgimento do urologista como ator relevante - senão dominante no campo profissional e científico, e uma tendência a focalizar no corpo do indivíduo problemas que antes poderiam ser interpretados de forma mais ""relacional"".

Assistimos, portanto, a uma ""re-medicalização"" da sexualidade,9 e a um declínio de sua psicologização.

Essas consequências, como veremos, terão implicações relevantes para as relações de gênero tanto no que diz respeito à reorganização profissional do campo, quanto no que tange ao modo mesmo de conceber o ""transtorno"" sexual.

| Jane A. Russo, Fabíola Rohden, Igor Torres e Livi Faro |

que conquistava corações e mentes das camadas médias letradas nos grandes centros urbanos, e com o surgimento paralelo de uma cultura ""alternativa"", que implicou um revival das teorias de Wilhelm Reich.10

A década de 70 foi, no Brasil, um importante momento de transição política entre o período de maior obscurantismo e repressão da ditadura militar (a era Médici) e, a partir do governo Ernesto Geisel, que assumiu o poder em março de 1974, um período de distensão e tímida abertura política.11

Foi também um momento de intensa mobilidade social e simbólica para as camadas médias favorecidas pela política de concentração de renda do regime militar.

Segundo Gilberto Velho, a conjuntura reforçava o projeto individualizante de família nuclear com a ampla veiculação de uma propaganda que enfatizava o consumo e o sucesso material, fosse diretamente por parte do Estado, fosse por grandes empresas, do chamado ""milagre brasileiro"".

É quando insistentemente se enfatiza e se constrói o modelo de família que compra, investe, viaja etc.

Poder-se-ia dizer que é configurada com nitidez o que deveria ser uma família brasileira em uma sociedade capitalista moderna. (VELHO, 1981, p. 70).

Evidentemente, essa reconfiguração da família, se estava calcada em mudanças propriamente econômicas, implicou necessariamente transformações de mentalidade e valores.

Como parte de tais transformações, já na segunda metade dos 70, os grandes centros urbanos assistiram ao florescimento da chamada ""contracultura"", que se difundiu entre os jovens filhos do ""milagre econômico"" (VELHO, 1998; HOLLANDA, 2004).

Centrada em uma intensa revolução dos costumes, tinha como núcleo a chamada revolução sexual.

É também nesse momento que um incipiente movimento de institucionalização reúne, no Rio de Janeiro, médicos e psicólogos em torno do projeto da constituição de um saber e de uma prática sexológica derivada do movimento norte-americano, ou seja, da proposta terapêutica de Masters e Johnson.

Já em fins dos anos 1960, um grupo de discussão sobre problemas ligados à ginecologia, chamado ""Clube da Placenta"", reunia-se regularmente, sob a liderança de Jean Claude Nahoum - médico ginecologista.

Delo também participava o ginecologista Paulo Canella,12 além de outros médicos ligados ao Instituto de Ginecologia e Obstetrícia da Faculdade de Medicina da Universidade Federal do Rio de Janeiro (UFRJ).

No final da década de 70, Geraldo Lana e Araguari Chalar Silva, psicólogos vinculados a uma clínica de atendimento em Terapia Comportamental - a Corpsi -, estimulados pela leitura dos trabalhos de Masters e Johnson, começaram a se interessar pelas propostas da terapia sexual.

Em uma das reuniões do Clube da Placenta, os dois grupos se aproximaram, formando o Núcleo de Sexologia da Sociedade de Ginecologia e Obstetrícia do Rio de Janeiro (SGORJ).

No início dos anos 80, articulados a profissionais de outras partes do país, os integrantes do núcleo da SGORJ fundaram a Comissão Nacional Especializada em Sexologia dentro da Federação Brasileira das Associações de Ginecologia e Obstetrícia (FEBRASGO).

Dela participavam, do Rio de Janeiro, Jean-Claude Nahoum e Araguari Chalar Silva; de São Paulo, Nelson Vitielo; e de Brasília, Ricardo Cavalcanti (todos ginecologistas, com exceção de Araguari).

Testemunhando um grau razoável de permeabilidade da ginecologia a olhares não-médicos, também integravam a comissão psicólogos e outros profissionais, como os educadores.

O movimento inicial para a estruturação do campo da (segunda) sexologia no Brasil foi, portanto, fruto da articulação entre a ginecologia-obstetrícia e a psicologia, cabendo de fato à ginecologia, como especialidade médica, fornecer a legitimação necessária para a nova especialidade.

É necessário lembrar que, neste momento, a psicologia encontrava-se sob forte influência da psicanálise.

A psicologia comportamental, que possui maior afinidade com a leitura sexológica que então surgia com os trabalhos de Masters e Johnson, era bastante marginal entre os profissionais da área.

A permeabilidade da ginecologia-obstetrícia à psicologia certamente tem a ver com a história dessa especialidade médica.

Uma hipótese que podemos avançar é a provável afinidade entre o ""objeto"" da ginecologia-obstetrícia - a mulher - e uma leitura psicológica, ou pelo menos, não tão estritamente física dos males que a acome tem.

A relação entre os órgãos reprodutivos femininos e as afecções ""nervosas"" foi objeto de inúmeros estudos e intervenções no decorrer do século XIX e início do XX (ROHDEN, 2001).

Nos anos 1960 e 1970, o movimento do ""parto sem dor"" já prenunciava a intensa transformação no modo de lidar com a gestação que surgiria nas décadas seguintes e que pode ser resumida pela ideia de ""humanização"" do parto e da gravidez.

Tal transformação, embora possuísse uma vertente de forte crítica à medicina, também congregava uma espécie de vanguarda entre os médicos ginecologistas que buscava uma visão menos restrita aos aspectos puramente biomédicos na assistência à mulher.

Imaginamos, portanto, que a ginecologia-obstetrícia, tendo, desde seus primórdios, lidado com processos ""físico-morais"" (caso da gravidez, parto e puerpério) pudesse, dentre as especialidades médicas, mais facilmente se articular com profissões mais ""morais"" que ""físicas"", como a psicologia.

Entre 1983 e 1989, a Comissão Nacional Especializada em Sexologia da FEBRASGO organizou sete Encontros Nacionais de Sexologia, sendo o primeiro deles em São Paulo e o segundo no Rio de Janeiro.13

No Encontro de Gramado, em 1987, ocorreu a assembleia de fundação da Sociedade Brasileira de Estudos em Sexualidade Humana (SBRASH), sendo então eleita e empossada sua primeira diretoria.

O Encontro do Rio de Janeiro, em 1989, transformou-se assim no I Congresso da SBRASH.

A SBRASH é já fruto de uma tensão que então começava a se instalar.

A Comissão Nacional Especializada em Sexologia da FEBRASGO, que promoveu os primeiros encontros, começou a encontrar resistências dentro da Federação, pelo fato de abrigar em seus quadros profissionais não-médicos, como psicólogos e educadores.

A fundação de uma sociedade multiprofissional foi a saída encontrada para a questão entre a subordinação à medicina e a autonomização da especialidade, que continuará a atravessar o campo.

Pela localização dos diversos encontros, é possível perceber que a sexologia contemporânea, em seus primórdios, se concentrou no sudeste e sul do país, regiões mais prósperas e desenvolvidas, com maior probabilidade de constituir um público consumidor para os novos serviços que então surgiam.

Nesse percurso, não podemos deixar de mencionar a Sociedade Brasileira de Sexologia, fundada em meados dos anos 70, em Guarulhos (SP), num encontro entre médicos interessados no trabalho com sexualidade.

Presidida pelo psiquiatra carioca Isaac Charan, a SBS, sociedade exclusivamente médica, foi responsável pela elaboração da Resolução nº 1.019/ 1980 do Conselho Federal de Medicina, que estabelecia a sexologia como especialidade médica, e pela realização do XI Congresso Mundial de Sexologia no Rio de Janeiro, em 1993.

No contexto atual, trata-se de uma sociedade sem grande expressão no campo, que parece estar desativada.

A institucionalização do campo através da SBRASH ocorre em meio a uma institucionalização acadêmica, no início ainda incipiente, com a criação de um curso de especialização em sexologia no Hospital Moncorvo Filho14 no início dos anos 80 e, posteriormente, a partir da mesma equipe e congregando novos nomes, do curso de pós-graduação lato sensu em sexualidade humana da Universidade Gama Filho (UGF).

No movimento desses dois cursos de especialização, um sucedendo o outro, percebe-se que a relação entre a ginecologia-obstetrícia e a psicologia começa a se inverter.

Embora os fundadores dos dois cursos façam parte das duas especialidades (ginecologistas e psicólogos), a passagem para a UGF foi realizada através da vinculação com o curso de psicologia, e não de medicina.

Duas observações podem ser feitas acerca desse fato.

Em primeiro lugar, embora a ginecologia-obstetrícia oferecesse um ""nicho"" de maior legitimidade do que a psicologia comportamental no momento de constituição do campo, a medicina necessita demarcar fronteiras claras entre suas práticas e as de outros profissionais para manter sua própria legitimidade.

Um alvo especial são os psicólogos, que já vinham disputando espaço com psiquiatras no que diz respeito à prática psicanalítica.

Ou seja, a rivalidade entre as duas profissões já era antiga e dizia respeito justamente à pretensão dos psicólogos de se nomearem ""terapeutas"" e realizarem procedimentos considerados como prerrogativa dos médicos.

Em segundo lugar, o acolhimento da sexologia pelos psicólogos da vertente comportamental, numa universidade particular não especialmente conceituada, indica que esta ""segunda sexologia"" se estrutura nas margens das especialidades e instituições de maior prestígio no meio profissional e acadêmico.

A pós-graduação lato sensu da Universidade Gama Filho deu origem a um mestrado em sexologia - o único do país - que funcionou de 1994 a 2005, com reconhecimento da Coordenação de Aperfeiçoamento de Pessoal de Nível Superior (CAPES) e mais de 100 dissertações defendidas.

Tinha três áreas de concentração: sexologia clínica, sexologia educacional e sócio-sexologia, sendo a área de concentração em sexologia clínica reservada para médicos e psicólogos.

Atraindo profissionais de diversas partes do Brasil, foi responsável por formar parte importante dos sexólogos em atuação no país.

| Jane A. Russo, Fabíola Rohden, Igor Torres e Livi Faro |

não impede que os psicólogos se juntem aos médicos para monopolizar o título de terapeuta, diferenciando-o do de educador.

Em 2002, a Resolução nº 1.634/2002 do Conselho Federal de Medicina revoga a Resolução CFM nº 1.019/1980 e estabelece a sexologia não mais como especialidade médica, mas como área de atuação de ginecologia e obstetrícia e de urologia.15

Isso significa que, para um médico possuir certificado de área de atuação em sexologia, é necessário ser portador do título de especialista em urologia ou ginecologia e obstetrícia.

Em uma nova resolução de 2003 (Resolução CFM nº 1.634/2003), a sexologia aparece como área de atuação apenas da ginecologiaobstetrícia.

A FEBRASGO é a responsável por realizar o concurso de habilitação na área de atuação de Sexologia em Ginecologia e Obstetrícia16.

Não há concurso semelhante na Sociedade Brasileira de Urologia (SBU).

Nesse mesmo ano - 2003 -, a SBRASH, no lugar do antigo concurso de qualificação, passa a oferecer o Título de Especialista em Sexualidade Humana (TESH), concedido através de concurso ou da avaliação de diplomas de associados da SBRASH.

O candidato pode requerer o título nas áreas de terapia sexual, educação sexual ou sócio-sexologia, sendo o primeiro título reservado a portadores do diploma de psicologia ou de medicina.

O curioso neste afã de controlar a atribuição de um determinado título é que em nenhum dos dois casos o controle é de fato exercido.

Seja por falta de rigor do próprio órgão fiscalizador, seja por desinteresse dos potenciais detentores do título.

Através da listagem completa dos médicos do Brasil, disponibilizada no site do Conselho Federal de Medicina, constatamos que somente 17 profissionais possuem o título de especialista ou o certificado de atuação em sexologia.17

Além disso, médicos de outras especialidades (que não urologia ou ginecologia e obstetrícia), como psiquiatria, cardiologia, pediatria, endocrinologia e medicina do trabalho, também o possuem.

No caso do TESH, a página web da SBRASH listava em 2005 somente 42 profissionais detentores do título, sendo 37 pela avaliação de diploma e cinco via concurso.18

Do total, 37 são especialistas em terapia sexual e cinco em educação sexual (quatro por avaliação de diploma e um por concurso) - número bastante reduzido quando sabemos que nesse momento a associação contava com mais de 200 associados.

Percebemos, portanto, que a ocupação é ainda pouco institucionalizada em termos de controle e monopólio do título.

Ou seja, as instituições profissionais

Physis Revista de Saúde Coletiva, Rio de Janeiro, 19 [ 3 ]: 617-636, 2009

## Pontos-chave

- Documento acadêmico processado
- Conteúdo organizado em seções
- Formatação melhorada para leitura

---

> *Documento convertido de PDF para Markdown com estrutura organizada*",,imported
5ce8af282b2c37f7,Estudo do campo da sexologia no Brasil,file:///Users/paulorezende/Documents/Personal_AI_powerhouse updated/personal-ai-space/knowledge/articles/Estudo do campo da sexologia no Brasil .pdf,,,,2026-06-12T06:19:56.850815+00:00,pdf,Estudo do campo da sexologia no Brasil,[PDF file — full text extraction requires OCR/PDF tooling],,imported
4bc3ebaebd7de8d5,LET'S RECAP TO MOVE FORWARD,file:///Users/paulorezende/Documents/Personal_AI_powerhouse updated/personal-ai-space/knowledge/articles/My Theoretical Framework to Approach.md,,,,2026-06-12T06:19:56.978167+00:00,"article, knowledge, study, study_logs",LET'S RECAP TO MOVE FORWARD,"**I. Framing Your Research:**

- **Define Key Terms:** Start by clearly defining ""[[racism]],"" ""[[sexism]],"" ""[[homophobia]],"" ""[[classism]]"" (and any other relevant axes of oppression you want to address) within the specific contexts of [[sexuality]], [[sexology]], [[mental health]], and [[psychotherapy]]. This requires a nuanced understanding of how these systems of power manifest in those fields. What does _sexist_ [[psychotherapy]] look like? In what ways is [[classism]] embedded in [[sexological research]]?
    
- **Theoretical Framework:** Ground your research in relevant theoretical frameworks. Consider:
    
    - **[[Intersectionality]]:** Understand how various forms of [[discrimination]] ([[race]], [[gender]], [[class]], [[sexuality]], etc.) intersect and create unique experiences of oppression for individuals. Kimberlé Crenshaw's work is fundamental here.
    - **[[Critical Race Theory (CRT)]]:** Examine how race and racism have shaped legal systems, social structures, and [[cultural norm]]s, impacting access to and experiences within sexuality, [[mental health]], and psychotherapy.
    - **[[Feminist Theory]]:** Analyze[[ power dynamics]] between [[genders]] and how [[sexism]] manifests in these fields.
    - **[[Queer Theory]]:** Deconstruct [[heteronormative]] assumptions and explore the experiences of [[LGBT]]Q+ individuals.
    - **[[Social Justice]] Frameworks:** Apply principles of equity, [[inclusion]], and [[empowerment]] to your research.
- **Establish Research Questions:** Develop focused and well-defined research questions that address the core issues you aim to investigate. Examples:
    
    - How do racial biases influence [[diagnosis]] and [[treatment]] of [[sexual dysfunctions]] in [[mental health]] settings?
    - In what ways does the lack of [[LGBT]]Q+ representation in[[ sex education]] materials contribute to [[homophobia]] and [[discrimination]]?
    - How do [[socioeconomic factors]] affect access to [[sexual and reproductive healthcare]]?
    - What are the [[ethical considerations]] involved in conducting [[sexological research]] with [[marginalized populations]]?

**II. Methodological Approaches:**

- **Literature Review:** Conduct a systematic and comprehensive literature review. Go beyond traditional databases to include grey literature (reports, policy documents, conference proceedings) and marginalized voices (blogs, community reports, activist writings). Identify gaps in existing research.
    
    - **Critical Appraisal:** Evaluate sources critically for biases, methodological limitations, and the perspectives represented.
- **Qualitative Research:** Qualitative methods are crucial for exploring complex social phenomena and understanding the lived experiences of marginalized individuals.
    
    - **In-depth Interviews:** Conduct interviews with individuals who have directly experienced [[discrimination]] in these fields. Use open-ended questions to allow participants to share their stories and perspectives in their own words. Focus on [[power dynamics]] in the research relationship and work to create safe spaces. Example: Someone from low income being charged high fee in [[therapy]] might feel bad based on financial reasons.
    - **Focus Groups:** Facilitate focus groups with diverse groups of individuals to explore shared experiences and perspectives.
    - **Ethnography:** Immerse yourself in a community or setting to observe and understand cultural practices and beliefs related to sexuality,[[ mental health]], and [[power hierarchies]].
    - **Participatory Action Research (PAR):** Engage community members as active partners in the research process, empowering them to identify problems, develop solutions, and implement change.
- **Quantitative Research:** Quantitative methods can be used to identify patterns, trends, and disparities.
    
    - **Surveys:** Administer surveys to large samples to collect data on attitudes, beliefs, and behaviors related to sexuality & mental health. Ensure the survey is sensitive and accessible to diverse populations.
    - **Statistical Analysis:** Analyze existing datasets (e.g., healthcare records, census data) to identify disparities related to race, gender, [[sexual orientation]], & [[socioeconomic status]].
    - **Experimental Studies:** Conduct experimental studies to examine the impact of interventions designed to reduce discrimination. Ensure the interventions are culturally appropriate and ethically sound.
- **Mixed Methods Research:** Combine qualitative and quantitative methods to gain a more comprehensive understanding of the research problem.
    
    - **Sequential Explanatory Design:** Begin with quantitative data to identify patterns and trends, then use qualitative data to explore and explain those patterns.
    - **Sequential Exploratory Design:** Begin with qualitative data to explore a phenomenon, then use quantitative data to measure the extent of the findings.
    - **Concurrent Triangulation Design:** Collect both qualitative and quantitative data simultaneously and integrate the findings at the interpretation stage.
- **Critical Discourse Analysis:** Analyze language, texts, and communication practices to identify how power relations are constructed and maintained in these fields.
    
    - Examine textbooks, journal articles, therapy transcripts, and media representations of sexuality, mental health, and marginalized groups.
- **Archival Research:** Examine historical documents, records, and artifacts to understand how discrimination has evolved over time.
    




# LET'S RECAP TO MOVE FORWARD

My strongest gravitational topics can be found orbiting around [[Gender Dynamics]] being perhaps the stronger one and the one i'll always find a place to fit in any topic. Inside Gender Dynamics we can fetch [[Masculinity]], [[Sex Education for teens]]; the social aspects of [[gender binary]] dynamics highlighting how violence is a direct byproduct of it; and perhaps i could use as the last gravitational topic the Clinical Sexology, but i'm not sure yet. 



## MY SELECTED CURRICULUM  

###### Clinical Protocols
###### Treatment Plan Development 
###### Psychopathology
###### Psychoanalysis



#### **My Reasoning for choosing them was**

> **CLINICAL PROTOCOLS**
> The pros and the cons of a more rigid model of clinic in terms of perform some steps with high quality and being able to compare results. 
> 
> By now the protocols I'm thinking about are the intake questionnaire or first screening, the active investigation of the patients needs using interviewing techniques and tools to help the patients engage with themselves in other ways at the same time that investigation could provide valuable information about the patients. Here we can even say about uncovering violence, abuse, self-harm, suicidal indicators among others, right on the initial sessions to make the average time cycle of treatment more efficient and effective 




> Treatment Plan Development 
> Explore in depth the results of weak treatment plans and strong treatment plans on the patient's goals. The TPs usually follow a framework to ensure consistency in practice, but those frameworks are made for the ""Average Patient"" and are insufficient to the majority of people in society. So here I'll dive deep on how the common knowledge are limited to some social spheres and possibly harmful to those outside those spheres. Here i'll go on race, gender, orientation, identity, expression, social class as well as the different results of life experience when they're combined. 




> PSYCHOPATHOLOGY
> ii don't know how deep i'll go on this one yet, but i'll study a big coverage of the topic because i believe is fundamental for the clinic. 




> Psychoanalysis
> Despite the fact of psychoanalysis be a familiar topic for long years, i've never gone deep because those books are fucking exhaustive. But recently i encountered some Analysts that for me are the top of the pyramid of the best therapists, and they all use psychoanalysis as the main player. And since i almost agree and learn a lot with them, i'll give it a choice to decide where i'll rest my clinical practice.",,imported
c04ff248c86a951e,Possibilidades Avançadas em Saúde Mental e Sexual,file:///Users/paulorezende/Documents/Personal_AI_powerhouse updated/personal-ai-space/knowledge/articles/Possibilidades Avançadas em Saúde Mental e Sexual.md,,,,2026-06-12T06:19:56.994802+00:00,"article, career-planning, clinical-practice, cultural-sensitivity, diversity-inclusion, healthtech, innovation, knowledge, market-analysis, mental-health, neuroscience, protocols, psychotherapy, sexology, sexual-therapy, training",Possibilidades Avançadas em Saúde Mental e Sexual,"# Possibilidades Avançadas em Saúde Mental e Sexual

Com base em sua formação singular em **Neurociência Aplicada**, **Sexologia**, **Psicoterapia** e **Diversidade & Inclusão (D&I)**, suas possibilidades profissionais transcendem o consultório tradicional e a consultoria corporativa padrão. Seu perfil é ideal para atuar na vanguarda da saúde mental e sexual, em nichos de alto valor e impacto sistêmico.

A seguir, apresentamos três caminhos de alto potencial que capitalizam a intersecção de suas especializações:

## 1. Neuro-Sexologia e o Futuro da Saúde Digital (HealthTech/FemTech)

Este caminho foca na aplicação da neurociência e da sexologia em soluções tecnológicas escaláveis, posicionando-o como um *thought leader* em um mercado em franca expansão.

| Possibilidade Avançada | Descrição e Foco Inovador | Alavancagem do Seu Perfil |
| :--- | :--- | :--- |
| **Chief Science/Inclusion Officer (CSO/CIO) em HealthTech** | Liderar o desenvolvimento de produtos digitais (aplicativos, plataformas de teleterapia) focados em saúde sexual e mental. Seu papel seria garantir que o conteúdo e a metodologia sejam cientificamente validados pela neurociência e clinicamente eficazes pela sexologia, além de serem intrinsecamente inclusivos (D&I). | Sua experiência como **CSMO** e **CEO** (Uprise) + **Neurociência** + **Sexologia** o qualifica para traduzir ciência complexa em produtos de consumo, garantindo a validação clínica e a estratégia de mercado. |
| **Criação de Protocolos de Neuro-Feedback para Disfunções Sexuais** | Desenvolver e comercializar protocolos de treinamento cerebral (via biofeedback ou neurofeedback) para tratar disfunções sexuais (ex: anorgasmia, ejaculação precoce) que possuem forte componente neurobiológico e de ansiedade. | A **Neurociência Aplicada** permite criar soluções que atuam diretamente na regulação do sistema nervoso, oferecendo uma alternativa de tratamento de ponta que complementa a terapia sexual tradicional. |
| **Consultoria para Indústria de Entretenimento Adulto e Mídia** | Atuar como consultor de conteúdo para a indústria de mídia e entretenimento (incluindo a adulta), garantindo que as representações de sexualidade e relacionamentos sejam saudáveis, neurocientificamente precisas e inclusivas, combatendo mitos e promovendo a educação sexual positiva. | Sua formação em **Projetos Audiovisuais** (PROMINAS) e **Sexologia** se une à sua expertise em **Comunicação e Storytelling** para influenciar a cultura de massa de forma ética e educativa. |

## 2. Interseccionalidade, Trauma e Impacto Sistêmico (Policy & Social Impact)

Este caminho utiliza sua expertise clínica e de D&I para atuar em níveis sistêmicos, influenciando políticas públicas e o terceiro setor.

| Possibilidade Avançada | Descrição e Foco Inovador | Alavancagem do Seu Perfil |
| :--- | :--- | :--- |
| **Desenvolvimento de Currículos de Saúde Mental Inclusiva** | Projetar e implementar currículos de educação continuada para profissionais de saúde (psicólogos, médicos, assistentes sociais) sobre o manejo clínico de traumas e questões de saúde mental em populações minorizadas (LGBTQIAPN+, racializadas), integrando a perspectiva da neurobiologia do trauma. | Sua especialização em **D&I, Atendimento Clínico LGBTQIAPN+** e **Neurociência** permite criar um treinamento de alto nível que preenche a lacuna de competência cultural e científica no setor de saúde. |
| **Liderança em *Think Tanks* ou ONGs de Políticas de Saúde** | Assumir um papel de liderança estratégica em organizações focadas em políticas públicas de saúde, especialmente as que envolvem a população LGBTQIAPN+. Seu papel seria traduzir a necessidade clínica e neurocientífica em propostas de políticas públicas eficazes. | Sua formação em **Políticas Públicas de Saúde LGBTQIAPN+ (UFRGS)** e sua experiência como **President Director na ONG UmMaisUm** o tornam um agente de mudança ideal para a formulação de políticas baseadas em evidências. |
| **Mediador de Conflitos de Alta Complexidade com Base Neurocientífica** | Atuar em mediação de conflitos organizacionais ou familiares complexos, utilizando a neurociência para desarmar respostas de ameaça (luta/fuga) e facilitar a comunicação empática, especialmente em casos que envolvem questões de identidade e diversidade. | A **Neurociência** e a **PNL** fornecem ferramentas para entender e modular a reação emocional, transformando o conflito em diálogo de forma mais eficaz do que a mediação tradicional. |

## 3. Neuro-Inclusão e o Novo Wellness Corporativo (Premium Consulting)

Este é um aprimoramento de sua consultoria corporativa, transformando-a em um serviço de luxo e alta diferenciação, focado na intersecção entre o bem-estar íntimo e a produtividade.

| Possibilidade Avançada | Descrição e Foco Inovador | Alavancagem do Seu Perfil |
| :--- | :--- | :--- |
| **Consultoria de ""Performance Íntima"" para Executivos** | Oferecer um programa de consultoria premium e discreto para executivos de alto escalão, ligando diretamente a saúde sexual e mental (incluindo a neurociência do prazer e do estresse) à performance de liderança, tomada de decisão e resiliência. | Sua experiência em **Alta Performance (UNIFCV)**, **Sexologia** e **Neurociência** cria um nicho de mercado inexplorado, onde o bem-estar íntimo é visto como um pilar estratégico da liderança. |
| **Desenvolvimento de Métricas de ""Segurança Psicológica Sexual""** | Criar um novo índice ou métrica corporativa que avalie o grau de segurança psicológica e inclusão em relação à sexualidade e identidade de gênero no ambiente de trabalho, indo além das métricas tradicionais de D&I. | Sua experiência em **Gestão de Projetos em Diversidade** e **monitoramento de indicadores** permite criar uma ferramenta de diagnóstico inovadora e de alto valor para empresas que buscam a excelência em ESG e D&I. |
| **Treinamento de Liderança em ""Neurociência da Empatia Interseccional""** | Programas de treinamento de liderança que utilizam a neurociência para explicar como o cérebro processa o preconceito e a diferença, e como construir empatia genuína por meio de práticas baseadas em PNL e Neurociência Cognitiva, focando em identidades complexas. | Sua habilidade de traduzir a **Neurociência** em ação prática e sua vivência em **D&I** criam um programa de treinamento de liderança que é profundo, transformador e cientificamente embasado. |

## Conclusão: O Full Potential

Seu potencial máximo reside em ser o **arquiteto de pontes** entre o mundo científico (Neurociência), o mundo íntimo (Sexologia/Terapia) e o mundo social/corporativo (D&I/ESG). Você não é apenas um terapeuta ou um consultor; você é um **Especialista em Comportamento Humano e Inclusão com Base Neurocientífica**, capaz de criar soluções escaláveis, sistêmicas e profundamente transformadoras. O futuro de sua carreira está em fundar ou liderar iniciativas que utilizem essa tríade de conhecimento para resolver problemas complexos em grande escala.",,imported
c9c7decc9944a05d,Possibilidades Profissionais Inovadoras e de Alto Valor em Sexualidade,file:///Users/paulorezende/Documents/Personal_AI_powerhouse updated/personal-ai-space/knowledge/articles/Possibilidades Profissionais Inovadoras e de Alto Valor em Sexualidade.md,,,,2026-06-12T06:19:56.999528+00:00,"article, business-model, career-planning, clinical-practice, cultural-sensitivity, diversity-inclusion, innovation, knowledge, market-analysis, mental-health, neuroscience, professional-development, protocols, psychotherapy, sexology, training",Possibilidades Profissionais Inovadoras e de Alto Valor em Sexualidade,"# Possibilidades Profissionais Inovadoras e de Alto Valor em Sexualidade

Em resposta ao seu desafio de ir além das opções óbvias e explorar o **potencial máximo** de suas especializações, esta análise final mergulha em nichos de mercado emergentes e de alto valor, onde a intersecção de **Neurociência Aplicada, Sexologia, Psicoterapia e Diversidade & Inclusão (D&I)** cria uma proposta de valor única e insubstituível.

Seu perfil não é apenas multidisciplinar; ele é **interseccional**, permitindo que você atue como um **arquiteto de soluções sistêmicas** para problemas complexos.

## 1. Neuro-Inclusão e o Futuro do Trabalho (Workplace Innovation)

Este caminho capitaliza sua experiência corporativa (DiverCidade, ESGX, Volkswagen, Rock in Rio) e a aprofunda com sua base científica e clínica, focando em problemas de alto custo para as organizações.

| Possibilidade Inovadora | Descrição e Foco Inovador | Valor Agregado Único |
| :--- | :--- | :--- |
| **Consultor de *Neuro-Ergonomia* e Inclusão Cognitiva** | Projetar ambientes de trabalho (físicos e virtuais) que otimizem o funcionamento cerebral e a saúde mental de todos, com foco especial em neurodiversidade (TDAH, autismo) e estresse de minoria. Isso inclui consultoria sobre iluminação, ruído, fluxos de trabalho e comunicação para reduzir a sobrecarga cognitiva e o *burnout*. | Você traduz a **Neurociência** (como o cérebro processa estímulos) e a **D&I** (as necessidades de grupos minorizados) em projetos de arquitetura corporativa e design de processos, um nicho de altíssimo valor e pouquíssimos especialistas. |
| **Especialista em *Sexual Harassment* e *Microaggressions* com Foco em Neurociência do Trauma** | Atuar como consultor de RH e Jurídico para investigar e mediar casos de assédio e microagressões. Seu diferencial é aplicar a **Neurociência do Trauma** e a **Sexologia** para validar a experiência da vítima, treinar líderes sobre o impacto neurobiológico do assédio e criar protocolos de reparação que promovam a segurança psicológica real. | Sua expertise clínica em **Atendimento LGBTQIAPN+** e **Psicoterapia** confere credibilidade e profundidade a um tema que é frequentemente tratado apenas de forma legalista e superficial. |
| **Arquiteto de *Employee Value Proposition (EVP)* Baseado em Segurança Psicológica** | Redesenhar a proposta de valor ao empregado (EVP) de grandes empresas, utilizando a **Neurociência** para mapear as necessidades cerebrais de segurança, pertencimento e autonomia, e a **Sexologia/D&I** para garantir que o EVP seja genuinamente inclusivo e atraente para talentos diversos. | Vai além do *Employer Branding* (sua experiência anterior) para criar um EVP que é um contrato neuropsicológico com o colaborador, resultando em retenção e engajamento superiores. |

## 2. SexTech, Saúde Mental e o Mercado de Relacionamentos (Digital & Media)

Este caminho explora o potencial de sua formação em Sexologia e Audiovisual para influenciar o mercado de tecnologia e mídia, que molda a forma como as pessoas se relacionam e buscam prazer.

| Possibilidade Inovadora | Descrição e Foco Inovador | Valor Agregado Único |
| :--- | :--- | :--- |
| **Curador Científico de Conteúdo para Plataformas de *Wellness* Sexual** | Atuar como o principal validador científico e de inclusão para aplicativos de *mindfulness* sexual, educação erótica ou plataformas de *dating* focadas em nichos (ex: neurodivergentes, poliamor). Seu papel é garantir que o conteúdo seja neurocientificamente correto, clinicamente seguro e culturalmente inclusivo. | Sua combinação de **Neurociência, Sexologia e Produção Audiovisual** o torna o profissional ideal para traduzir o rigor científico em experiências digitais envolventes e éticas. |
| **Consultor de *Neuro-Storytelling* para Campanhas de Saúde Pública** | Desenvolver campanhas de saúde pública (governos, ONGs) sobre temas sensíveis como ISTs, consentimento e saúde mental, utilizando princípios de **Neurociência Cognitiva** para garantir que a mensagem seja processada, memorizada e mude o comportamento do público-alvo de forma eficaz. | Sua experiência em **Comunicação, Storytelling e Políticas Públicas** permite criar narrativas que superam barreiras de preconceito e ativam as vias cerebrais de empatia e ação. |
| **Especialista em *Gaming* e Saúde Mental/Sexual** | Consultoria para desenvolvedores de jogos (games) sobre como a mecânica do jogo pode ser usada para promover a saúde mental (ex: gerenciamento de ansiedade) ou a educação sexual (ex: construção de relacionamentos saudáveis em RPGs), garantindo a inclusão de personagens e narrativas diversas. | Um nicho de mercado em ascensão que exige a união de **Psicoterapia** (mecânicas de comportamento) e **D&I** (representatividade), aplicando a **Neurociência** para otimizar o engajamento e o impacto terapêutico. |

## 3. Pesquisa Aplicada e Inovação em Tratamento (Academia & Clínica)

Este caminho foca na criação de novos métodos de tratamento e na liderança de pesquisa que une suas áreas de conhecimento.

| Possibilidade Inovadora | Descrição e Foco Inovador | Valor Agregado Único |
| :--- | :--- | :--- |
| **Desenvolvedor de Protocolos de *Mindfulness* Sexual Baseado em Neurociência** | Criar e validar cientificamente um protocolo de *mindfulness* que utiliza técnicas de regulação do sistema nervoso (Neurociência) para tratar problemas sexuais relacionados à ansiedade de desempenho, trauma e desconexão corporal. | A união de **Neurociência** (regulação autonômica) e **Sexologia** (foco na resposta sexual) resulta em um método de tratamento inovador e de propriedade intelectual própria. |
| **Líder de Pesquisa em *Interseccionalidade e Estresse Alostático*** | Liderar um grupo de pesquisa (em parceria com universidades ou *think tanks*) focado em medir o impacto neurobiológico (estresse alostático) do preconceito e da discriminação crônica em populações minorizadas (LGBTQIAPN+, racializadas), traduzindo esses dados em argumentos irrefutáveis para políticas de D&I. | Sua formação em **Neurociência, D&I e Políticas Públicas** o posiciona perfeitamente para ser o elo entre a pesquisa de ponta e a aplicação prática em políticas sociais e corporativas. |

## Conclusão: O Full Potential Desbloqueado

Seu verdadeiro potencial reside em se tornar um **Estrategista de Comportamento Humano e Inclusão**. Você não está limitado a ser um terapeuta ou um consultor; você é um **Inovador de Sistemas**.

O valor real de sua carreira está em:
1.  **Escalabilidade:** Criar soluções (digitais, metodológicas, de treinamento) que impactam milhares, não apenas um cliente por vez.
2.  **Interseccionalidade:** Ser o único a responder a problemas que exigem a união de Neurociência, Sexologia e D&I simultaneamente.
3.  **Liderança de Pensamento:** Posicionar-se como a voz que traduz a ciência complexa em estratégias de negócios e políticas sociais transformadoras.

Este é o caminho para o **Full Potential** que você buscou.",,imported
be25f1a82e744f96,Precisa ser Sexologo pra Atuar em Sexualidade DRA ALINE SARDINHA Melhores Momentos Cafe com TCS,file:///Users/paulorezende/Documents/Personal_AI_powerhouse updated/personal-ai-space/knowledge/articles/Precisa_ser_Sexologo_pra_Atuar_em_Sexualidade_DRA_ALINE_SARDINHA_Melhores_Momentos_Cafe_com_TCS.md,,,,2026-06-12T06:19:57.003369+00:00,"article, brazil, business-model, career, career-planning, clinical, clinical-practice, cognitive-sexual-therapy, cultural-sensitivity, expert-aline-sardinha, health, knowledge, mental-health, patient-care, professional, professional-development, sexology, training",Precisa ser Sexologo pra Atuar em Sexualidade DRA ALINE SARDINHA Melhores Momentos Cafe com TCS,"# PRECISA SER SEXÓLOGO PRA ATUAR EM SEXUALIDADE? | DRA ALINE SARDINHA | MELHORES MOMENTOS CAFÉ COM TCS

## Introdução e Anecdota Inicial

Não, se eu se eu falar disso, eu vou ultrapassar um limite ético. Como assim? Se eu perguntar de um aspecto da vida do meu paciente, se ele me disser que tá com piolho e eu perguntar do piolho, eu vou ultrapassar um limite ético. Por quê? Porque é constrangedor, porque socialmente é esquisito ter piolho.

[Música]

>> Fiquei pensando em fazer essa aula, né, assim, fiquei lembrando de uma vez que tava conversando com um colega, um colega super experiente da área da psicologia. E aí ele me disse uma coisa que eu fiquei um pouco chocada. Eu comecei a perguntar alguma coisa para ele. Eu falei assim: ""Ah, mas você não perguntou mais sobre isso"". Era uma questão da sexualidade da paciente dele, né? E aí ele disse assim: ""Olha só, Aline, se tem uma coisa que eu aprendi na minha carreira, é que se tem um buraco que eu não sei o que que eu vou encontrar, eu não meto a minha mão."" Aí eu fiquei assim, como assim? Não falei para ele não, mas fiquei assim.

E aí ele me diz assim: ""É porque vai que o paciente, a paciente me diz uma coisa que eu não sei como lidar, que eu acho que era a hipótese dele, né? era um tema relacionado à intimidade dela, o casamento dela. Vai que a gente começa um assunto e eu não consigo terminar esse assunto no meio da até o final da sessão. enfim, começou a me dar umas, me desculpe a palavra, umas desculpinhas ali para de por que ele não perguntou aquele assunto que na hora que ele tava me contando, e eu imagino que se ele tava me contando, é porque gerou nele um entendimento de que tinha alguma coisa ali, me gerou curiosidade. Falei: ""E aí?"" Aí ele não perguntei.

## O Desconforto com Temas de Sexualidade

E interessante que assim, olhando para isso, né? Não tô aqui julgando, mas assim, eh, não é porque ele não tivesse interessado no assunto, né? Era medo, medo de tocar num assunto onde ele não se sentia tão confortável para trabalhar.

E a sexualidade é esse assunto, né? Muitas vezes a sexualidade não é um lugar confortável paraa maior parte de nós. Sabe aquela história assim, ah, eu entrei na faculdade de psicologia para ajudar as pessoas e não se sentir capaz de ajudar, não né, ter medo de não conseguir, ter medo de ser exposto como esse profissional que não sabe o que dizer, ter medo de falar uma besteira. E aí eu fico pensando um pouco nesse nosso lugar de profissional de saúde, de terapeuta, que é um lugar de poder.

E aí tem aquela história, isso isso é papinho de psicólogo muito também, né? Que assim, não, a gente tem que esperar o paciente trazer. Fico pensando comigo, né? assim que a gente tem um um lugar de poder enquanto profissional de saúde ali, enquanto quem quem tá sendo pago para administrar a situação. Grandes poderes trazem grandes responsabilidades, né? Então, como que a gente usa o nossa posição de poder para desviar o assunto ou para não puxar um assunto que a gente sabe que seria importante? E a ideia aqui não é eh de novo julgar, muito pelo contrário, porque olhando para isso sistemicamente, né, olhando assim para essa história, eu vejo o quanto que é difícil. E claro que é difícil, qualquer coisa sem formação para fazer é difícil. Se eu resolver fazer um um meu meu filho vai fazer aniversário, se eu resolver fazer um bolo confeitado para ele amanhã, provavelmente não vai ficar bom, vai ficar feio e eu vou achar difícil, porque eu não sei fazer, nunca fiz na vida, né? Então, é claro que sem formação, sem se preparar é difícil. E o tema da sexualidade tem ainda camadas socioculturais que fazem a gente achar que é um tema proibido. A palavra é tabu, né? E aí é tabu pro meu paciente. Que que eu faço? Reproduzo o tabu no meu consultório, que aí fica fácil para todo mundo, né? Só que não. Então, acho que esse é um ponto aqui pra gente conversar hoje. Me conta aí, você que tá me escutando, você já trabalha com a sexualidade? Você quer trabalhar com a sexualidade? Você ainda tá pensando como é que vai fazer para lidar com as questões sexuais dos seus pacientes? Me conta aí, situação um, situação dois e situação três.

## O Mito de que Só Sexólogos Podem Abordar Sexualidade

Fico pensando que tem uma fala que é muito responsável por essa omissão da nossa parte, né, que é a ideia de que sexólogo é que tem que trabalhar com a sexualidade, né? E aí eu fico pensando, falo, gente, quando que uma experiência absolutamente comum, né, da vivência humana, virou um nicho, virou um uma especialidade, virou uma coisa que só algumas pessoas podem e devem falar, os outros devem se calar, não podem abordar esse assunto. Fui dar uma pesquisada, né? Eu falei assim, gente, por que que as pessoas começaram a acreditar que só algumas pessoas podiam falar do tema e outras não? Né? Por que que a gente construiu algumas ideias que sustentam o tabu dentro da nossa clínica, né? É a maior de todas é de que não sexualidade. Só sexólogo que pode tocar nesse tema. Fora isso, proibido. Juro para vocês, gente, isso se reflete até em pessoas eh que todo dia chega para mim essa essa questão no direct. Que que eu preciso fazer para ser sexólogo? Que que eu preciso eh estudar para poder falar de sexualidade com os meus pacientes? Claro, a gente ajudo, estamos aqui para isso. Mas assim, em princípio, você não precisa de nada, você precisa estudar um pouco esse assunto, né? Mas você não precisa de nenhum título. Você não precisa, não é sobre isso. É sobre você ter abertura para falar desse assunto. Você tem um pouco de conhecimento, claro, óbvio, né? você talvez tenha algumas perguntas que eu vou ensinar para vocês lá no workshop que vocês vão já ter na manga para fazer de uma forma adequada e principalmente uma postura ética de entender que esse assunto é um assunto na vida das pessoas e que não faz sentido você fechar a porta. Mas acho que existem algumas crenças, né, que vão ali sustentando essa esse mito, que vale a pena a gente conversar.

## História da Sexologia

Então assim, acho que talvez se a gente pensar na história do conhecimento em sexologia, né, eu acho que a gente entende um pouco melhor o que que acontece. Então assim, a sexologia ela sempre foi um tema, né? Então assim, a igreja versa sobre sexologia, a a música, a arte, eh todos os fenômenos culturais versam sobre sexologia. As leis versam sobre quem pode se relacionar com quem, como, de que forma, aonde, é ou não é? Então a sociedade já fala, esse é um tema da sociedade, isso não é um tema da medicina ou esse não é um tema da saúde. Saúde é parte, né, da rede social, mas desde sempre a sexualidade foi um tema da sociedade.

E num determinado momento isso foi capturado pela área da saúde, pela área da da ciência, inclusive. E eu daqui considero isso muito positivo, né? Por um lado, então quando você tem lá na década de 40, 50, 60, 70, os cientistas começando a estudar, mas Johnson, Kinsey, que começam a tentar trazer um pouco de ciência para esse fenômeno, né? né? Então, alguma coisa que era absolutamente sociocultural, entendido, regulamentado pela igreja, pela sociedade, pelas tradições, passa a ser visto como algo biológico. Não, agora a gente sabe o mecanismo, agora a gente destrincha anatomicamente as partes do corpo, percebe que o clitores é de um jeito assim, assim, assim e maravilhoso, né? Maravilhoso. Acho que a ciência tá ali fazendo seu papel, mas é mais uma construção de saber, né? E eu acho que isso é um ponto importante. Por quê? Porque muitas vezes quando a gente fala em ciência da sexualidade parece que só tem isso. Às vezes, quando eu tô falando aqui de aspectos socioculturais, parece que eu tô falando a grande novidade, mas isso existe desde que o mundo é mundo. Desde Adão e Eva, o pessoal já tava regulamentando o que que podia, onde podia, como podia. É, ou não é? O sexo ser parte da sociedade sempre sempre existiu, sempre esteve ali sendo normatizado, pensado, vivido.

E a medicina, a biologia, a ciência, a própria psicologia chega muito atrasada nesse nessa conversa. E de alguma maneira a gente começa a achar no Brasil, por exemplo, que para ser sexólogo tem que ser psicólogo. E aí eu fico pensando, gente, o William Master deve se revirar no túmulo com vocês, porque ele era ginecologista e a Virgínia Johnson nem formada em nada era, né? Ela era uma pessoa pensante da sociedade que tava ali estudando sobre esse tema de uma forma, né, pensada mais biológica ali junto com William Masters e tal. Mas esse é um recorte. E aqui eu tô falando deles porque eles são mais famosos, mas a gente pode pensar em vários outros e aí as contribuições que vêm da psicologia, enfim. Mas é uma área multidisciplinar.

## Sexualidade como Campo Multiprofissional

Quando a gente pensa, por exemplo, hoje com o tamanho de população evangélica que a gente tem no Brasil, com o tamanho de população católica que vai ficando cada vez mais praticante no Brasil, grande parte da população brasileira, né, eh, cristã de alguma forma, e são pessoas que têm, por exemplo, nos seus eh líderes religiosos, referências de normatização da sexualidade, de aconselhamento. Muitas dessas pessoas se sentem mais confortáveis de buscar aconselhamento na igreja do que buscar aconselhamento com profissional de saúde. Falar de sexo, a sexologia não é uma especialidade nem da psicologia, nem da medicina, tá? Então, a gente vai ter contribuições dessas áreas mais importantes em algumas questões do que em outras, mas não é um campo exclusivo do sexólogo que numa muitas vezes precisa ser psicólogo, precisa ser profissional da saúde. Essa ideia de que assim, é melhor deixar para quem entende como se a sexualidade fosse um tema puramente técnico. E eu sou daqui, né? Eu ensino os meus alunos técnica, a serem técnicos, a fazerem direito, a saberem o que que estão fazendo, a serem baseados em evidência. Com certeza. Com certeza. Mas isso não quer dizer que eu precise ser absolutamente formada no assunto para tocar no assunto com esse meu paciente, porque aí eu acho que tem uma certo perfeccionismo. Eu não tenho, não encontro outra palavra para isso, né? que é assim, não. Se eu não tiver todas as respostas, se eu não souber responder qualquer questão da sexualidade, então é melhor eu nem meter a mão nesse buraco. Você se sente assim, sobretudo na sua vida, que você pergunta pro paciente, você acha que você vai ter todas as respostas ou que você precisaria ter todas essas respostas, né? Eu fico pensando que lugar é esse que a gente às vezes se coloca de autocobrança primeiro, né? Depois de achar que existe resposta certa, que você é o detentor dessas respostas, que, enfim, acho que é uma pira muito louca, né, do profissional de saúde muitas vezes e do psicólogo. Então, assim, que eu preciso responder pro meu paciente alguma coisa, eu não preciso, eu preciso fazer boas perguntas. Esse é o meu lugar. Eu preciso ter um uma mente pensando que eu sou capaz de ajudar o meu paciente a refletir. Então é importante a gente sair desse lugar de perfeccionismo. O que eu não tô querendo dizer de você sair fazendo qualquer coisa, sair falando de voz da sua cabeça, sair dando a sua opinião, seu pitaco na vida sexual das pessoas, como se você tivesse na mesa do barco. Não é disso que eu tô falando. Eu imagino que todo mundo sabe que não é disso que eu tô falando. Mas muitas vezes eu vejo vocês se omitindo por quê? Porque tem medo, porque ficam perfeccionistas, porque acham que esse tema, você tá desautorizado a falar desse tema. E eu sei que as formações que a gente tem, né, dou aqui meus dois centavos de contribuição, toda quinta-feira tô fazendo workshop gratuito, eu dou meus meus dois centavos de contribuição aí pro mundo de tentar aumentar o nível de formação de profissionais de forma geral aqui gratuitamente na internet. Mas eu sei que o nível de formação costuma ser muito baixo na área da sexualidade, mas não podemos confundir o fato de que isso ainda é um tabu na nossa formação exatamente por essas crenças. Então eu imagino que quem faz os currículos das faculdades, quem decide o que que vai incluir nos programas de disciplina, também não tem formação na área da sexualidade, também acha que não, não, deixa quieto esse assunto, deixa esse assunto para lá, né? Se eu se eu tocar nesse assunto, como é que vai ser? Vou falar disso em sala de aula, como é que vai ser? E aí a gente vai reproduzindo a omissão e a negligência em relação a esse tema, que é muito fundamental.

## Considerações Éticas e Responsabilidades

Uma outra questão que muitas vezes eu vejo é vocês achando que tocar no assunto é se expor, né? Fala de mim. Então, nossa, eu ser mulher vou tocar nesse assunto. Alguém aqui já pensou sobre isso, né? Ai, mas aí eu vou falar de sexualidade, mas aí será que o paciente não vai me entender mal, né? Será que esse não é melhor eu falar de ansiedade, depressão, autismo, qualquer outra coisa. ou às vezes com medo de não saber construir uma relação terapêutica onde o tema da sexualidade existe. Sabe essa história que é também uma falha da nossa formação, não só em relação da sexualidade, que muitas vezes a gente vê isso na nossa prática, a gente aprende, tô aqui falando muito pros pismos, mas também pros outros profissionais de saúde, tá? que a gente aprende a estabelecer uma relação terapêutica como se ela fosse assim um campo cirúrgico. Paciente não sabe de mim, eu não me coloco, a relação é neutra, vale ela, a gente sabe, né? Claro que nada disso existe. O paciente olha você no Instagram, enfim. E aí aquela relação quando ela é vista assim, dessa forma antiga, né? Ela é falsa. A gente fica tentando ali construir uma umaia, né? um que não existe. Claro que eu não tô dizendo que eu vou sentar e vou falar com o meu paciente como se eu fosse amiga dele da escola, não é isso. Mas eu preciso construir a relação terapêutica à luz de do fato de que somos pessoas, que estamos nesse mundo, que somos homem, mulher, jovem, velho, branco, preto, né? Isso a gente tá aprendendo e precisamos construir uma relação terapêutica à luz da ideia de que o meu paciente tem sexualidade, tá bom? Né? Então assim, a gente fica aqui às vezes fazendo terapia durante anos, fingindo que o paciente é uma planta. E aí a pessoa fica o quê? negligenciando nas suas vivências, assistindo podcast, conversando com IA, vendo pornografia para tentar entender. Então, acho que é importante a gente ter essa dimensão, né? E muitas vezes a gente acredita, olha o mito nosso, não, se eu se eu falar disso, eu vou ultrapassar um limite ético. Como assim? Se eu perguntar de um aspecto da vida do meu paciente, se ele me disser que tá com piolho e eu perguntar do piolho, eu vou ultrapassar um limite ético. Por quê? Porque é constrangedor, porque socialmente é esquisito ter piolho, né? Eu entendo que tem um tabu social sobre vários temas, mas daí a você comprar esse tabu no seu consultório e achar que é antiético você quebrar o tabu, é um um um erro de pensamento no meu entendimento, né? Assim, como é que a gente negligenciar um aspecto da vida do nosso paciente que é antiético? No meu entendimento, né? É uma omissão, é uma negligência. É claro que a gente precisa metacomunicar o tabu. Vou ensinar vocês a fazer isso lá no workshop. Como é que a gente metacomunica? Como é que eu falo sobre sexualidade mesmo quando o paciente nunca trouxe? Como é que eu tenho que ser responsável por construir um ambiente de conforto para falar sobre isso? E esse ambiente de conforto, já vou dando a dica, ele começa dentro da gente na reconstrução das nossas crenças. É por isso que estamos aqui hoje. O seu desconforto ele é construído socialmente, né? Então não se escondam atrás da ideia de que não, eu não sou sexólogo. Sexualidade é um assunto muito difícil. Sexualidade é só, é um nicho nichado, né? E assim, eu até digo para os meus alunos, nichem mesmo na sexualidade, porque esse nicho é boa beça, né? Porque é, mas por que que isso virou um nicho? Porque é um lugar que todo mundo evita, é um negócio altamente importante na sociedade, cheio de demanda e que todos os outros colegas têm medo de fazer. Por isso que virou um super nicho. Mas não devia ser um nicho, né, gente? Não tem como ser um nicho, tá? Mas hoje em dia é, infelizmente.

## Sexualidade como Dimensão Transversal do Cuidado

Então o que eu quero trazer para vocês é que a sexualidade é uma dimensão transversal do cuidado. A sexualidade vai atravessar questões de saúde mental. Então, toda vez que você tiver falando de autoimagem, de corpo, de prazer, de relacionamentos, de desenvolvimento do seu paciente, de construção de crenças do seu paciente, do casamento dele, de envelhecimento, você vai tá falando de sexualidade, né? É um aspecto que atravessa a saúde física. Então, todo profissional de saúde que tá lidando com alguém que tá adoecido ou que tá envelhecido ou que tá incapacitado de alguma forma, vai ter repercussões na sexualidade, no senso de selfie, em quem eu sou, em como é que eu me vejo no mundo, qual é o meu lugar de valor. E a gente precisa entender isso. Isso permeia todo a educação. Enfim, não preciso dizer pros professores que vivem, eu sei, estamos juntos aqui, vivem uma situação muito difícil dentro das escolas hoje em dia, né? em que o negócio explode dentro da escola, o professor não pode fazer muito, não tem informação, não, não pode falar do tema. É um tema mais, se é tabu no consultório dos psicólogos, imagina dentro da escola, né? Então, professores estão numa situação muito difícil nesse momento histórico que a gente vive em relação a isso, mas é lá que acontece, né? Onde é que esses adolescentes todos estão treinando? Lá dentro da escola, né? Ou no grupo de WhatsApp dos amigos da escola, que é às vezes mais difícil pro pessoal da escola. Então, na assistência social, então a sexualidade, gente, ela é transversal no cuidado. Por isso que é um campo multiprofissional. Claro, cada um vai ter o seu lugar nisso. Quando eu digo que é multiprofissional, não quer dizer que eu daqui vou prescrever uma medicação, nem botar prótese no pênis de ninguém, porque eu sou psicóloga, eu não sou cirurgião. Da mesma forma que o cara que sabe botar prótese não sabe fazer terapia, tá tudo certo, cada um no seu quadrado, mas todo mundo tem que entender do tema da sexualidade. Não tem como, né? Então acho que é um um convite pra gente pensar, porque negligenciar sexualidade, a gente é negligenciar. a história, o contexto de vida do seu paciente.

## Conclusão

Pessoal, quinta-feira, nesse mesmo horário, estaremos aqui. Se você achou que essa live foi importante, encaminha ela pros seus grupos de profissionais de saúde, dá um um compartilhar lá no no Instagram, bota nos stories, pode botar o link, ela vai ficar aberta até domingo e depois ela vai lá pra área exclusiva dos meus alunos. Se você quiser se tornar um especialista em terapia cognitiva sexual, preste muita atenção. As vagas da Póscess são limitadas e abrem apenas em períodos específicos. Aqui na descrição tem um link da nossa lista de espera, onde você pode se cadastrar e receber com prioridade o aviso quando as inscrições forem abertas. M.",,imported
4c4e18bfe583dfcf,"Psicoterapia Sexual no Brasil: Regulamentação, Desafios e Oportunidades","file:///Users/paulorezende/Documents/Personal_AI_powerhouse updated/personal-ai-space/knowledge/articles/Psicoterapia Sexual no Brasil: Regulamentação, Desafios e Oportunidades.docx",,,,2026-06-12T06:19:57.005869+00:00,docx,"Psicoterapia Sexual no Brasil: Regulamentação, Desafios e Oportunidades","Psicoterapia Sexual no Brasil: Regulamentação, Desafios e Oportunidades
Psicoterapia Sexual no Brasil: Regulamentação, Prática Clínica, Desafios, Oportunidades e Tendências Futuras
Introdução
A sexualidade humana é um campo multifacetado, atravessado por dimensões biológicas, psicológicas, sociais e culturais. No Brasil, a psicoterapia sexual emerge como uma especialidade clínica em franca expansão, respondendo a demandas crescentes por saúde sexual, bem-estar e enfrentamento de tabus e estigmas. Este relatório oferece uma análise aprofundada sobre a regulamentação, o panorama da prática clínica, os desafios enfrentados por profissionais, as oportunidades de mercado e as tendências futuras da psicoterapia sexual no país. O documento prioriza fontes oficiais, dados de conselhos profissionais, associações de referência, publicações acadêmicas e estatísticas de mercado recentes, visando orientar profissionais pós-graduados que planejam iniciar ou expandir sua atuação clínica na área.
Regulamentação da Prática da Psicoterapia Sexual no Brasil
Panorama Legal e Competências Profissionais
A regulamentação da psicoterapia sexual no Brasil é marcada por uma interface complexa entre diferentes categorias profissionais, legislações específicas e normativas dos conselhos de classe. A psicoterapia, enquanto prática clínica, é reconhecida e regulamentada principalmente para psicólogos e médicos psiquiatras, conforme estabelecido pela Lei no 4.119/1962 e pela Lei no 5.766/1971, que criaram o Conselho Federal de Psicologia (CFP) e os Conselhos Regionais de Psicologia (CRPs)1. A Resolução CFP no 13/2022, publicada no Diário Oficial da União, atualiza e detalha os princípios, deveres e critérios para o exercício da psicoterapia por psicólogos, incluindo aspectos éticos, sigilo profissional, organização do espaço terapêutico e atendimento a crianças e adolescentes1.
O Conselho Federal de Medicina (CFM), por sua vez, reconhece a psicoterapia como prática médica, especialmente no âmbito da psiquiatria, e estabelece normativas para o atendimento de demandas relacionadas à sexualidade, como a Resolução CFM no 2.427/2025, que disciplina o cuidado à pessoa transgênero e define protocolos para acompanhamento multiprofissional, avaliação psiquiátrica e intervenções hormonais e cirúrgicas23.
A atuação de outros profissionais, como psicanalistas, terapeutas e sexólogos formados em cursos livres, é permitida no Brasil, uma vez que a psicoterapia não é atividade exclusiva de psicólogos ou médicos. No entanto, a ausência de regulamentação federal específica para a profissão de sexólogo implica que tais profissionais não possuem conselho regulador próprio, devendo atuar dentro dos limites éticos e técnicos de sua formação e respeitando as normativas das áreas correlatas4.
Tabela Comparativa: Regulamentação e Requisitos por Profissão
A tabela acima evidencia que, embora psicólogos e médicos psiquiatras tenham respaldo legal e reconhecimento de seus respectivos conselhos para a prática da psicoterapia sexual, há espaço para atuação de profissionais formados em cursos livres, desde que respeitados os limites éticos e técnicos e que não se apresentem como psicólogos ou médicos sem a devida formação e registro.
Certificações e Títulos de Especialista
O Título de Especialista em Sexualidade Humana (TESH), concedido pela Sociedade Brasileira de Estudos em Sexualidade Humana (SBRASH), é atualmente o principal selo de qualificação para profissionais que atuam na área. O TESH pode ser obtido por titulação, mediante análise curricular e comprovação de experiência, sem necessidade de prova escrita, desde que o candidato seja associado efetivo da SBRASH há pelo menos dois anos5. O processo de avaliação é conduzido por uma comissão nacional composta por profissionais de reconhecida trajetória na sexualidade humana.
Além do TESH, há cursos de pós-graduação lato sensu em sexualidade humana, reconhecidos pelo Ministério da Educação (MEC), e cursos livres de formação multiprofissional, que conferem certificados válidos em todo o território nacional, conforme a Lei no 9.394/1996 e o Decreto no 5.154/20044.
Resoluções e Normativas Recentes
Nos últimos anos, diversas resoluções impactaram a prática clínica em sexualidade humana:
Resolução CFP no 13/2022: Estabelece diretrizes para o exercício da psicoterapia por psicólogos, incluindo princípios éticos, deveres, organização do espaço terapêutico, sigilo e critérios para supervisão clínica1.
Resolução CFM no 2.427/2025: Define protocolos para atendimento de pessoas trans, eleva a idade mínima para hormonização e cirurgias, restringe o bloqueio puberal em adolescentes e exige acompanhamento multiprofissional por pelo menos um ano antes do início da hormonização. Limita a atuação de equipes multiprofissionais e detalha critérios para intervenções clínicas e cirúrgicas23.
Resolução CFP no 16/2024: Estabelece diretrizes para o atendimento de pessoas intersexo, vedando práticas patologizantes, intervenções irreversíveis sem consentimento e reforçando o respeito à autonomia e diversidade corporal6.
Essas normativas refletem o esforço dos conselhos profissionais em garantir a qualidade, a segurança e a ética na oferta dos serviços de psicoterapia sexual, além de proteger populações vulneráveis e promover a inclusão e o respeito à diversidade.
Reconhecimento por Conselhos Profissionais
O Conselho Federal de Psicologia (CFP) e o Conselho Federal de Medicina (CFM) reconhecem a psicoterapia sexual como campo de atuação legítimo para psicólogos e médicos psiquiatras, desde que devidamente habilitados e respaldados por suas entidades de classe1. O CFP, por meio do CREPOP (Centro de Referência Técnica em Psicologia e Políticas Públicas), publica referências técnicas e orientações para atuação em políticas públicas de direitos sexuais e reprodutivos, enfatizando a necessidade de formação continuada, supervisão clínica e compromisso ético-político com os direitos humanos7.
O reconhecimento da atuação multiprofissional é crescente, especialmente em contextos de saúde pública, educação sexual e atendimento a populações específicas, como pessoas LGBTQIAPN+, adolescentes e profissionais do sexo86.
Panorama Atual da Prática Clínica em Sexualidade Humana
Número de Profissionais Atuantes
O Brasil conta com um contingente expressivo de psicólogos registrados: são mais de 574 mil profissionais em atividade, distribuídos em todas as regiões do país. Embora não haja um censo específico sobre o número de psicoterapeutas sexuais, estima-se que a maioria dos profissionais que atuam com sexualidade humana sejam psicólogos, médicos, psicanalistas e terapeutas formados em cursos livres ou pós-graduações especializadas9.
Plataformas digitais como Doctoralia listam mais de 2.200 especialistas em sexologia e terapia sexual, com maior concentração nas capitais e grandes centros urbanos, especialmente em São Paulo, Rio de Janeiro, Curitiba, Belo Horizonte, Brasília e Fortaleza10.
Tabela Comparativa: Número de Profissionais por Cidade
A tabela acima ilustra a distribuição de especialistas em sexologia nas principais cidades brasileiras, indicando uma oferta crescente de serviços presenciais e online, com valores iniciais acessíveis para diferentes perfis de pacientes11.
Tipos de Serviços Oferecidos
Os profissionais de psicoterapia sexual oferecem uma ampla gama de serviços, que incluem:
Psicoterapia individual focada em questões sexuais (disfunções, traumas, autoestima, orientação sexual, identidade de gênero)
Terapia de casal e familiar com ênfase em sexualidade e relacionamento
Psicoeducação sexual e orientação para prevenção de ISTs e gravidez não planejada
Atendimento a demandas específicas de populações LGBTQIAPN+, pessoas trans, profissionais do sexo, adolescentes e idosos
Supervisão clínica e formação continuada para outros profissionais
Atuação em grupos terapêuticos, oficinas, palestras e projetos institucionais
Consultoria para escolas, empresas, ONGs e órgãos públicos
Atendimento presencial em consultórios, clínicas multidisciplinares e ambulatórios especializados
Atendimento remoto por plataformas digitais, ampliando o acesso geográfico e a flexibilidade de horários12410
Tabela: Tipos de Serviços Oferecidos
A diversidade de serviços reflete a complexidade das demandas em sexualidade humana e a necessidade de abordagens integrativas e personalizadas13.
Perfis de Pacientes Atendidos
Os pacientes que buscam psicoterapia sexual apresentam perfis variados em termos de faixa etária, gênero, orientação sexual, identidade de gênero e demandas clínicas. Entre as principais demandas estão:
Disfunções sexuais (disfunção erétil, ejaculação precoce, anorgasmia, vaginismo, dor sexual)
Baixo desejo sexual e dificuldades de excitação
Traumas e abuso sexual
Questões de identidade de gênero e orientação sexual
Problemas de comunicação e intimidade em casais
Ansiedade, depressão e baixa autoestima relacionadas à sexualidade
Dificuldades decorrentes de doenças crônicas, tratamentos médicos ou envelhecimento
Demandas específicas de populações LGBTQIAPN+, profissionais do sexo, adolescentes e idosos1014
Tabela: Perfis de Pacientes Atendidos
A tabela evidencia a amplitude de perfis atendidos e a necessidade de sensibilidade cultural, técnica e ética para lidar com as especificidades de cada grupo15.
Formação e Oferta de Cursos
A formação em sexualidade humana é oferecida em diferentes modalidades:
Pós-graduação lato sensu: Diversas instituições oferecem cursos de especialização em sexualidade humana, com duração média de 12 a 24 meses, carga horária entre 360h e 630h, e ênfase em teoria, prática clínica supervisionada e desenvolvimento de projetos educacionais94.
Cursos livres e de extensão: Voltados para profissionais de diferentes áreas, com carga horária variável e foco em atualização, práticas supervisionadas e formação multiprofissional4.
TESH (Título de Especialista em Sexualidade Humana): Concedido pela SBRASH, mediante análise curricular e comprovação de experiência, é considerado referência nacional na qualificação de profissionais da área5.
Instituições como o IEPOS, InPaSex, FASEX e SBRASH destacam-se pela oferta de cursos reconhecidos, com corpo docente qualificado e integração entre teoria e prática clínica124.
Tabela Comparativa: Formação e Supervisão
A formação continuada e a supervisão clínica são elementos essenciais para a qualificação e atualização dos profissionais, garantindo a segurança e a eficácia dos atendimentos4.
Supervisão Clínica e Formação Continuada
A supervisão clínica é reconhecida como prática fundamental para o desenvolvimento profissional, aprimoramento técnico e suporte ético na condução de casos complexos. Modelos de supervisão incluem grupos semanais, estudo de casos, intervisão entre pares e acompanhamento individualizado por profissionais experientes9. A formação continuada é incentivada por associações como a SBRASH, que promove congressos, workshops, publicações científicas e eventos regionais para atualização constante dos profissionais.
Principais Desafios Enfrentados por Profissionais da Área
Estigma e Discriminação
O estigma social em torno da sexualidade, especialmente de minorias sexuais, pessoas trans, profissionais do sexo e adolescentes, constitui uma das principais barreiras ao acesso e à oferta de serviços de psicoterapia sexual no Brasil816. A patologização da diversidade sexual, a associação de demandas LGBT a transtornos mentais e a moralização das práticas sexuais ainda permeiam discursos e práticas de profissionais de saúde, impactando negativamente a qualidade do atendimento e a geração de dados fidedignos sobre essas populações16.
Tabela: Categorias de Estigma Identificadas nos Discursos de Profissionais
A tabela evidencia como o estigma se manifesta em diferentes níveis, desde a redução das demandas à prevenção de doenças até a recusa em abordar abertamente questões de orientação sexual e identidade de gênero8.
Formação Continuada e Ausência de Protocolos
A escassez de conteúdos sobre sexualidade humana e diversidade sexual nas grades curriculares de cursos de saúde e psicologia é apontada como um desafio central para a qualificação dos profissionais178. A ausência de protocolos específicos para atendimento de populações LGBTQIAPN+, adolescentes e profissionais do sexo, bem como a predominância de cursos de curta duração e abordagens superficiais, limitam a capacidade dos profissionais de oferecer um cuidado ético, inclusivo e baseado em evidências14.
Tabela: Barreiras e Estratégias de Formação Profissional
A superação dessas barreiras requer investimento em formação continuada, desenvolvimento de protocolos clínicos e promoção de processos pedagógicos ativos e transformadores14.
Acesso à Supervisão e Redes de Referência
A disponibilidade de supervisão clínica e redes de referência regionais ainda é desigual no Brasil, com maior concentração de recursos em capitais e grandes centros urbanos12. O teleatendimento e as plataformas digitais têm ampliado o acesso à supervisão e à formação continuada, mas persistem desafios relacionados à infraestrutura, conectividade e integração entre profissionais de diferentes regiões18.
Desafios Éticos e Casos Sensíveis
O atendimento de casos sensíveis, como violência sexual, trabalho sexual, demandas de pessoas trans e questões de consentimento, exige preparo técnico, sensibilidade ética e articulação com redes de proteção e encaminhamento19. A Resolução CFP no 8/2020 e a Resolução CFP no 16/2024 estabelecem diretrizes para o enfrentamento de violências de gênero e para o atendimento de pessoas intersexo, vedando práticas patologizantes e reforçando o compromisso com os direitos humanos7.
Integração com Outras Áreas da Saúde
A atuação multiprofissional e interdisciplinar é fundamental para o cuidado integral em sexualidade humana. No âmbito do Sistema Único de Saúde (SUS), equipes multiprofissionais, como os Núcleos Ampliados de Saúde da Família (NASF-AB), compartilham práticas e saberes em saúde sexual, promovendo ações integrativas e articuladas com a atenção básica, saúde mental, ginecologia, urologia, endocrinologia e assistência social1720.
Tabela: Barreiras ao Atendimento em SSR (Saúde Sexual e Reprodutiva)
A tabela destaca os principais obstáculos enfrentados no atendimento em saúde sexual e reprodutiva, especialmente para adolescentes e populações vulneráveis14.
Mercado de Trabalho, Remuneração e Condições de Atuação
O mercado de trabalho para psicoterapeutas sexuais apresenta remuneração variável, com média salarial de R$ 4.185,20 para jornada de 34 horas semanais, podendo chegar a R$ 8.527,29 em casos de maior especialização e experiência21. A demanda por serviços especializados tem crescido, mas ainda há baixa oferta de profissionais qualificados em regiões periféricas e áreas rurais. A atuação autônoma em consultórios particulares, clínicas multidisciplinares e plataformas digitais é predominante, com oportunidades crescentes em empresas, escolas, ONGs e programas de saúde pública21.
Oportunidades de Mercado
Nichos em Crescimento e Demanda por Serviços Especializados
O aumento da visibilidade das questões de sexualidade, a redução do estigma associado à busca por terapia sexual e a ampliação do debate público sobre diversidade sexual e de gênero têm impulsionado a demanda por serviços especializados em psicoterapia sexual15. Nichos em crescimento incluem:
Atendimento a populações LGBTQIAPN+, com foco em identidade de gênero, orientação sexual, saúde mental e enfrentamento da violência e discriminação178.
Terapia sexual para casais, com ênfase em comunicação, intimidade, resolução de conflitos e reinvenção da vida sexual ao longo do ciclo vital18.
Atendimento a adolescentes e jovens, abordando educação sexual, prevenção de ISTs, gravidez não planejada, autoestima e construção da identidade sexual16.
Psicoterapia sexual para idosos, considerando as mudanças fisiológicas, doenças crônicas e desafios relacionais do envelhecimento9.
Intervenções em saúde sexual para pessoas com deficiência, promovendo inclusão, autonomia e respeito à diversidade corporal e sexual7.
Consultoria e educação sexual em empresas, escolas, ONGs e órgãos públicos, com foco em prevenção, promoção da saúde e combate ao assédio e discriminação9.
Tabela Comparativa: Oportunidades de Mercado
A tabela demonstra a diversidade de modelos de atuação e as possibilidades de expansão do mercado para profissionais qualificados10.
Atuação em Clínicas, Consultórios, Plataformas Digitais e Parcerias Institucionais
A atuação em consultórios particulares e clínicas multidisciplinares permanece como principal modelo de trabalho, mas o atendimento online, por meio de plataformas digitais, tem se consolidado como tendência irreversível, ampliando o acesso e a flexibilidade para profissionais e pacientes18. Parcerias com escolas, empresas, ONGs e órgãos públicos oferecem oportunidades para atuação em projetos de educação sexual, prevenção de ISTs, promoção da saúde e combate à violência de gênero e à discriminação9.
Poder de Compra e Mercado LGBTQIAPN+
A comunidade LGBTQIAPN+ movimentou US$ 108 bilhões em 2023 no Brasil, com 69% dos consumidores preferindo empresas que apoiam diversidade e inclusão15. O crescimento de famílias rainbow, o aumento do empreendedorismo trans e a valorização da representatividade na mídia e nos games ampliam as oportunidades para profissionais que atuam de forma inclusiva e sensível às demandas dessa população22.
Tabela Comparativa: Empreendedorismo Trans
A tabela ilustra a diversidade de setores em que pessoas trans têm empreendido, muitas vezes em resposta à exclusão do mercado formal de trabalho15.
Plataformas Digitais e Teleatendimento
O teleatendimento e o uso de plataformas digitais para psicoterapia sexual têm crescido exponencialmente, especialmente após a pandemia de COVID-19. A Resolução CFP no 11/2018 regulamenta a prestação de serviços psicológicos por meio de TICs, garantindo os mesmos princípios éticos, sigilo e qualidade do atendimento presencial18. O atendimento online amplia o alcance geográfico, reduz custos e oferece flexibilidade de horários, sendo especialmente relevante para populações de regiões periféricas e áreas rurais18.
Parcerias Institucionais e Atuação em Rede
A atuação em rede, por meio de parcerias com instituições públicas, privadas e do terceiro setor, potencializa o impacto dos serviços de psicoterapia sexual. Delegacias estaduais e distritais da SBRASH, núcleos regionais de referência e comitês técnicos de saúde LGBTI+ promovem integração, articulação e fortalecimento das ações em sexualidade humana em todo o país17.
Tendências Futuras e Boas Práticas Clínicas
Inovações Tecnológicas: Telemedicina, Realidade Virtual e Inteligência Artificial
A incorporação de tecnologias inovadoras, como telemedicina, realidade virtual (RV) e inteligência artificial (IA), está transformando a prática clínica em sexualidade humana23. A terapia online consolida-se como recurso que amplia o acesso, elimina barreiras geográficas e permite intervenções seguras e eficazes. A RV possibilita a criação de ambientes controlados para tratamento de fobias, traumas e disfunções sexuais, promovendo experiências imersivas e personalizadas23. Ferramentas de IA, como chatbots e sistemas de triagem, oferecem suporte complementar ao atendimento humano, monitoramento de sintomas e orientação educativa, desde que respeitados os limites éticos e a privacidade dos pacientes.
Protocolos Clínicos Baseados em Evidências
A adoção de protocolos clínicos baseados em evidências é tendência crescente, com destaque para a Terapia Cognitivo-Comportamental (TCC), técnicas de mindfulness, psicoeducação e intervenções focadas em crenças e mitos sexuais13. Ensaios clínicos randomizados e revisões sistemáticas têm demonstrado a eficácia dessas abordagens no tratamento de disfunções sexuais, redução de crenças disfuncionais e melhora da comunicação e intimidade em casais13.
Tabela: Protocolos de TCC para Disfunções Sexuais
A tabela exemplifica a diversidade de protocolos e a necessidade de validação contínua das intervenções clínicas em diferentes contextos culturais e populacionais13.
Formação Aprofundada e Atualização Contínua
A formação continuada é reconhecida como diferencial competitivo em um mercado dinâmico e exigente. Psicólogos e psicoterapeutas são incentivados a buscar especializações que acompanhem as novas tendências, descobertas científicas e demandas sociais4. A participação em congressos, workshops, grupos de estudo e supervisão clínica é fundamental para o aprimoramento técnico, ético e humano dos profissionais9.
Interdisciplinaridade e Atuação em Rede
A atuação interdisciplinar e em rede é tendência consolidada, promovendo abordagens integrativas e colaborativas no cuidado à saúde sexual. A articulação entre psicólogos, médicos, fisioterapeutas, enfermeiros, assistentes sociais e educadores potencializa o impacto das intervenções e amplia o acesso a serviços de qualidade1720.
Boas Práticas Clínicas e Protocolos de Atendimento
As boas práticas clínicas em psicoterapia sexual incluem:
Escuta qualificada, empatia e respeito à diversidade
Planejamento de intervenções individualizadas e baseadas em evidências
Promoção do autocuidado, autoestima e autonomia dos pacientes
Trabalho com mitos, tabus e crenças disfuncionais sobre sexualidade
Integração de técnicas cognitivo-comportamentais, mindfulness, psicoeducação e abordagens sistêmicas
Encaminhamento e articulação com redes de proteção em casos de violência, abuso ou vulnerabilidade
Registro documental adequado, sigilo profissional e respeito à privacidade
Atualização constante sobre legislações, normativas e protocolos clínicos113.
Supervisão e Ética em Casos Sensíveis
A supervisão clínica é indispensável para o manejo de casos sensíveis, como violência sexual, trabalho sexual, demandas de pessoas trans e intersexo. O compromisso ético com os direitos humanos, a não patologização da diversidade e a promoção de ambientes seguros e acolhedores são princípios norteadores da prática profissional6.
Considerações Finais
A psicoterapia sexual no Brasil encontra-se em um momento de consolidação e expansão, impulsionada por avanços regulatórios, crescimento da demanda, inovações tecnológicas e valorização da diversidade. Profissionais pós-graduados que desejam atuar na área devem investir em formação continuada, buscar certificações reconhecidas, participar de redes de supervisão e manter-se atualizados sobre as tendências e boas práticas clínicas. O compromisso com a ética, a inclusão, a interdisciplinaridade e a promoção dos direitos humanos é fundamental para o sucesso e a sustentabilidade da prática clínica em sexualidade humana.
O cenário brasileiro apresenta desafios significativos, como o estigma, a desigualdade regional, a escassez de protocolos específicos e a necessidade de formação qualificada. No entanto, as oportunidades de mercado são amplas, abrangendo nichos em crescimento, atuação em plataformas digitais, parcerias institucionais e atendimento a populações vulneráveis. O futuro da psicoterapia sexual será marcado pela integração de tecnologias inovadoras, protocolos baseados em evidências, atuação em rede e compromisso com a equidade e a justiça social.
Profissionais que se posicionam de forma ética, inclusiva e tecnicamente qualificada estarão preparados para contribuir de maneira significativa para a promoção da saúde sexual, o bem-estar e a dignidade de seus pacientes e da sociedade brasileira como um todo.
References (32)
1. Reflexões e orientações sobre a prática da Psicoter - CFP. https://site.cfp.org.br/wp-content/uploads/2023/06/caderno_reflexoes_e_orientacoes_sobre_a_pratica_de_psicoterapia.pdf
2. RESOLUÇÃO - sistemas.cfm.org.br. https://sistemas.cfm.org.br/normas/arquivos/resolucoes/BR/2025/2427_2025.pdf
3. Nota Coletiva sobre a Resolução no 2.427/2025 do CFM - SBRASH. https://sbrash.org.br/nota-coletiva-sobre-a-resolucao-no-2-427-2025-do-cfm/
4. SEXOLOGIA CLÍNICA E EDUCACIONAL 600H - 100% online. https://www.familiaesexualidade.com.br/sexologia
5. TESH POR TITULAÇÃO - SBRASH. https://sbrash.org.br/edital-tesh-por-titulacao/
6. CFP publica normas para o exercício profissional da categoria junto às .... https://site.cfp.org.br/cfp-publica-normas-para-o-exercicio-profissional-da-categoria-junto-as-pessoas-intersexo/
7. Conheça as publicações do CRE. https://site.cfp.org.br/wp-content/uploads/2025/04/RT_direitos_sexuais_WEB.pdf
10. Terapia sexual: Informações e especialistas - Doctoralia. https://www.doctoralia.com.br/servicos-de-tratamento/terapia-sexual
8. Sexualidade e estigma na saúde: uma - scielosp.org. https://www.scielosp.org/pdf/physis/2021.v31n1/e310128/pt
9. IEPOS - Instituto de Ensino, Pesquisa e Orientação em Saúde. https://www.iepos.com.br/
11. Sexólogos recomendados - Leia opiniões e agende uma consulta .... https://www.doctoralia.com.br/sexologo
12. O InPaSex. https://inpasex.com.br/site/conteudo/25-o-inpasex.html
13. PROTOCOLOS DE TERAPIA COGNITIVO-COMPORTAMENTAL PARA DISFUNÇÕES SEXUAIS .... https://www.rbsh.org.br/revista_sbrash/article/download/1102/938/3980
14. Saúde Sexual e Reprodutiva nas Adolescências no Contexto Brasileiro .... https://pepsic.bvsalud.org/scielo.php?script=sci_arttext&pid=S1808-42812024000100205
15. Um retrato da população LGBTQIA+ brasileira. https://gente.globo.com/um-retrato-da-populacao-lgbtqia-brasileira/
16. Diversidade sexual: uma leitura do impacto do estigma e ... - SciELO. https://www.scielo.br/j/csc/a/TCJ6mXyyK4pB94FDNhcjZZc/?format=html
18. Sexestima - Sexologia e Terapia de Casal Online Terapia Sexual. https://sexestima.com.br/lp-terapia-sexual/
19. RESOLUÇÃO CFM No 2.427, DE 8 DE ABRIL DE 2025 - RESOLUÇÃO CFM No 2.427 .... https://www.conjur.com.br/wp-content/uploads/2025/04/resolucao-cfm-pessoas-trans.pdf
20. População LGBTQIAPN+ - Ministério da Saúde. https://www.gov.br/saude/pt-br/composicao/saps/equidade-em-saude/populacao-lgbtqiapn
21. Psicoterapeuta - Piso Salarial, Dissídio 2025 - Dissidio.com.br. https://dissidio.com.br/salario/psicoterapeuta/
17. SciELO Brasil - Desafios da saúde da população LGBTI+ no Brasil: uma .... https://www.scielo.br/j/csc/a/hWZDMgSHpzzyTdrZ4QcSRXj/?format=html
22. Plataformas Sexuais: Novas Classificações Da Sexualidade No Brasil .... https://www.even3.com.br/anais/viii_rea/1117241-plataformas-sexuais--novas-classificacoes-da-sexualidade-no-brasil-online/
23. A inovadora terapia da realidade virtual e suas aplicações. https://maestrovirtuale.com/a-inovadora-terapia-da-realidade-virtual-e-suas-aplicacoes/",,imported
8ff381340c8a1e16,"Psicoterapia, Legislação e Prática da Psicologia","file:///Users/paulorezende/Documents/Personal_AI_powerhouse updated/personal-ai-space/knowledge/articles/Psicoterapia, Legislação e Prática da Psicologia.md",,,,2026-06-12T06:19:57.145873+00:00,"article, conteúdo-principal, introdução, knowledge, pontos-chave","Psicoterapia, Legislação e Prática da Psicologia","# Psicoterapia, Legislação e Prática da Psicologia

---
type: academic-paper
date: 2025
status: processed
---

## 📋 Sumário

- [Introdução](#introdução)
- [Conteúdo Principal](#conteúdo-principal)
- [Pontos-chave](#pontos-chave)

## Introdução

Este documento contém informações sobre **psicoterapia, legislação e prática da psicologia**.

## Conteúdo Principal

Psicoterapia, Legislação e Prática da Psicologia

RBPsicoterapia
Revista Brasileira de Psicoterapia
Volume 25, número 2, agosto de 2023

Psicoterapia, Legislação e Prática da Psicologia
Psychotherapy, Legislation and Practice of Psychology
Psicoterapia, Legislación y Práctica de la Psicología
Guilherme Bertassoni da Silvaa, Adriano Furtado Holanda

, Bruno Jardini Mäder

Universidade Federal do Paraná, Psicologia – Curitiba/PR – Brasil. b Universidade Federal do Paraná, Educação – Curitiba/
PR – Brasil.
a

## Doi 10.5935/2318-0404.20230012

Resumo
A regulamentação da oferta profissional da psicoterapia é tema de embate entre campos do conhecimento.

Isso se verifica no projeto de lei 7726/2017, nas Sugestões Legislativa (SUG) 8/2018 e 40/2019, bem como no
projeto de lei do ato médico (2013).

Este trabalho objetiva, por meio de análise de normas legislativas, discutir
as relações da Psicologia com sua legislação própria e com a regulamentação da psicoterapia.

Discorre-se sobre
a regulamentação da Psicologia, indicando a ausência de temas de interface com a Medicina, no processo de
sua regulamentação, entre 1953 e 1962.

Para a composição desta legislação utilizaram-se termos do campo
da educação para evitar confronto com a Medicina e facilitar a aprovação da Lei 4119/1962.

Indica-se que a
regulamentação federal para psicoterapia existe desde 1932, em decreto no qual se apontava a psicoterapia
como atividade médica.

Contudo, a psicoterapia é aplicada por profissionais de diversas formações, inclusive
fora da área da saúde.

Em termos práticos, não há uma regulamentação pelo Estado brasileiro da prática da
psicoterapia enquanto técnica.

No que tange à Psicologia, é justificada a busca pela regulamentação, uma vez
que a psicoterapia é amplamente aplicada por psicólogos e é representativa da profissão.

Palavras-chaves: Psicoterapia; Psicologia; Códigos de Ética

Abstract
In Brazil, the regulation of professional psychotherapy is a controversial topic among various fields of knowledge,
which can be noticed, for instance, in Bill 7726/2017, in the Legislative Suggestions (SUG) 8/2018 and 40/2019,
as well as, likewise, the Medical Act Bill (2013).

The present article aims, through the analysis of legislative
norms, to discuss the links of Psychology with its legislation and with the regulation of psychotherapy.

It deals
ISSN 2318-0404i

## Rev. Bras. Psicoter., Porto Alegre, 25(2), 1-22, 2023

Guilherme Bertassoni da Silva, Adriano Furtado Holanda, Bruno Jardini Mäder

with the Brazilian regulation of Psychology, indicating the absence of interface issues with Medicine in the
process of its regulation between 1953 and 1962.

During the congressional approval process, in order to avoid
confrontation with Medicine and facilitate the approval of Law 4119/1962, terms from the field of education
have been used.

It is indicated that the federal regulation for psychotherapy has existed since 1932, through
a decree that designated psychotherapy as a medical activity.

However, psychotherapy has been currently
applied by various professionals, even outside the field of health.

In practical terms, there is no regulation by
the Brazilian State for the practice of psychotherapy.

Regarding Psychology, the search for regulation is justified
considering that psychotherapy is widely applied by psychologists and represents the profession.

Keywords: Psychotherapy; Psychology; Codes of Ethics

Resumen
Es un asunto de conflicto entre campos de conocimiento, la regulación de la oferta profesional de la psicoterapia.

Esto se puede ver en la proposición de ley 7726/2017, en las Sugerencias Legislativas (SUG) 8/2018 y 40/2019,
así como en el proyecto de ley del acto médico (2013).

El presente artículo tiene como objetivo, a través del
análisis de las normas legislativas, discutir las relaciones de la Psicología con su propia legislación y con la
regulación de la psicoterapia.

Se trata de la regulación de la Psicología, indicando la ausencia de temas de interfaz
con la Medicina, en el proceso de su regulación entre 1953 y 1962.

Para la composición de esta legislación
se han utilizado términos del ámbito de la educación para evitar la confrontación con la Medicina y facilitar
la aprobación de la ley 4119/1962.

Se indica que la regulación federal para la psicoterapia existe desde 1932,
en decreto en el que se señalaba la psicoterapia como una actividad médica.

Sin embargo, la psicoterapia es
aplicada por profesionales de diversos ámbitos, incluso fuera del campo de la salud.

En términos prácticos, no
existe una regulación por parte del Estado brasileño de la práctica de la psicoterapia como técnica.

En lo que
respecta a la Psicología, la búsqueda de una regulación es justificada, ya que la psicoterapia es ampliamente
aplicada por los psicólogos y es representativa de la profesión.

Palabras clave: Psicoterapia; Psicología; Códigos de Ética

Introdução
Movimentações recentes de entidades e pessoas ligadas à Psicologia apontam para uma tentativa de se
regulamentar a psicoterapia como prática exclusiva – privativa – de profissionais de psicologia com inscrição
ativa em seu conselho de classe.

Essa movimentação aparece em forma de Sugestões Legislativas (SUG 8/2018
e SUG 40/2019).

Temos a apresentar que esta movimentação vai de encontro ao previsto em legislação própria
da profissão, com data retroativa a 1962.

Ou ainda com relação a outras profissões, quando podemos retroagir
a datas até 1932.

Discutimos, neste texto, a disparidade entre as práticas atuais da Psicologia e sua legislação, no que se
refere à atuação profissional e à constituição e atuação de órgãos de classe (Conselhos Federal e Regionais

## 2 Rev. Bras. Psicoter., Porto Alegre, 25(2), 1-22, 2023

Psicoterapia, Legislação e Prática da Psicologia

de Psicologia).

Realizou-se, através das bases de dados da Câmara dos Deputados e do Senado Federal, busca
pelas normas legislativas relacionadas à psicoterapia, objetivando a identificação da legislação pertinente.

A
partir disto, estas normativas foram analisadas, objetivando discutir as relações factuais da Psicologia com sua
própria legislação e com a regulamentação da psicoterapia, bem como as implicações desta relação.

1.

Projeto de Lei e Sugestões Legislativas
O primeiro ponto que se nos apresenta à análise é a existência de duas sugestões legislativas e um projeto
de lei que apresentam temática correlata.

O projeto de lei (PL) 7726/2017, de autoria da deputada Rosinha da
Adefal (PT do B/AL), indica que “A psicoterapia é atividade privativa de psicólogos ou de médicos no exercício da
psiquiatria”, em seu primeiro artigo1.

Já a Sugestão Legislativa (SUG) 8/2018 deriva da Ideia Legislativa 93928, a
qual alcançou os 20.000 apoiamentos necessários em fevereiro de 2018, podendo tramitar como SUG.

A ideia
que era sugerida versava sobre “Regulamentação da Psicoterapia como prática privativa de Psicólogos”.

Ainda,
a SUG 40/2019, derivada da Ideia Legislativa 123431, apresenta o pedido de “Regulamentação da Psicoterapia
como prática privativa de Psicólogos com CRP ativo”.

Partimos dessas demandas, surgidas dentro do poder legislativo federal – ou lançadas a este por meio
de manifestação de tipo popular – para verificar sua tramitação e consonância às normativas profissionais já
existentes.

Podemos pensar ainda que realmente temos uma demanda por regulamentação de práticas da
Psicologia – como foi visto no ano de 2021 com uma decisão do Supremo Tribunal Federal relativa aos testes
psicológicos.

A regulamentação de práticas psicológicas – em suas mais diversas áreas – tem aparecido como
premente para boa parte da categoria, e a sociedade civil organizada tem se manifestado a este respeito
gerando uma movimentação de verve social.

As ideias legislativas, procedimento relativamente novo no entendimento legislativo nacional, tem
gerado o acesso direto do cidadão à possibilidade de opinião com relação a assuntos que antes só poderiam
ser discutidos abertamente em plenárias de casas legislativas.

Aprovada em 2015, a Resolução do Senado
Federal nº 19 cria o Programa “E-Cidadania”, que institui, entre outros, o mecanismo de consulta popular na
qual uma ideia legislativa pode se tornar uma proposta viável de análise por comissões do órgão legislativo.

É nesse caminho de tramitação que surgiram as SUGs supracitadas.

Na tramitação da SUG 8/2018, a ideia foi encaminhada à Comissão de Direitos Humanos e Legislação
Participativa.

Nesta comissão, a SUG teve como parecerista designada a senadora Marta Suplicy (MDB-SP).

Importante citar aqui que a senadora tem formação em Psicologia, graduando-se na PUC-SP no ano de 1970,
possuindo, ainda, titulação de especialista pela Universidade de Stanford e de mestra pela Universidade de
Michigan (ambas estadunidenses).

A parecerista, em sua manifestação, no Parecer (SF) n° 57/2018, construiu
seu voto apontando para a questão constitucional da regulamentação de práticas profissionais por meio das
casas legislativas.

Aponta, entretanto, para a carência conceitual da temática e para a falta de delimitação da
abrangência de uma possível decisão favorável.

Relatou que tornar essa prática privativa da Psicologia pode

## Rev. Bras. Psicoter., Porto Alegre, 25(2), 1-22, 2023

Guilherme Bertassoni da Silva, Adriano Furtado Holanda, Bruno Jardini Mäder

gerar conflitos com outras categorias, bem como pode se tornar uma decisão sem valor devido à ausência de
definição mais técnica e científica para o conceito.

Com isso aponta:
De nada adiantaria este Congresso Nacional aprovar uma lei que pode se tornar
inócua, com a simples utilização de outras denominações para o exercício de
atividades semelhantes.

Precisamos ser cautelosos, e os próprios interessados devem
encontrar o consenso e a justa medida para as definições e normas que precisam ser
adotadas, considerados os valores e demandas da sociedade2.

A falta de definição e de consenso da categoria fez com que o Conselho Regional de Psicologia de São
Paulo se posicionasse de forma contrária à proposta, acompanhando assim o parecer da relatora.

Com essas
percepções, a relatora conclui seu voto de maneira contrária à proposição, rejeitando a SUG 8/2018.

Optamos por traçar o percurso legislativo pormenorizado da SUG 8/2018 pelo fato de que sua tramitação
foi finalizada.

A SUG 40/2019 apresentava-se, no momento da escrita deste texto, em fase de encaminhamento
para a Comissão de Direitos Humanos do Senado Federal, ainda sem designação de relatoria.

O PL 7726/2017,
após apresentação da deputada autora, foi encaminhado à Comissão de Seguridade Social e Família (CSSF),
tendo ainda que passar pela Comissão de Constituição e Justiça e de Cidadania (CCJC) após esse andamento.

No entanto, a CSSF não designou relatoria ou emitiu parecer e, ao final da legislatura, o projeto foi arquivado
e assim se encontra desde janeiro de 2019.

Esse levantamento, realizado aqui, demonstra que, apesar das manifestações no sentido de
regulamentação, ainda não se encontrou força suficiente junto aos legisladores para que as propostas encontrem
o destino de transformação em norma vigente.

Não se pode ignorar a existência e insistência destas propostas,
colocadas de modo bastante similar – apenas alterada na inclusão da Medicina no PL 7726/2017 – por três
vezes, até agora.

Mas, se as propostas não avançam (ao menos ainda não avançaram) é cabível problematizar
sobre a atual regulamentação profissional que alcança a definição da psicoterapia.

A Psicologia requer, por
diferentes vias, seu uso privativo; isso nos induz à pergunta: o que temos em relação à lei que una a Psicologia
à Psicoterapia?

2.

A Legislação da Psicologia e seu Trajeto: Formação e Profissão
A Psicologia é profissão regulamentada pela Lei 4119/1962.

Posteriormente, em 1964, decorre da lei
o Decreto 53464, que traz mais especificações à lei.

Estas legislações tiveram sua tramitação iniciada quatro
anos antes, com o Projeto de Lei (PL) 3825/1958.

Este PL é produto de discussões iniciadas ainda na década
de 1940, envolvendo diversos atores do campo da ainda não regulamentada profissão.

Em 1945, foi fundada a Sociedade de Psicologia de São Paulo, que formaria uma comissão com a intenção
de formatar as possibilidades de normatizar a profissão no país3.

O Ministério da Educação expediria, em 1946,
a portaria 328, a qual versava sobre pós-graduações em Psicologia – nas áreas de Clínica, Educacional e do

## 4 Rev. Bras. Psicoter., Porto Alegre, 25(2), 1-22, 2023

Psicoterapia, Legislação e Prática da Psicologia

Trabalho4.

Em 1949, a pedagoga e psicóloga Annita Cabral proferia palestra, sob o título “A profissão do psicólogo
e a associação de psicólogos norte-americanos: sugestões para a organização de nossa sociedade”5.

No início da
década de 1950 há forte estruturação voltada à construção da psicologia como profissão devidamente legislada.

O ano de 1953 é particularmente importante para a formação e regulamentação da profissão.

Neste ano,
a Associação Brasileira de Psicotécnica (ABP) envia ao Ministério da Educação um anteprojeto de lei propondo
formas de regulamentar a Psicologia3,6,7,8,9.

No mesmo ano, reúnem-se em Curitiba profissionais dedicados à
Psicologia no I Congresso Brasileiro de Psicologia10,11.

Este Congresso teve, entre outras, uma comissão temática
dedicada ao “ensino de psicologia e profissão do psicólogo”; o relatório desta comissão foi aprovado pelo pleno
do I Congresso em seu relatório final.

Após o congresso, foi formada comissão de professores de Psicologia
para dar redação final e encaminhar para o Ministério da Educação e Cultura um texto complementar àquele
já encaminhado pela ABP.

A comissão foi presidida por Nilton Campos, professor da Faculdade Nacional de
Filosofia e contava com diversos notáveis3 da área – Pórcia Guimarães, Gabriel Munhoz da Rocha, Arrigo Angelini,
Madre Cristina, Pedro Bessa, Hans Lipmann, Henrique Justo, Antonio Penna, João Mendonça e Lourenço Filhoi.

Originalmente, o anteprojeto de 1953 previa, com uma das áreas de atuação do psicólogo, a área clínica,
entretanto recebeu oposição11, obrigando à confecção de um substitutivo – datado de 1957 – no qual se
determinou que “o psicólogo neste caso só poderia ser um assistente técnico, tendo sua atuação supervisionada
por um médico” (Pereira & Pereira Neto, 20037, p.

24).

No contexto da época, a Psicologia existia de duas maneiras: como uma especialização (pós-graduação)
em faculdades de Filosofia e como uma especialidade médica (derivada da psicopatologia clínica)9.

Isso pode ser
visto na “Exposição de Motivos nº 112”, assinada pelo Ministro da Educação e Cultura Clóvis Salgado – referente
ao anteprojeto de lei 3825/195812.

Importante ressaltar a personalidade citada, uma vez que havia sido vicegovernador (no mandato imediatamente anterior) do então presidente da República Juscelino Kubitschek,
referendando nesse projeto o peso dessa ligação política e encaminhando o mesmo para a aprovação futura.

Além de analisarmos esse conteúdo cronológico, desde o início deste projeto que resulta na lei
4119/196213, importante também se verificar algumas questões de conteúdo e modificações que o projeto
sofreu durante sua tramitação.

Se a ideia do projeto começa no início dos anos 1950, sua proposição de fato,
pelo Poder Executivo – via MEC – para o Poder Legislativo, só se dará em 11 de abril de 1958.

E as modificações
só podem iniciar com o projeto devidamente apresentado.

No bojo do objetivo deste escrito, focaremos
nos artigos que tratam sobre as “regalias conferidas aos diplomados” (texto do projeto de lei) e os “direitos
conferidos aos diplomados” (textos seguintes).

E note-se, desde já, que não veremos a palavra “psicoterapia”
contida em nenhum destes textos – adiantando a pergunta feita ao final do tópico anterior.

A tabela a seguir apresenta comparativo entre os textos e referem tanto ao anteprojeto original,
de proposta apresentada pela Associação Brasileira de Psicólogos (assinado por Annita Cabral), quanto ao
substitutivo aprovado pela Comissão de Educação e Cultura.

i

Nilton Campos (1898-1963), Pórcia Guimarães Alves (1917-2005), Gabriel Munhoz da Rocha (1915-1999), Arrigo Leonardo Angelini (1924), Madre
Cristina Sodré Dória (1916-1997), Pedro Parafita Bessa (1923-2002), Hans Ludwig Lipmann (1921-1981), Irmão Henrique Justo (nome civil: José
Arvedo Flach 1922), Antonio Gomes Penna (1917-2010), João Ignácio Mendonça (1903-1969) e Manuel Bergström Lourenço Filho (1897-1970).

## Rev. Bras. Psicoter., Porto Alegre, 25(2), 1-22, 2023

Guilherme Bertassoni da Silva, Adriano Furtado Holanda, Bruno Jardini Mäder

Artigos sobre as “regalias” e “direitos” conferidos ao portador de diploma de Psicologia
Projeto original 3258/1958

Proposta da Associação Brasileira de
Psicólogos (1958)

Substitutivo de 1959 – Comissão de
Educação e Cultura

Art.

8º O diploma de bacharel em
Art.

7º O portador do diploma de
Art.

7º O portador da licença em
psicologia habilita o portador ao
licenciado em Psicologia
Psicologia (...) estará apto a exercer e
exercício da profissão de psicologista terá o direito de lecionar Psicologia.

ensinar a Psicologia.

na categoria de auxiliar(...)
Art.

8º O portador do diploma de
§1º Constitui função privativa do
Art.

10 O diploma de licença em
Psicólogo (...) terá as seguintes
psicologista a utilização de métodos e
Psicologia (...) habilita o portador
atribuições privativas:
técnicas psicológicas visando:
ao ensino de psicologia e filosofia
I – Direção e execução de serviços de
a) diagnóstico psicológico
em escolas de ensino médio, (...) ao
diagnóstico psicológico;
b) orientação e seleção profissional
exercício das funções de orientador
2 – Aplicação, avaliação e
c) orientação educacional
educacional.

interpretação de provas e testes
d) solução de problemas de
Art.

11 Os portadores de diploma de
psicológicos;
ajustamento que não se enquadrem
licença em psicologia (...) poderão
3 – Realização de aconselhamento
na área da psicopatologia, específica
da profissão médica.

organizar e dirigir serviços de
psicológico;
psicologia aplicada,
4 – Emprego de técnicas psicológicas §2º É da competência do psicologista
a colaboração em assuntos
atendidos os seguintes limites:
no tratamento dos
psicológicos ligados a outras
I – O licenciado na modalidade
distúrbios emocionais;
disciplinas, respeitados os direitos
aplicação poderá organizar e dirigir
5 – Seleção e orientação de pessoal.

serviços de psicologia aplicada à
e áreas privativas dos respectivos
educação e ao trabalho.

profissionais: médicos, juristas ou
II – O licenciado na modalidade
quaisquer outros.

pesquisa e ensino (...) poderá dirigir
serviços de psicologia aplicada à
educação
III – Não poderão os licenciados (...)
responder pela organização e direção
de serviços de psicologia clínica, os
quais requerem a direção de médico
devidamente capacitado; poderão,
entretanto, nesses serviços exercer
funções de assistentes técnicos.

Pode-se verificar que a tônica do projeto original está voltada para a área de educação, com tópicos
que indicam a formação de psicólogos para o ensino e para a atuação como orientador educacional.

Esta
perspectiva, certamente tem relação com o advento dos primeiros laboratórios de Psicologia experimental
nas Escolas Normais do Brasil, e com a presença ativa da Psicologia com âmbito da Educação14,15.

O projeto 3258/195812 traz em si um trecho que pode ser entendido como uma “inovação legislativa”,
dado que aponta para aquilo que o profissional estaria impedido de fazer – como se lê no artigo 11, III: “Não
poderão os licenciados responder pela organização e direção de serviços de psicologia clínica” –; esse dado
é bastante significativo, uma vez que não é função de lei apontar para o sentido negativo da ação.

A lei deve
fornecer ações concretas na forma de verbos que, nesse caso, indiquem o que se deve e pode fazer o diplomado
da nascente profissão.

Mais marcante do que isso, esse trecho explicita a disputa por espaço entre a Psicologia e a Medicina e
deixa demonstrado quem ganhou essa disputa: o negativo na lei significa a afirmação da vitória da Medicina na
disputa de mercado.

As disputas da época, ordenando o caminho do que seria a lei da profissão da Psicologia,
são bastante citadas como uma temática recorrente.

Parecer do Ministério da Educação16 apontava que a
6 REV.

BRAS.

PSICOTER., PORTO ALEGRE, 25(2), 1-22, 2023

Psicoterapia, Legislação e Prática da Psicologia

questão da Psicologia Clínica seria de responsabilidade da Medicina.

Podemos ver essa disputa entre a Medicina
e a nova profissão que surgia, em entrevista de Mathilde Nederii na qual se refere ao projeto como “(...) o
‘projeto dos médicos’, talvez por terem sido, pela primeira vez, explicitadas as discordâncias dos médicos em
relação ao fato de os psicólogos poderem atuar com psicoterapia, considerada, até então, atividade específica
dos médicos” (Baptista, 20103, p.

181-182).

Também exprime essa opinião o psicólogo e professor Arrigo
Angeliniiii, quando aponta que surgiram restrições dos médicos para a prática da psicologia, admitindo essa
prática somente mediante supervisão médica17.

Recuperando a polêmica e os debates de época, que redundaram nos vetos à proposta original da
Psicologia, destaca-se que: “Este veto se deu por sua associação direta à prática da psicoterapia que, à época
(e não muito distante de nossa realidade atual), era entendida como privativa do profissional médico, fazendo
com que se substituísse – no texto final da Lei 4.119 – a palavra ‘psicoterapia’ por ‘solução de problemas de
ajustamento”’ (Jonsson, 201111, p.

23).

Convém ressalvar que o Decreto nº 20.931 de 11 de janeiro de 1932,
que “Regula e fiscaliza o exercício da medicina, da odontologia, da medicina veterinária e das profissões de
farmacêutico, parteira e enfermeira, no Brasil, e estabelece penas”18.

No seu Art.24, fica definido que os
“serviços de psicoterapia” deveriam ficam sob a direção e responsabilidade dos médicos.

Esta disputa de campo é visível na tramitação da lei, nos próximos passos.

A proposta da Associação
Brasileira de Psicólogos é escrita no sentido “positivo”, ela não cita em seu corpo o que a profissão estaria
impedida a fazer.

Mas o resultado sintético demonstra mais uma vez a força dos médicos nesse trâmite:
novamente aparece a Medicina enquanto impedimento da Psicologia, limitando a atuação com um texto um
pouco atenuado, em sua alínea d.

O texto passa a compor que, à Psicologia cabe a “solução de problemas
de ajustamento”, com influência do campo educacional (tanto da escola quanto da seleção profissional) que
antecipa o acolhimento da nova profissão e que, ao que parece, surgia como um lugar privilegiado para a
Psicologia, deixando a terapêutica e a clínica para o médico9,11.

Nesse campo, a psicoterapia pertenceria ao
médico – associada diretamente ao trabalho do psicopatologista e do psiquiatra.

Nesta visão, a Medicina
propõe à Psicologia o papel de auxiliar em sua clínica, conforme podemos ver na Exposição de Motivos nº
112 e no Parecer nº 412, ambos do Ministério de Educação e Cultura.

Compartilha dessa posição o médico (e
também pioneiro da Psicologia) Elso Arruda, que apontaria que a psicologia clínica é disciplina inseparável da
medicina, cabendo ao médico o diagnóstico e proposta de tratamento no campo da psicologia dita anormal
– a psicopatologia19.

Como se observa, nas palavras de Oswaldo de Souza Guimarães – nos Annaes da Colônia de Psicopatas
do Engenho de Dentro – o papel do psicólogo foi, originalmente, pensado como um auxiliar do médico: “(...)
atualmente todo Instituto destinado ao estudo, cura e profilaxia das moléstias mentais deve ter, como auxiliar
indispensável, um laboratório de Psicologia, a cargo de um psicólogo profissional.

Este se torna, então, valioso
colaborador do médico, para eficiência de tal Instituto (Penna, 199220, p.

3.

[Grifos nossos]).

Importante observar
que a Psicologia, desde então, é considerada um saber relevante, e o profissional um auxiliar do médico, algo
ii
iii

Mathilde Neder (1923- ), pioneira na Psicologia Hospitalar no Brasil.
Arrigo Leonardo Angelini (1924- ), psicólogo e um dos fundadores do Instituto de Psicologia da USP.

## Rev. Bras. Psicoter., Porto Alegre, 25(2), 1-22, 2023

Guilherme Bertassoni da Silva, Adriano Furtado Holanda, Bruno Jardini Mäder

## Pontos-chave

- Documento acadêmico processado
- Conteúdo organizado em seções
- Formatação melhorada para leitura

---

> *Documento convertido de PDF para Markdown com estrutura organizada*",,imported
d35a63539a678ce8,Revista Brasileira de,"file:///Users/paulorezende/Documents/Personal_AI_powerhouse updated/personal-ai-space/knowledge/articles/REVISÃO SISTEMÁTICA, INTEGRATIVA E DE ESCOPOPROTOCOLOS DE TERAPIA COGNITIVO-COMPORTAMENTAL PARADISFUNÇÕES SEXUAIS.md",,,,2026-06-12T06:19:57.147873+00:00,"article, conteúdo-principal, introdução, knowledge, pontos-chave",Revista Brasileira de,"# Revista Brasileira de

---
type: academic-paper
date: COMPORTAMENTAL PARADISFUNÇÕES SEXUAIS
status: processed
---

## 📋 Sumário

- [Introdução](#introdução)
- [Conteúdo Principal](#conteúdo-principal)
- [Pontos-chave](#pontos-chave)

## Introdução

Este documento contém informações sobre **revista brasileira de**.

## Conteúdo Principal


### Sexualidade Humana Issn 2675-1194
Doi: Https://Doi.Org/10.35919/Rbsh.V35.1102

REVISÃO SISTEMÁTICA, INTEGRATIVA E DE ESCOPO
PROTOCOLOS DE TERAPIA COGNITIVO-COMPORTAMENTAL PARA
DISFUNÇÕES SEXUAIS: REVISÃO DE ESCOPO
Graziele Zwielewski1 , Juliana Vieira Almeida Silva2 , Gabriela Oltramari3 , Diana Soledade do Lago Câmera4 , Roberto Moraes Cruz5
COGNITIVE-BEHAVIORAL THERAPY PROTOCOLS FOR SEXUAL DYSFUNCTIONS: SCOPING REVIEW
PROTOCOLOS DE TERAPIA COGNITIVO-CONDUCTUAL PARA TRASTORNOS SEXUALES:
REVISIÓN DEL ALCANCE
Resumo: Disfunções Sexuais (DS) são alterações em uma ou mais fases do ciclo de resposta sexual humana, manifestamse de forma persistente e recorrente, trazendo sofrimento para o indivíduo e/ou parceria(s).

O objetivo deste estudo foi
analisar protocolos de Terapia Cognitivo-Comportamental (TCC) no tratamento de DS.

Foi realizada a revisão de escopo,
com base no protocolo PRISMA ScR.

A coleta foi realizada nas bases de dados Scopus, Web of Science, PsycInfo e PubMed,
com o auxílio do Mendeley, de documentos publicados entre 2018 e 2023.

Foram recuperados 524 artigos e, após os
procedimentos de seleção, inclusão e exclusão adotados, foram eleitos 8 artigos para análise, com base em 7 categorias:
conceito, etiologia, temas abordados, coping, instrumentos de rastreio, técnicas psicoterapêuticas e desfechos.

Conclui-se
que a TCC oferece melhoras significativas na função sexual, considerando o uso de estratégias para trabalhar com aspectos
cognitivos e comportamentais disfuncionais, mitos e estereótipos relacionados à sexualidade.

Palavras-Chave: Disfunções Sexuais; Terapia Cognitivo-Comportamental; Protocolos.

Abstract: Sexual Dysfunctions (SD) are changes in one or more phases of the human sexual response cycle, manifesting
themselves persistently and recurrently, bringing suffering to the individual and/or partnership(s).

The objective of this
study was to analyze Cognitive-Behavioral Therapy (CBT) protocols in the treatment of DS.

A scoping review was
conducted, based on the PRISMA ScR protocol.

The search was conducted in the Scopus, Web of Science, PsycInfo, and
PubMed databases using Mendeley to collect documents published between 2018 and 2023.

A total of 524 articles were
retrieved, and after applying selection, inclusion, and exclusion criteria, eight articles were chosen for analysis based on
seven categories: concept, etiology, topics covered, coping, screening instruments, psychotherapeutic techniques, and
outcomes.

The conclusion drawn is that CBT can lead to significant improvements in sexual function by addressing
dysfunctional cognitive and behavioral aspects, as well as myths and stereotypes related to sexuality.

Keywords: Sexual Dysfunction; Cognitive Behavioral Therapy; Protocols.

Resumen: Las Disfunciones Sexuales (SD) son cambios en una o más fases del ciclo de respuesta sexual humana, que se
manifiestan de manera persistente y recurrente, trayendo sufrimiento al individuo y/o a la(s) pareja(s).

El objetivo de este
estudio fue analizar los protocolos de Terapia Cognitivo-Conductual (TCC) en el tratamiento del SD.

Se realizó una
revisión de alcance, basada en el protocolo PRISMA ScR.

La recolección se realizó en las bases de datos Scopus, Web of
Science, PsycInfo y PubMed, con la ayuda de Mendeley, de documentos publicados entre 2018 y 2023.

Se recuperaron
524 artículos y después de los procedimientos de selección, inclusión y exclusión adoptados, fueron elegidos para el análisis
8 artículos, basados en 7 categorías: concepto, etiología, temas tratados, afrontamiento, instrumentos de tamizaje, técnicas
psicoterapéuticas y resultados.

Se concluye que la TCC ofrece mejoras significativas en la función sexual, considerando el
uso de estrategias para trabajar aspectos cognitivos y conductuales disfuncionales, mitos y estereotipos relacionados con
la sexualidad.

Palabras clave: Disfunción sexual; Terapia Cognitivo-Conductual; Protocolos.

Doutoranda, Universidade Federal de Santa Catarina, Departamento de Pós Graduação em Psicologia, Florianópolis, Brasil.

grazizw@gmail.com
Pós-Doutorado, Universidade do Vale do Itajaí, Itajaí, Brasil.

julianavas@univali.br
3
Mestrado, Universidade Federal de Santa Catarina, Florianópolis, Brasil.

gabi.oltramari@gmail.com
4
Mestrado, Universidade Federal do Rio de janeiro, Rio de Janeiro, Brasil.

soledade.diana@gmail.com
5
Pós-Doutorado, Universidade Federal de Santa Catarina, Florianópolis, Brasil.

robertocruzdr@gmail.com
RBSH 2024 35, e1102, 1-9
1
2


### Revista Brasileira De


### Sexualidade Humana Issn 2675-1194


### Zwielewski, G. Et Al.


### Doi: Https://Doi.Org/10.35919/Rbsh.V35.1102

Introdução
Disfunções Sexuais (DS) são alterações em uma ou mais fases do ciclo de resposta sexual humana,
manifestando-se de forma persistente e recorrente na vida das pessoas, trazendo dificuldades na
experimentação do prazer ou resposta sexual (Clayton; Juarez, 2019; Lucena, 2019; Meireles, 2019).

Dificuldades de causas multifatoriais, incluindo aspectos vasculares, hormonais, interpessoais, psicológicos,
ambientais, psíquicos, emocionais e relacionais (Imprialos et al., 2021) e produzem desconfortos na vivência
da sexualidade, inclusive sofrimento para a parceria.

As DS são consideradas um problema de saúde pública, em função das altas taxas de prevalência na
população mundial, podendo afetar negativamente a saúde física e mental, conforme o gênero, a etiologia, o
desenvolvimento e fatores de risco pessoais e culturais (Apa, 2023; Gheno, 2022; Gunst et al., 2019; Silva et
al., 2021).

Apesar da alta prevalência e prejuízos da DS, existem complicadores na oferta de tratamentos
adequados: a) dificuldade de encontrar tratamentos psicoterapêuticos para DS baseados em métodos
estruturados e com evidências científicas; b) combinação de fatores orgânicos e psicogênicos que contribuem
para o surgimento e manutenção das DS; c) falta de especialistas; d) escassez do tema em diversos níveis da
formação dos profissionais da saúde mental (SM) (Sardinha, 2020; Atallah et al., 2021).

Trabalhos anteriores a 2018 apontam a falta de Ensaios Clínicos Randomizados (ECR) e de protocolos
de intervenção para DS.

As diretrizes existentes sobre práticas clínicas em DS tendem a enfatizar indicadores
de avaliação global para o tratamento de DS (Avasthi; Grover; Rao, 2017).

Dada a complexidade
biopsicossocial do funcionamento sexual, que inclui sistemas neuroendócrino e vascular, crenças, valores,
padrões comportamentais, saúde e experiências interpessoais, é compreensível a dificuldade em desenvolver
protocolos para avaliação e tratamento de disfunções sexuais, apesar da disponibilidade de tratamentos.

O cenário de invisibilidade dos temas sexualidade e DS na formação dos profissionais da área SM é
observado, também, na Terapia Cognitivo-Comportamental (TCC), cujas intervenções, baseadas em
evidências, têm se mostrado promissoras no tratamento de DS (Gunst, et al., 2019; Atallah et al., 2021).

A
TCC concentra-se em identificar e intervir em padrões de pensamento disfuncionais que podem contribuir
para o tratamento das disfunções sexuais, (Wincze; Weisberg, 2015; Metz; Epstein; Mccarthy, 2017; Nakao;
Shirotsuki; Sugaya, 2021).

Protocolos de tratamento baseados em evidências, testados com rigor científico, podem servir como
diretrizes para o tratamento de DS.

Tratamentos apresentados em módulos protocolares podem colaborar
para o suporte empírico, tomada de decisões, treinamento de profissionais e propagação do tratamento à
população acometida pelas DS.

Sendo assim, a presente pesquisa teve como objetivo identificar os protocolos
de TCC para tratamento de DS, publicados entre 2018 e 2023.

Método
Foi realizada uma revisão de escopo para examinar a extensão e as características conceituais e técnicas
das produções sobre protocolos de TCC para tratamento de DS (Arksey; O'malley, 2005).

O processo de
busca, seleção e elegibilidade dos documentos seguiu o protocolo PRISMA ScR- Preferred Reporting Items for
Systematic reviews and Meta-Analyses - Extension for Scoping Reviews (Tricco et al., 2018; Page et al., 2021).

O ponto de partida foi a pergunta de pesquisa: Quais os protocolos para tratamento de disfunções sexuais,
baseados na TCC, foram publicados entre 2018 e 2023?

Com base nela, foram definidos os descritores de busca:
""cognitive behavioral therapy"" AND (""sexual dysfunction"" OR ""erectile disorder"" OR ""erectile dysfunction"" OR
""premature ejaculation"" OR ""early ejaculation"" OR ""sexual interest"" OR ""delayed ejaculation"" OR ""hypoactive
sexual disorder"" OR ""female orgasmic disorder"" OR ""female sexual interest"" OR ""arousal disorder"" OR ""genito
pelvic pain"" OR ""penetration disorder"").

Para identificar os artigos e compor o corpus de pesquisa, selecionouse as bases de dados Scopus, Web of Science, PubMed, PsycInfo.

As buscas foram atualizadas em janeiro de
2023 e realizadas em julho de 2023, por dois revisores independentes, a fim de contemplar a produção
científica disponibilizada até dezembro de 2023.

O termo “protocolo” foi retirado do querry de busca, em
função das restrições significativas apresentadas nos resultados.

RBSH
2022,
1-10
RBSH
2024,34,
35,e1112,
e1102, 1-9


### Revista Brasileira De


### Sexualidade Humana Issn 2675-1194
Doi: Https://Doi.Org/10.35919/Rbsh.V35.1102

Foram utilizados os critérios de inclusão: que apresentavam protocolo para tratamento de DS, com
base na TCC, similares aos utilizados por psicoterapeutas para intermediar as sessões; estudos publicados em
inglês, português ou espanhol, publicados entre 2018 e 2023.

Os critérios de exclusão foram: estudos
relacionados à DS que não apresentavam protocolos de tratamento em TCC, protocolos on-line, que
dispensavam a participação do psicoterapeuta em sessão, e estudos não contemplados no período definido.

Foi utilizado o Mendeley, gerenciador de referências científicas, para importar, organizar e categorizar os
documentos selecionados, além de auxiliar no refinamento do uso dos critérios de inclusão e exclusão
referidos.

Foram considerados elegíveis, com base no título, resumos e palavras-chaves: estudos quantitativos
e/ou qualitativos; dissertações e teses; documentos técnicos e governamentais; publicações dos últimos 5 anos
em inglês, espanhol ou português.

Foram excluídos: editoriais; revisões sistemáticas; resumos de anais, livros,
textos de internet e artigos não disponíveis na íntegra.

Uma vez retiradas as duplicatas e realizada a leitura dos
títulos e resumos, considerando os critérios de inclusão e exclusão, foi realizada a leitura na íntegra dos
documentos para a eleição dos documentos finais.

Essa leitura foi feita por pesquisadores independentes e
sem conflitos de interesses, que organizaram os artigos eleitos com base em sete (7) categorias de análise das
DS: definições; etiologia; temas abordados; coping; instrumentos de rastreio, técnicas psicoterapêuticas e
desfechos.

Resultados
Foram identificados 524 artigos, de acordo com os critérios de busca.

Uma vez excluídos os duplicados,
o restante dos documentos foi selecionado com base na leitura de título e resumo, feita em duplo cego,
utilizando os critérios de inclusão e exclusão definidos, restando 136.

Após leitura na íntegra dos documentos,
com base nos critérios de inclusão/exclusão, foram eleitos 8 artigos para a análise (Figura 1).

Figura 1 - Fluxograma PRISMA ScR (Preferred Reporting Items for Systematic reviews and Meta-Analyses Extension for Scoping Reviews) com a seleção dos estudos analisados

Fonte: Sistematizados pelos autores e adaptado de Tricco et al. (2018) e Page et al. (2021).
Os artigos eleitos foram avaliados por seus níveis de evidência (Melnyk; Morrison-Beedy, 2018) e com
base nas suas características (Quadro 1).


### Rbsh 2024 35, E1102, 1-9


### Revista Brasileira De


### Sexualidade Humana Issn 2675-1194


### Zwielewski, G. Et Al.


### Doi: Https://Doi.Org/10.35919/Rbsh.V35.1102

Quadro 1 - Características dos estudos eleitos na revisão
*Nível de
Caract./
elegibilidade de
País
Fonte
Melnyk e MorrisonBeedy (2018)
Kemerer et al.
Nível 1
(2023)


### Green E Furtado
Nível 2
(2021)


### Meyers, Margraf
Nível 1
E Velten (2020)

68 homens, com
Distress e satisfação
histórico de câncer
sexual
de próstata
Transtorno
de
106 mulheres com
desejo
sexual
diagnóstico de TDSH
hipoativo (TDSH)
82
mulheres
Preocupações
(perimenopausa - 40
sexuais (PS)
e 60 anos)
Mulheres
com
Vaginismo (VG)
vaginismo e cônjuges
(425 casais)
Desejo
sexual
hipoativo (DSH) e 266 mulheres
angústia sexual
Mulheres sobreviPreocupações
ventes ao câncer de
sexuais (PS)
mama e parceiros
(126 casais)


### Número De
Sessões Totais


### Desfecho Da
Intervenção

6
sessões
semanais TCC e Presencial
4 de Mindfulness

## Pontos-chave

- Documento acadêmico processado
- Conteúdo organizado em seções
- Formatação melhorada para leitura

---

> *Documento convertido de PDF para Markdown com estrutura organizada*",,imported
4ceebddbcb9834ca,Revista Brasileira de,"file:///Users/paulorezende/Documents/Personal_AI_powerhouse updated/personal-ai-space/knowledge/articles/REVISÃO SISTEMÁTICA, INTEGRATIVA E DE ESCOPOSAÚDE E EDUCAÇÃO EM SEXUALIDADE DE ADULTOS COM TRANSTORNO DO ESPECTRO AUTISTA.md",,,,2026-06-12T06:19:57.149232+00:00,"article, conteúdo-principal, introdução, knowledge, pontos-chave",Revista Brasileira de,"# Revista Brasileira de

---
type: academic-paper
date: 2025
status: processed
---

## 📋 Sumário

- [Introdução](#introdução)
- [Conteúdo Principal](#conteúdo-principal)
- [Pontos-chave](#pontos-chave)

## Introdução

Este documento contém informações sobre **revista brasileira de**.

## Conteúdo Principal


### Sexualidade Humana Issn 2675-1194
Doi: Https://Doi.Org/10.35919/Rbsh.V36.1212

REVISÃO SISTEMÁTICA, INTEGRATIVA E DE ESCOPO
SAÚDE E EDUCAÇÃO EM SEXUALIDADE DE ADULTOS COM TRANSTORNO DO
ESPECTRO AUTISTA: UMA REVISÃO INTEGRATIVA DA LITERATURA
HEALTH AND SEXUALITY EDUCATION FOR ADULTS WITH AUTISTIC SPECTRUM DISORDER:
AN INTEGRATIVE LITERATURE REVIEW
SALUD Y EDUCACIÓN SEXUALIDAD DE ADULTOS CON TRASTORNO DEL ESPECTRO
AUTISTA: UNA REVISIÓN INTEGRADORA DE LA LITERATURA
Ana Beatriz Salgueiro dos Santos1

Ivanise Gomes de Souza Bittencourt 2 Felipe Franklin Leite Lira 1
Maria Júlia Barros da Silva Martins 1


### Lucas Cavalcante Chalegre1

Resumo: O objetivo deste estudo foi mapear as evidências científicas sobre saúde e educação em sexualidade de adultos
com Transtorno do Espectro Autista, utilizando o método de revisão integrativa da literatura.

Foram realizadas buscas nas
seguintes bases de dados: Scientific Electronic Library (SCIELO), National Library of Medicine (PubMed), Literatura LatinoAmericana e do Caribe em Ciências da Saúde (LILACS) e Biblioteca Virtual em Saúde (BVS).

As onze publicações incluídas
e analisadas foram publicadas entre os anos de 2015 e 2023.

Os estudos selecionados sobre a temática são de âmbito
nacional e internacional, com abordagens quantitativa, qualitativa, estudos de caso e análises temáticas de entrevistas.

Os
objetos dos estudos trazem os desafios enfrentados por indivíduos com TEA no âmbito sexual, resultando em uma lacuna
considerável ao longo da vida.

Apresentam a problemática da falta de educação em sexualidade dentro e fora de casa,
junto ao desconforto dos pais e cuidadores em relação à sexualidade dos indivíduos autistas, contribuindo para a
dessexualização e a falta de compreensão sobre comportamentos sexuais autistas, levando a uma série de vulnerabilidades
sexuais, incluindo vitimização, risco aumentado de contrair uma infecção sexualmente transmissível e comportamentos
sexuais inadequados.

Com base nisso, conclui-se que a educação em sexualidade para pessoas com Transtorno do
Espectro Autista continua a representar uma barreira significativa que requer uma abordagem mais abrangente.

A falta de
atenção dedicada a esse campo de estudo é evidente tanto na literatura nacional quanto internacional, o que destaca uma
lacuna considerável a ser explorada em estudos futuros.

A complexidade das necessidades sexuais e relacionais desses
indivíduos exige uma compreensão mais aprofundada e uma abordagem mais inclusiva na formulação de políticas públicas
e programas educacionais.

Palavras-chave: Sexualidade; Adulto Jovem; Educação em Sexualidade; Saúde.

Abstract: The objective of this study was to map the scientific evidence on health and sexuality education for adults with
Autism Spectrum Disorder using the integrative literature review method.

Searches were carried out in the following
databases: Scientific Electronic Library (SCIELO), National Library of Medicine (PubMed), Latin American and Caribbean
Literature on Health Sciences (LILACS) and Virtual Health Library (BVS).

The eleven publications included and analyzed
were published between 2015 and 2023.

The selected studies on the subject are national and international in scope, with
quantitative and qualitative approaches, case studies and thematic analyses of interviews.

The objects of the studies bring
the challenges faced by individuals with ASD in the sexual sphere, resulting in a considerable gap throughout life.

They
present the problem of the lack of sexuality education inside and outside the home, together with the discomfort of parents
and caregivers regarding the sexuality of autistic individuals, contributing to desexualization and lack of understanding about
autistic sexual behaviors, leading to a series of sexual vulnerabilities, including victimization, increased risk of contracting a
sexually transmitted infection and inappropriate sexual behaviors.

Based on this, it is concluded that sexuality education
for people with Autism Spectrum Disorder continues to represent a significant barrier that requires a more comprehensive
approach.

The lack of attention dedicated to this field of study is evident in both national and international literature, which

1Acadêmico(a) de Enfermagem. Universidade Federal de Alagoas, Escola de Enfermagem, Maceió, Brasil ana.salgueiro@eenf.ufal.br;

felipe.lira@eenf.ufal.br; lucas.chalegre@eenf.ufal.br; maria.martins@eenf.ufal.br
2 Professora Doutora em Enfermagem. Universidade Federal de Alagoas, Escola de Enfermagem, Maceió, Brasil. Ivanise.gomes@eenf.ufal.br


### Rbsh 2025, 36, E1212, 1-11


### Revista Brasileira De


### Sexualidade Humana Issn 2675-1194

SANTOS, A. B. S. et al.


### Doi: Https://Doi.Org/10.35919/Rbsh.V36.1212

highlights a considerable gap to be explored in future studies.

The complexity of the sexual and relational needs of these
individuals requires a deeper understanding and a more inclusive approach in the formulation of public policies and
educational programs.

Keywords: Sexuality; Young Adult; Sexuality education; Health.

Resumen: El objetivo de este estudio fue mapear la evidencia científica sobre educación en salud y sexualidad para adultos
con Trastorno del Espectro Autista utilizando el método de revisión integradora de la literatura.

Las búsquedas se
realizaron en las siguientes bases de datos: Biblioteca Científica Electrónica (SCIELO), Biblioteca Nacional de Medicina
(PubMed), Literatura Latinoamericana y del Caribe en Ciencias de la Salud (LILACS) y Biblioteca Virtual en Salud (BVS).

Las once publicaciones incluidas y analizadas fueron publicadas entre 2015 y 2023.

Los estudios seleccionados sobre el
tema son de alcance nacional e internacional, con enfoques cuantitativos, cualitativos, estudios de casos y análisis temáticos
de entrevistas.

Los objetos de los estudios plantean los desafíos que enfrentan las personas con TEA en el ámbito sexual,
lo que resulta en una brecha considerable a lo largo de la vida.

Presentan el problema de la falta de educación sexual dentro
y fuera del hogar, junto con el malestar de padres y cuidadores en relación con la sexualidad de los individuos autistas,
contribuyendo a la desexualización y la falta de comprensión sobre las conductas sexuales autistas, dando lugar a una serie
de de vulnerabilidades sexuales, incluida la victimización, un mayor riesgo de contraer una infección de transmisión sexual
y comportamientos sexuales inapropiados.

Con base en esto, se concluye que la educación sexual de las personas con
Trastorno del Espectro Autista continúa representando una barrera importante que requiere un abordaje más integral.

La
falta de atención dedicada a este campo de estudio es evidente en la literatura tanto nacional como internacional, lo que
pone de relieve un vacío considerable a explorar en futuros estudios.

La complejidad de las necesidades sexuales y
relacionales de estos individuos requiere una comprensión más profunda y un enfoque más inclusivo en la formulación de
políticas públicas y programas educativos.

Palabras clave: Sexualidad; Adulto joven; Educación sexualidad; Salud.

Introdução
O Transtorno do Espectro Autista (TEA) é um conjunto de condições no neurodesenvolvimento ao
longo da vida, caracterizado por diferenças sociais e de comunicação, interesses restritos e comportamentos
repetitivos.

Além disso, indivíduos autistas também podem apresentar diferenças no perfil cognitivo, incluindo
percepção sensorial, processamento de informações e habilidades motoras atípicas.

A população autista é
heterogênea e pode existir ao longo de todo o espectro de capacidade intelectual (APA, 2013).

Assim como os adultos neurotípicos, os indivíduos com TEA apresentam toda a gama de
comportamentos sexuais.

No entanto, devido aos sintomas centrais do espectro do transtorno, incluindo
déficits em habilidades sociais, hipo e hipersensibilidades sensoriais e comportamentos repetitivos, alguns
indivíduos com TEA podem desenvolver comportamentos e interesses sexuais quantitativamente acima da
média ou não normativos.

Embora os indivíduos com TEA busquem experiências e relacionamentos sexuais,
o desenvolvimento e a manutenção de relacionamentos românticos e sexuais são muito afetados pelos déficits
nas habilidades sociais, de comunicação e pelas dificuldades na compreensão de sinais intencionais não verbais
ou sutis (Schöttle, D.

et al.

2017).

O desenvolvimento da sexualidade é um dos pontos críticos na vida de uma pessoa com TEA porque
esse desenvolvimento ocorre de forma atípica, principalmente pela incapacidade dessa população de se
comunicar.

Os pais muitas vezes descrevem essa fase como muito difícil e observam uma falta de
comportamento social proporcional aos outros adolescentes, o que os levam ao receio de que os seus filhos
possam se tornar vítimas ou agressores sexuais (Peixoto et al., 2017).

Sendo assim, percebe-se a necessidade de compreender, em maior profundidade, a magnitude deste
tema em âmbito nacional e internacional, uma vez que envolve a saúde pública e a qualidade de vida desses
indivíduos.

Nesse sentido, este estudo teve como objetivo mapear as evidências científicas sobre saúde e
educação em sexualidade de adultos com Transtorno do Espectro Autista.


### Rbsh 2025, 36, E1212, 1-11


### Revista Brasileira De


### Sexualidade Humana Issn 2675-1194
Doi: Https://Doi.Org/10.35919/Rbsh.V36.1212

Metodologia
Trata-se de um estudo de revisão integrativa da literatura.

Esse método permite mapear os principais
conceitos, clarificar áreas de pesquisa e identificar lacunas do conhecimento.

Para construção da pergunta de
pesquisa, utilizou-se a estratégia População, Conceito e Contexto (PCC) para uma revisão de acordo com a
metodologia proposta pelo JBI (Peters et al., 2020).

Foram definidos: P- adultos com Transtorno do Espectro
Autista; C- educação em sexualidade e suas variáveis e C- nacional e internacional, de modo a garantir uma
diversidade de informação na pesquisa.

Foram excluídos estudos que estivessem em mais de uma base de
dados e que não tratassem, especificamente, da educação em sexualidade de adultos.

Com base nessas
definições foi estabelecida a pergunta norteadora: “Quais são as evidências científicas sobre saúde e educação
em sexualidade de adultos com transtorno do espectro autista?”.

Diante disso, o levantamento bibliográfico foi baseado em estudos no período de 2015 a 2023,
utilizando-se das palavras-chaves: Autismo; Adulto; Educação em sexualidade; Consciência sexual; Saúde.

As
bases de dados utilizadas foram: Scientific Electronic Library (SCIELO), National Library of Medicine
(PubMed), Literatura Latino-Americana e do Caribe em Ciências da Saúde (LILACS) e Biblioteca Virtual em
Saúde (BVS).

Os estudos que foram selecionados respondiam à pergunta norteadora em questão.

Para adequação às demais bases de dados e plataformas, foram utilizados os Descritores em Ciências
da Saúde (DeCs) para as bases em português: Autismo; Adulto; Educação em sexualidade; Consciência sexual;
Saúde.

Para as bases de dados que utilizam o idioma inglês foram utilizados os descritores: Autism; Adult;
Sexuality education; Sexual awareness; Health.

Em conjunto aos descritores, foram empregados os termos:
AND, OR e NOT para compor as buscas nas bases de dados.

Dos estudos encontrados, foram incluídos
estudos nos idiomas português, inglês e espanhol, de abordagem quantitativa, qualitativa, estudos de caso e
análises temáticas de entrevistas.

Resultados e Discussão
Dos 348 estudos encontrados, após leitura exaustiva dos títulos e resumos dos artigos, 92 foram
excluídos após leitura do título, 256 foram selecionados para análise dos resumos desses, 217 foram excluídos
após leitura dos resumos, 01 foi excluído por estar publicado em mais de uma base de dados.

Dos 38 estudos
restantes, 25 foram excluídos após leitura do texto completo.

Diante disso, 11 artigos foram selecionados por
preencherem os critérios de inclusão estabelecidos, dos onze estudos incluídos nesta revisão, sete são artigos
científicos, dois de análises temáticas de entrevistas, um relato de caso e um estudo de caso.

O processo de busca e a seleção dos estudos desta revisão foram sistematizados em um fluxograma
(Figura 1), de acordo com as diretrizes condicionais do Instituto Joanna Briggs (JBI), seguindo o checklist
adaptado do Preferred Reporting Items for Systematic Reviews and Meta- Análises (PRISMA):


### Rbsh 2025, 36, E1212, 1-11


### Revista Brasileira De


### Sexualidade Humana Issn 2675-1194

SANTOS, A. B. S. et al.


### Doi: Https://Doi.Org/10.35919/Rbsh.V36.1212

Figura 1 - Fluxograma do processo de seleção dos estudos, adaptado do PRISMA
Fonte: Elaborado pelos autores (2024).

Quadro 1 - Estudos encontrados conforme ano de publicação, autoria, periódico/instituição, título, país
do estudo e tipo de publicação
Estudo

## Barnett,
Jp.;
Matickatyndale,
E.

Qualitative Exploration Estados
of Sexual Experiences Unidos
Among Adults on the
Autism
Spectrum:
Implications for Sex
Education.


### Artigo
Pesquisa
Qualitativa

DEWINTT PubMed
ER, J.; DE
GRAAF, H.;
BEGEER, S.

Sexual
Orientation, Holanda
Gender Identity, and
Romantic Relationships
in Adolescents and
Adults with Autism
Spectrum Disorder.


### Artigo De
Pesquisa
Empírica
Quantitativa


### Rbsh 2025, 36, E1212, 1-11


### Periódico/
Instituição


### Revista Brasileira De


### Sexualidade Humana Issn 2675-1194
Doi: Https://Doi.Org/10.35919/Rbsh.V36.1212

## Pontos-chave

- Documento acadêmico processado
- Conteúdo organizado em seções
- Formatação melhorada para leitura

---

> *Documento convertido de PDF para Markdown com estrutura organizada*",,imported
ec09542c9e8e237e,Regulamentação da psicoterapia,file:///Users/paulorezende/Documents/Personal_AI_powerhouse updated/personal-ai-space/knowledge/articles/Regulamentação da psicoterapia .pdf,,,,2026-06-12T06:19:57.149974+00:00,pdf,Regulamentação da psicoterapia,[PDF file — full text extraction requires OCR/PDF tooling],,imported
d6c524faf3741e36,SEXOLOGIA E TERAPIA SEXUAL QUAL A DIFERENÇA  DRA ALINE SARDINHA  MELHORES MOMENTOS CAFÉ COM TCS,file:///Users/paulorezende/Documents/Personal_AI_powerhouse updated/personal-ai-space/knowledge/articles/SEXOLOGIA E TERAPIA SEXUAL QUAL A DIFERENÇA  DRA ALINE SARDINHA  MELHORES MOMENTOS CAFÉ COM TCS.md,,"outro lado, a gente tem a terapia sexual que foi catada na rédia pela psicologia. Por quê? Porque muitas das contribuições para a terapia sexual vieram da área da psicologia. E aí essa confusão de achar que terapia sexual é uma área de atuação da psicologia apenas restrita ao psicólogo. Enfim, você conversar com o Conselho Federal de Psicologia sobre isso, eles nem regulamentam isso.",,2026-06-12T06:19:57.151919+00:00,"article, brazil, career-planning, clinical-practice, cognitive-sexual-therapy, expert-aline-sardinha, knowledge, market-analysis, patient-care, professional-development, psychotherapy, sexology, sexual-therapy, training, video-transcript",SEXOLOGIA E TERAPIA SEXUAL QUAL A DIFERENÇA  DRA ALINE SARDINHA  MELHORES MOMENTOS CAFÉ COM TCS,"# SEXOLOGIA E TERAPIA SEXUAL: QUAL A DIFERENÇA? | DRA. ALINE SARDINHA | MELHORES MOMENTOS CAFÉ COM TCS

**Video ID:** INoJu4EIKKc

**URL:** https://www.youtube.com/watch?v=INoJu4EIKKc&t=268s

## Transcript

[Transcript to be extracted - please use the Docker tools to fetch transcript]

Porque o que eu mais vejo são os colegas chegando dizendo assim: ""Não sei por onde começar"". [Música]

Você já se perguntou a diferença entre a sexologia e a terapia sexual? Que que é medicina sexual? Será que terapia sexual é uma psicoterapia? Será que precisa ser psicólogo? Será que precisa ser profissional de saúde? Será que se eu não venho dessa área, qual é o caminho possível para eu trabalhar nessa área se eu não sou um profissional da área da saúde?

Então, enfim, vamos falar de tudo isso aqui hoje. O que que é sexologia? Vamos, vamos dividir essa palavra aqui, né? É a sexologia, o sexo, a sexualidade como uma área de conhecimento. Então, ciências, todas elas que se propõe a estudar a sexualidade de diferentes enfoques, cada uma da sua forma, com seus métodos, vão se encaixar nesse grande campo, nesse grande guarda-chuva multidisciplinar, interdisciplinar, que a gente vai chamar de sexologia.

Então, a sexologia ela vai envolver muitas áreas, diversas áreas, tanto das ciências da saúde, quanto das ciências sociais, quanto das ciências humanas e hoje em dia, mais recentemente, inclusive de outras áreas, né? Porque a gente tem a produção de produtos, a gente tem mercado erótico, a gente tem uma série de outras possibilidades de trabalhar na sexologia.

Agora, é claro que a possibilidade de olhar, de atuar, a chave de leitura que você vai usar, os métodos que você vai usar vão ser específicos da sua área. Mas a sexologia é esse grande campo interdisciplinar que vai organizar tudo isso e que vai aceitar todos esses olhares que vai se beneficiar, muito pelo contrário, né, assim, muito para além de aceitar, a gente vai se beneficiar de todos esses olhares, porque a gente entende que o objeto da sexologia é um objeto biopsicossocial.

A sexologia é uma profissão, não. Por que que a sexologia não é uma profissão? A sexologia é um campo do conhecimento, né? Na sexologia, quando eu digo que eu sou sexóloga, não digo nada, né? Como se dissesse assim: ""Olha, eu sou da área de saúde, tá? Mas não diz o que eu faço. Não fica claro qual é a oferta de serviço que eu ofereço. Não fica claro quais são os limites da minha atuação quando isso existe. Não fica claro nem o que que eu sei e o que que eu não sei."" Por quê? Porque a sexologia é um campo de estudo, tá?

E aí as diferentes profissões vão se inserir dentro desse campo de diferentes maneiras. Então quando a gente diz assim: ""Olha, eu tô fazendo uma pós em sexologia"". Legal, sim. Que que eu tô fazendo? Eu tô estudando questões, né? Recordes lá da sexologia. Ah, eu sou sexóloga. Que que você faz? Uma coisa que eu vejo vocês confundindo muito é a sexologia com a terapia sexual.

Quando a gente fala de terapia sexual, a gente fala de uma das possíveis aplicações da sexologia. Eu estive aqui falando de várias, mas a terapia sexual é uma possibilidade. O que que é a terapia sexual, né? A terapia sexual é uma prática terapêutica, um conjunto de intervenções, né, hoje em dia, não uma única prática que é voltada pro tratamento de disfunções sexuais, tá?

A gente inclusive pode até pensar em terapia sexual com menos potencial de evidência para questões de comportamento sexual, outros transtornos sexuais, mas a terapia sexual, conforme ela foi pensada, ela era originalmente pensada para tratar disfunções sexuais, terapia sexual, que é o tratamento de disfunções sexuais. Eu posso até ampliar, gosto de ampliar para as queixas sexuais, né?

Então aqui fazendo essa diferença queixas sexuais são coisas que levam os pacientes pro consultório. Muitas vezes eles nem têm uma disfunção, ele tem um desajuste, tem uma questão, né, que vai resvalar ali numa dificuldade de da do relacionamento sexual ou de satisfação sexual ou da própria função sexual. Mas enfim, tô aqui querendo ampliar um pouquinho mais o espectro mesmo da terapia sexual. Acho que ela funciona para outras coisas.

Mais interessante a gente saber que a terapia sexual, ela é originalmente pensada para ser uma intervenção em si, tá? E que ela veio ao longo do tempo sofrendo contribuições das mais diferentes áreas do saber, conforme acontece na sexologia.

Então, quando a gente pensa em terapia sexual, a gente pode fazer essa terapia sexual em qualquer setting de tratamento, né? Então, a terapia sexual que é feita por um psicoterapeuta, por um psicólogo, não vou nem entrar na treta da psicoterapia, tá? Que essa é uma outra treta, não é para hoje, vou chamar de psicólogo, tá?

Então, a psic a terapia sexual que ela é feita por um psicólogo, é claro que ela vai provavelmente trazer um um uma tinta mais colorida no psi, seja psicanalista, seja terapeuta cognitivo comportamental, cognitivo sexual, comportamental, act. Aí você pode escolher.

Se eu tenho uma terapia sexual que é feita por uma fisioterapeuta, por exemplo, pélvica, né, habilitada para isso, que tá lá no consultório dela tratando um transtorno da dor genopélvica, ela pode estar fazendo terapia sexual ali. E é claro que ali ela vai provavelmente ter muito mais ferramentas da fisioterapia.

Eu posso ter uma terapia sexual que é feita por um terapeuta tântrico ou por um terapeuta corporal. É uma terapia sexual que vai ser feita com outras ferramentas. Eu posso ter uma terapia sexual conduzida por ginecologista, conduzida por urologista. Cada uma delas vai ter, obviamente, um olhar mais informado pela ciência de base daquele profissional, pela formação daquele profissional.

Então, quando a gente fala de terapia sexual, temos que falar no plural, terapias sexuais. E aí, é claro que a terapia sexual ela vai ter diferentes finalidades. Então, quando alguém te diz assim: ""Ah, para ser terapeuta sexual eu preciso de nada. Eu preciso ter uma formação nessa área de preferência, uma ótima formação."" Que que eu tô querendo dizer com isso? Terapia sexual é uma profissão ou é uma área de conhecimento? Vamos ver se vocês entenderam o que eu tô dizendo. Tá muito filosófico.

Terapia sexual é uma profissão não regulamentada. É uma, na verdade, é uma área de atuação de diferentes profissões. O fato disso não ser regulamentado torna necessário explicar um pouquinho mais, né? Porque se eu disser assim: ""Olha, eu sou advogada, todo mundo sabe o que eu faço, né? Ou pelo menos o que eu posso, que não posso fazer. Eu sou psicóloga porque são profissões regulamentadas que tem um conselho forte que regulamenta pode, não pode, n, mas a grande maioria das profissões no mundo não são regulamentadas. Se eu dis, eu sou administrador de empresas, economista, posso fazer várias vezes, sou designer, posso fazer várias coisas. A terapia sexual é uma dessas que não é regulamentada e ela não é exatamente porque ela vai esbarrar e vai acabar sendo regulamentada pelas suas áreas de base. Isso aqui, especialmente na área da saúde, tá?""

Quem pode estudar sexologia? Todo mundo. O fato de eu estudar sexologia me habilita fazer terapia sexual se você tiver uma formação em terapia sexual. Combinado? Estudar sexologia é uma coisa, ter formação em terapia sexual é outra.

A gente já teve também as próprias conselhos profissionais, principalmente da área da saúde, né? Tentando regulamentar a atuação dos seus. Então, o Conselho de Medicina vem e faz resoluções, faz regulamentações, onde a gente não tinha muita regulamentação, começa surgir iniciativas dessas próprias sociedades de dar título. São títulos que não têm nenhuma validade na prática.

Então, assim, o que que significa eu ser certificada pela sociedade tal? Significa um reconhecimento profissional dessa sociedade, que eu passei nos critérios dessa sociedade. Mas na prática eu preciso desse título para atuar. Não é como se dissesse assim, eh, que que eu preciso para entrar no clubinho? Isso. Não tô aqui desmerecendo de forma nenhuma, tá? Mas tô explicando para vocês que o título da sociedade, qualquer que seja ela, porque hoje em dia temos algumas, não tem valor legal, não é o que te habilita a atuar, né? O título da sociedade é alguma coisa que te faz ter reconhecimento dentro daquela sociedade. E é uma possibilidade, né, um caminho, uma tentativa aí lá desde a década de 90, né, de tentar dizer: ""Olha, esse profissional passou por uma formação séria"".

E aí a gente tem alguns eixos principais de tensão. Por exemplo, um eixo de tensão que ainda hoje existe é a ideia de assim, afinal a sexologia é de quem? A terapia sexual é de quem? A sexologia, medicina sexual é dos médicos? Essa era uma treta lá antiga. Ou é multiprofissional, né? E aí algumas, alguns desses que eu tô chamando de clubinhos, tá? Mas são não entendam aqui de forma nenhuma pejorativa, muito pelo contrário, são estratégias muito organizadas de tentar organizar o campo, né? Mas algumas dessas sociedades achavam que isso tinha que ser exclusivamente médico, outras achavam que isso tinha que ser multiprofissional. Até hoje temos isso, mas muito mais eh entendido hoje em dia. Então, a multidisciplinaridade já, né, ganhou essa guerra, pelo menos na vida real.

Por outro lado, a gente tem a terapia sexual que foi catada na rédia pela psicologia. Por quê? Porque muitas das contribuições para a terapia sexual vieram da área da psicologia. E aí essa confusão de achar que terapia sexual é uma área de atuação da psicologia apenas restrita ao psicólogo. Enfim, você conversar com o Conselho Federal de Psicologia sobre isso, eles nem regulamentam isso.

Uma outra treta que acontece é sexologia clínica, ou seja, da área da saúde, sexologia não clínica, educacional, socosexologia, enfim. Aí aqui vão entrar outras outros nomes, outras coisas, mas tentando diferenciar e botar um uma linha no meio de quem é da área da saúde e quem não é da área da saúde. No meu entendimento, é uma treta muito parecida com a treta anterior, se é só médico, só psicólogo, né, que na verdade não dá conta da multidisciplinaridade, mas que tenta responder um pouco a essa história assim, bom, mas se esse campo é tão amplo, talvez a gente tenha que fazer formações mais específicas. A formação do clínico precisa ter um olhar mais de terapia sexual, de medicina sexual, de tratamento, de doença. Já uma formação mais educacional para alguém que vai atuar na área de educação sexual, por exemplo, vai atuar na área de políticas públicas ou na assistência social, talvez tenha que ter uma outra formação. Será que é a mesma? E essa é uma discussão que eu acho que conversa muito mais com que a gente realmente precisa resolver, que é quais são as competências que alguém precisa ter para trabalhar nessas diferentes áreas de atuação. Óbvio que elas são diferentes. É muito pouco provável que a gente tenha um profissional formado de uma maneira generalista, um alguém que tudo sabe.

Isabela tá me perguntando qual é mais indicado, uma pós-graduação ou um curso de especialização. Isabela, é a mesma, exata a mesma coisa. Pós-graduação, senso e especialização são sinônimos. A mesma coisa, tá? Mesma coisa. E aí, se alguém disser para você, ah, eu sou especialista nessa área, você diz: ""Cadê o certificado reconhecido pelo MEC?"" Porque senão não é especialista, é estudioso da área, tá bom? Não é especialista. É que algumas regulamentações já existem nesse limbo todo. Quem que hoje em dia regulamenta, quando tem regulamentação, quem regulamenta? Os respectivos conselhos profissionais. São profissões que não são regulamentadas. Não tem regulamentação nenhuma. É aquilo que eu falei da terapia sexual. Se você é terapeuta sexual e não é da área da saúde, você tá livre para fazer o que você quiser, infelizmente, né? Não que eu defenda isso, mas é a verdade. Se você é terapeuta sexual ou quer atuar na área da sexologia e você é médico, tem resoluções do Conselho Federal de Medicina que vão regulamentar a área de atuação, né? Vão regulamentar a sexologia como área de atuação, tem inclusive uma iniciativa aí recente de 2022, onde eles instituíram uma residência médica em sexologia para pessoas que fizeram residência em ginecologia, em psiquiatria, né? Um movimento muito importante e hoje em dia existe, são poucos os lugares ainda, mas existe uma formação específica do médico, que eles inclusive gostam de se chamar de sexologistas. Por que que eles gostam de se chamar de sexologistas? Porque eles querem se diferenciar do sexólogo que ninguém sabe o que que é esse balaio de gato maluco. Porque sexólogo pode ser qualquer coisa. Eles querem dizer: ""Não, eu sou médico com residência ou com área de atuação em sexologia"". Outra história, tá regulamentado, tem resolução do CFM com valor de lei, enfim, funciona para eles super bem.

Segundo grupo mais organizado é o grupo dos fisioterapeutas. Eles têm lá também a saúde da mulher como uma área de atuação. Fisioterapeutas que estão aqui, por favor, me digam se eu não se eu perdi isso, mas eu não achei nada sobre saúde do homem na fisioterapia. Se tiver alguém, por favor, me fala. Vi sobre saúde da mulher, sobre a fisioterapia pélvica. Então eles têm também lá regulamentações, matrizes de competência, como que eles podem atuar, o que que eles podem fazer, o que que eles não podem fazer, tudo bonitinho.

Psicólogos, a gente não tem nenhuma regulamentação de qual é a formação que um psicólogo tem ou precisa ter para atuar na área de sexologia ou terapia sexual, mas uma prova cabal de que terapia sexual não é exclusividade da psicologia. O próprio conselho reconhece isso, né? Entende que não é, não tem como ser, não precisa ser. Mas a gente tem sim regulamentações, várias resoluções que vão falar de atuações com públicos específicos que vão esbarrar na nossa área, com certeza. Então, a gente tem muito direcionamento, inclusive, de áreas que são muito corriqueiras no consultório de sexologia, de terapia sexual, de sexologia clínica, de psicoterapia, que vai ter a ver com minorias sexuais de gênero, violência, várias coisas que vão esbarrar no nosso consultório que o nosso conselho nos orienta de uma maneira muito organizada, muito específica, muito direcionada, tá? Né? Então, o conselho de psicologia, ele vem nessa direção, mais do que dizer se é do psicólogo, se não é e tal, e falar de matriz de competência, eles vão falar do que que pode, o que que não pode fazer com diferentes temas. Então, é isso que a gente tem no Conselho de Psicologia.

Se você não tá numa área regulamentada, infelizmente não tem nada que possa te parar, né? Você pode fazer a besteira que você quiser, que tem nada que possa te parar. Eu acho isso uma lástima. Acho que é muito importante a gente ter sim regras, que a gente saiba o que que um terapeuta, um sexólogo, um sexólogo clínico, um educador sexual precisa saber para sentular como tal. Sou muito a favor de um pensar multidisciplinar sobre esses temas. O que não quer dizer essa disputa de dizer que isso é meu, aquilo é seu, enfim, eu acho que isso não contribui pro campo, muito menos para promoção de saúde, para, enfim, nada que que é de fato o que a gente devia estar fazendo, né, que é melhorando a vida das pessoas.

Então, o Gabriel tá me perguntando, mesmo sem ser uma profissão de regulamentação, a algum selo ou instituição que seja referência para formação de terapeutas sexuais no Brasil, eu sou suspeita para falar, tá? Porque atualmente eu tenho um curso de pós-graduação, então que vai te dar um título de especialista em terapia cognitiva sexual, reconhecido pelo MEC, 450 horas. E os profissionais que saíram do meu curso de pós, ou mesmo saíram do meu curso de formação, que não tem o certificado especialista, são super reconhecidos no mercado, né? São vistos como referência, o que eu chamo do meu time TCS, mas eu estou falando aqui em causa própria, tá? Então você faça aí sua pesquisa, mas na verdade a gente não vai ter uma única instituição, né? A gente vai ter algumas instituições e a gente vai ter então por um lado, algumas sociedades que tentam organizar isso de alguma forma, vão dando esses títulos e a gente vai ter os títulos que de fato tem valor legal, que eu acho que é a pergunta do Gabriel. Para eu dizer que eu sou um especialista na área da sexualidade, eu preciso ter uma especialização. Isso é lei no Brasil, né? Do mesmo jeito que eu dizer que eu sou mestre sem ter feito mestrado ou eu dizer que eu sou psicóloga sem ter feito o curso de graduação em psicologia, não posso. Em princípio, não posso. Eu dizer que eu sou advogado sem ter passado na OAB, não posso. Então temos regulamentações sobre isso, né? Então e essa regulamentação do Ministério da Educação do MEC, tá? Então, para eu dizer que eu sou especialista, eu tenho que ter feito, completado, recebido o certificado de um curso de especialização em E aí a especialização vai ser em alguma coisa. No caso aqui a especialização é em terapia cognitiva sexual. E aí lá na especialização você vai aprender o que você precisa aprender para atuar na área. Então, se você quer trabalhar com terapia cognitiva sexual, vem fazer após em terapia cognitiva sexual. Se você quer trabalhar com sexologia de outra forma, aí você dá uma olhada nos currículos para ver o que que te oferece alguma coisa mais perto do que você gostaria, tá bom? Mas aí você vai ter que olhar currículo por currículo, porque como eu te falei, não tem uma única matriz de competências. Então, a gente não tem como eh eu não tenho como te dizer daqui qual é o curso que vai fazer mais sentido para você, porque o que eu mais vejo são os colegas chegando dizendo assim: ""Não sei por onde começar e ah, isso aqui no caso é muito interessante. Ah, mas tem isso, mas tem aquilo outro, mas tem aquilo outro"". E aí a experiência do paciente de vocês é assim: cada dia você fala de um assunto, cada hora você fala de uma coisa e no fundo não resolve muito.

Isabela tá me perguntando: ""Somente após dar subsídios para atendimento para lidar com caso clínico?"" Com certeza, Isabela. Ela é pensada para isso. Então, não só você vai aprender tudo que você precisa aprender, mas você vai aprender isso de uma forma aplicada. Então, cada uma das videoaulas sou eu dando exemplo de caso clínico, sou eu mostrando como é que você aplica isso na prática. Você tem aula ao vivo comigo e com os outros colegas todos, né, de discussão de caso clínico desde o primeiro mês. Então você vai ter 18 meses disso e nos últimos meses após, nos últimos seis meses após, você tem prática clínica supervisionada por mim e pela equipe pedagógica, tá? Então a ideia é que você realmente saia se sentindo seguro, porque mais teoria e gente bem objetivamente, né? Teoria só você perguntar pro chato GPT. Não tô dizendo que ele é bom não, mas tô dizendo que ele é melhor que muita muita terapeuta por aí, né? Sim, mas não é bom não, tá? Então assim, é claro que você precisa de um conhecimento amplo, aprofundado, mas essa é uma etapa. A segunda etapa é você transformar isso em habilidades clínicas ou habilidades de atuação. Se você for atuar em uma área que não seja clínica, você precisa saber estruturar sua carreira. Você precisa se posicionar de uma forma que seja ética, que seja adequada, que combine com o que você quer oferecer. Então, tudo isso a gente vai falar e a gente vai orientar vocês, combinado? Então assim, tem uma série de competências para além do mero conhecimento teórico que vocês precisam desenvolver. E é esse o objetivo da Pós TCS. Eu inclusive entendo que esse é um dos grandes diferenciais da Póscs. Se por acaso você não está inscrito ainda no meu canal, inscreva-se no meu canal. É só chegar lá, se inscrever aqui, ativar o sininho para você receber. A gente tem feito vários conteúdos pro YouTube, tá bom? Toda quinta-feira tem café com TCS e a gente se vê. M.",,imported
8d77ed3c98ad1893,Revista Brasileira de,file:///Users/paulorezende/Documents/Personal_AI_powerhouse updated/personal-ai-space/knowledge/articles/TERAPIA COGNITIVO COMPORTAMENTAL PARA O MANEJO DAS OBSESSÕESSEXUAIS NO TRANSTORNO OBSESSIVO COMPULSIVO.md,,,,2026-06-12T06:19:57.158116+00:00,"article, conteúdo-principal, introdução, knowledge, pontos-chave",Revista Brasileira de,"# Revista Brasileira de

---
type: academic-paper
date: 2025
status: processed
---

## 📋 Sumário

- [Introdução](#introdução)
- [Conteúdo Principal](#conteúdo-principal)
- [Pontos-chave](#pontos-chave)

## Introdução

Este documento contém informações sobre **revista brasileira de**.

## Conteúdo Principal


### Sexualidade Humana Issn 2675-1194
Doi: Https://Doi.Org/10.35919/Rbsh.V35.1198

OPINATIVOS E DE REVISÃO
TERAPIA COGNITIVO COMPORTAMENTAL PARA O MANEJO DAS OBSESSÕES
SEXUAIS NO TRANSTORNO OBSESSIVO COMPULSIVO: UMA REVISÃO NARRATIVA
COGNITIVE BEHAVIORAL THERAPY FOR THE MANAGEMENT OF SEXUAL OBSESSIONS IN
OBSESSIVE COMPULSIVE DISORDER: A NARRATIVE REVIEW
TERAPIA COGNITIVO-CONDUCTUAL PARA EL MANEJO DE LAS OBSESIONES SEXUALES EN EL
TRASTORNO OBSESIVO COMPULSIVO: UNA REVISIÓN NARRATIVA
Fernanda Rafaela Cabral Bonato 1 Bruna Gund2 Roberta Cristina Gobbi Baccarim 3 Nicolas de Oliveira Cardoso 4
Resumo: O transtorno obsessivo compulsivo (TOC) é um transtorno mental caracterizado pela presença de obsessões e
compulsões.

Algumas obsessões ou pensamentos intrusivos podem ter cunho sexual.

O presente artigo tem por objetivo
investigar as técnicas utilizadas pela Terapia Cognitivo Comportamental (TCC) para o tratamento das obsessões sexuais
em pessoas com diagnóstico de TOC.

Para tanto, foi realizada uma revisão narrativa por meio de consulta às bases
PsycINFO, Pubmed e Socpus.

Os resultados indicam que as principais técnicas da TCC utilizadas para o tratamento de
obsessões sexuais são a psicoeducação, a reestruturação cognitiva, a exposição e prevenção de resposta, e as alternativas
contextuais que salientam práticas de mindfulness e aceitação.

Palavras-chave: Terapia Cognitiva Comportamental; Transtorno Obsessivo Compulsivo (TOC); Obsessões Sexuais.

Abstract: Obsessive-compulsive disorder (OCD) is a mental disorder characterized by the presence of obsessions and
compulsions.

Some obsessions or intrusive thoughts can be sexual nature.

This study aims to investigate the techniques
used by Cognitive Behavioral Therapy (CBT) to treat sexual obsessions in people diagnosed with OCD.

A narrative review
was carried out by consulting the PsycINFO, Pubmed, and Scopus databases.

The results suggest that the main CBT
techniques used to treat sexual obsessions are psychoeducation, cognitive restructuring, exposure, and response
prevention, as well as contextual alternatives that emphasize mindfulness and acceptance practices.

Keywords: Cognitive behavior therapy; Obsessive-compulsive disorder (OCD); Sexual obsession.

Resumen: El trastorno obsesivo compulsivo (TOC) es un trastorno mental caracterizado por la presencia de obsesiones
y compulsiones.

Algunas obsesiones o pensamientos intrusivos pueden ser de naturaleza sexual.

El objetivo de este artículo
es investigar las técnicas utilizadas por la Terapia Cognitivo-Conductual (TCC) para manejar las obsesiones sexuales en
personas diagnosticadas de TOC.

Para ello, se realizó una revisión narrativa consultando las bases de datos PsycINFO,
Pubmed y Socpus.

Los resultados indican que las principales técnicas de TCC utilizadas para tratar las obsesiones sexuales
son la psicoeducación, la reestructuración cognitiva, la exposición y prevención de respuesta, y las alternativas contextuales
que enfatizan las prácticas de mindfulness y aceptación.

Palabras clave: Terapia de conducta cognitiva; Transtorno obsesivo compulsivo (TOC); Obsesiones sexuales.

Mestre em Psicologia. Universidade Federal do Paraná, Departamento de Psicologia, Curitiba, Paraná. fernandacbonato@gmail.com

2Graduanda em Psicologia. Universidade Federal do Paraná, Departamento de Psicologia, Curitiba, Paraná. Bruna.gund@ufpr.br

3Mestre em Psicologia, Departamento de Psicologia, Universidade Tuiuti do Paraná, Curitiba, Paraná. Roberta.gobbi@gmail.com

4Pós Doutor em Psicologia, Departamento de Psicologia, Pontifícia Universidade Católica do Rio Grande do Sul, Porto Alegre, Rio Grande do Sul.

nicolas.deoliveira@hotmail.com


### Rbsh 2024, 35, E1198, 1-11


### Revista Brasileira De


### Sexualidade Humana Issn 2675-1194

BONATO, F. R. C. et al.


### Doi: Https://Doi.Org/10.35919/Rbsh.V35.1198

Introdução
O transtorno obsessivo compulsivo (TOC) é um transtorno mental crônico associado à alta
incapacidade e prejuízo da qualidade de vida tanto para pacientes quanto para familiares ou cuidadores.

Caracteriza-se pela presença de obsessões e/ou compulsões.

Obsessões são configuradas por pensamentos
de caráter recorrente e persistentes vividos de maneira intrusivas e indesejáveis, enquanto compulsões são
descritas como comportamentos ou atos mentais repetitivos, em que a pessoa se sente instigada a realizar o
comportamento em resposta a uma obsessão, de acordo com regras aplicadas rigidamente.

Importante frisar
que essas obsessões causam sofrimento acentuado, principalmente por não serem voluntárias, mas sim
intrusivas e indesejadas.

A pessoa diagnosticada com TOC tenta ignorá-las ou suprimi-las, ou procura evitar
estímulos que podem desencadear a obsessão, isso porque é usual tentar neutralizá-las com outro
pensamento ou ação, numa espécie de ritual comportamental (Associação Americana de Psiquiatria – APA,
2022; World Health Organization – WHO, 2019).

Pesquisas epidemiológicas demonstram que o TOC possui prevalência populacional mundial em torno
de 1% a 3% da população (APA, 2022; Torres et al., 2017; Finenberg et al., 2019).

Pesquisas epidemiológicas
estruturadas indicaram que a prevalência do TOC varia de 0,25% a 4% entre crianças e adolescentes, com
um aumento observado nas faixas etárias mais avançadas (Heyman, 2001; Karno et al., 1993).

Um estudo
realizado na região sul do Brasil, que incluiu adolescentes entre 14 e 17 anos, encontrou uma prevalência de
3,3% (Vivian, 2013).

Embora o conteúdo específico das obsessões e compulsões varie, certas dimensões de sintomas são
comuns, incluindo comportamentos sexuais compulsivos (Snaychuk et al., 2022; Fuss, Briken, Stein & Lochner,
2019) e pensamentos sexuais relacionados a proibições e tabus (Filho et al., 2023; Koolwal et al., 2020, Real
et al., 2013).

O estudo conduzido por Fuss et al.

(2019) revelou que 3,3% dos pacientes com TOC
apresentavam Transtorno de Comportamento Sexual Compulsivo (TCSC) no momento da pesquisa e 5,6%
ao longo da vida, sendo a prevalência significativamente maior entre homens do que entre mulheres.

Além
disso, observou-se que outros transtornos, principalmente os relacionados ao humor, controle de impulsos e
transtornos obsessivo-compulsivos, eram mais frequentes em pacientes com TOC, que também tinham
TCSC, em comparação àqueles sem o transtorno, mas isso não foi observado em transtornos relacionados ao
uso de substâncias ou comportamentos aditivos.

As obsessões sexuais podem estar relacionadas a pensamentos intrusivos como preocupação (ou medo)
de sentir desejo por menores de idade, de se envolver em atividades sexuais com animais ou familiares, de
engravidar, de se contaminar por meio de atividade sexual.

Pensamentos obsessivos relacionados à orientação
sexual, como medo de serem homossexuais, também são observados (Real et al., 2013; Williams, Crozier e
Powers, 2011; Williams e Farris, 2011).

A sexualidade é um aspecto identitário, estando relacionada à qualidade de vida e bem-estar.

A saúde
sexual é descrita como estado físico, emocional, mental e social de bem-estar em uma relação sexual, e não
meramente a ausência de doença, disfunção e/ou enfermidade (WHO, 2006).

Todavia, observa-se que a
literatura sobre a relação entre TOC e a função sexual é insuficiente, principalmente no que tange as obsessões
sexuais, apesar de pesquisas evidenciarem que 13% a 21% das pessoas diagnosticadas com TOC têm, em
algum momento da vida, pensamentos obsessivos sexuais (Kuty-Pachecka, 2021; Grant et al., 2006).

A esse
respeito, é de se esperar que a função sexual seja negativamente impactada, considerando que obsessões e
compulsões impedem o contato satisfatório com o momento presente e, consequentemente, com o prazer
oriundo da vivência da sexualidade (Pozza et al., 2019).

Os sintomas de contaminação e de lavagem, relacionados a preocupações com o contato interpessoal,
corporal e sexual, relacionam-se fortemente à evitação sexual, pois são percebidos como ameaça.

A evitação
afetiva sexual também é uma decorrência usual da vergonha experienciada por pacientes, uma vez que as
pessoas temem que seus sintomas sejam revelados (Koolwal et al., 2020; Pozza et al., 2019; Real et al., 2013).

Consequências também são observadas em sujeitos em relacionamentos estáveis, uma vez que
familiares têm dificuldades de conviver com os padrões de comportamento disfuncionais e suas consequências.

Nota-se que a sintomatologia do TOC usualmente acarreta obstáculos sociais e relacionais também às
parcerias, pois o engajamento nessas atividades é comprometido na tentativa de acomodação familiar às
RBSH 2024, 35, e1198, 1-11


### Revista Brasileira De


### Sexualidade Humana Issn 2675-1194
Doi: Https://Doi.Org/10.35919/Rbsh.V35.1198

limitações funcionais do(a/e) paciente (Silva et al., 2023; Real et al., 2013).

Além disso, dificuldades sexuais na
relação conjugal podem acontecer em decorrência de queixas e disfunções típicas do perfil de
comportamentos sexuais de pacientes com TOC (Fontenelle et al., 2007).

Assim, acentua-se a necessidade
de intervenções que corroborem a satisfação íntima desses segmentos – o que é evidenciado em alternativas
viabilizadas pela TCC.

Pesquisas demonstram que os pensamentos e comportamentos obsessivos sexuais em pessoas
diagnosticadas com TOC costumam ser pouco explorados por pesquisadores, clínicos e terapeutas (Koolwal
et al., 2020; Pozza et al., 2019 e Real et al., 2013).

Entre os motivos para essa ausência estão aqueles
relacionados à vergonha de expor tais pensamentos a profissionais de saúde e à negligência de clínicos quanto
a esse aspecto constitutivo da identidade, ou seja, a sexualidade humana (Koolwal et al., 2020; Real et al.,
2013; Pozza et al., 2019; Gordon, 2002).

Dentro desse contexto, o presente trabalho tem como objetivo
investigar as técnicas utilizadas pela Terapia Cognitivo Comportamental (TCC) para o tratamento das
obsessões sexuais em pessoas com diagnóstico de TOC.

Método
Para atingir o objetivo deste estudo, foi realizada uma revisão narrativa de literatura por meio de
consulta às bases PsycINFO, Pubmed e Scopus, com utilização dos descritores: “Terapia cognitivo
comportamental” or TCC or CBT or “Cognitive behavioral therapy” AND TOC or OCD or “transtorno
obsessivo compulsivo” or “obsessive compulsive disorder” or “sexual obsession” or “pensamentos sexuais
obsessivos” or “obsessive sexual thoughts” or “sexual dysfuncion” or “disfunção sexual”.

As buscas foram
realizadas nos idiomas português e inglês, com artigos publicados, livros e publicações de diretrizes de
organizações mundiais relacionadas à saúde mental, entre os anos de 2007 e 2023.

Segundo Rother (2007), os artigos de revisão utilizam-se de fontes bibliográficas para a coleta de
resultados de pesquisas, compondo a fundamentação teórica sobre um objeto.

As revisões narrativas “são
publicações amplas, apropriadas para descrever e discutir o desenvolvimento ou o ‘estado da arte’ de um
determinado assunto, sob o ponto de vista teórico ou contextual” (p.

1).

Segundo o autor, esse tipo de revisão
não necessariamente informa o método de busca bibliográfica, os critérios para avaliação dos trabalhos ou as
fontes utilizadas, permitindo uma análise crítica e pessoal dos autores do artigo sobre uma análise de literatura
verificada em bases de dados.

Essa revisão foi realizada de maneira não sistemática em março de 2024.

Foram considerados artigos
com desenhos quantitativos e qualitativos, além de revisões e capítulos de livros cujas leituras na íntegra
demonstraram adequação aos propósitos deste trabalho.

Ao todo, foram incluídas 20 publicações.

Resultados e Discussões
Esta revisão teve por objetivo ofertar uma síntese dos principais tratamentos baseados na TCC para
pacientes com TOC, cujas obsessões contêm uma natureza de conteúdo sexual.

Foi evidenciada escassez na
literatura de intervenções elaboradas para contemplar essas obsessões em específico, de tal modo que uma
parcela significativa dos resultados encontrados consiste em propostas que podem ser adaptadas de
tratamentos de outros sintomas do TOC para as particularidades desta demanda.

Foram analisadas 20 publicações que abordavam a sintomatologia e tratamento do TOC.

Contudo,
muitos desses estudos discutiam brevemente as obsessões sexuais.

Observou-se que, embora a terapia deva
ser realizada considerando as especificidades de cada caso, existem determinados princípios da TCC que são
transversais nos tratamentos do TOC.

Isso ocorre porque, de uma perspectiva cognitivo-comportamental, as
obsessões são mantidas por meio de rituais que servem para reduzir a ansiedade ou a angústia resultante do
pensamento intrusivo.

A performance do ritual reduz imediatamente a angústia, porém, impede a pessoa de
aprender que a obsessão não representa uma ameaça real, estabelecendo-se a crença de que o ritual é o único
meio de enfrentamento, o que reforça o comportamento obsessivo (Williams; Crozier; Powers, 2011).

A Tabela 1 apresenta as principais características dos estudos incluídos.

Cada artigo recebeu um
número (1, 2, 3...).

Esses números são usados para se referir aos estudos incluídos em toda a seção de
resultados.

RBSH 2024, 35, e1198, 1-11


### Revista Brasileira De

BONATO, F. R. C. et al.


### Sexualidade Humana Issn 2675-1194
Doi: Https://Doi.Org/10.35919/Rbsh.V35.1198

Características dos estudos incluídos e seus participantes
Os artigos, diretrizes e livros incluídos nessa revisão narrativa foram publicados entre 2007 e 2023; a
maioria (n = 14) das publicações ocorreu entre os anos de 2007 a 2019.

Em relação ao tipo de publicação observa-se uma grande variedade de publicações, sendo que as mais
presentes foram revisões não especificadas n = 5), revisão sistemática de literatura (n = 2), estudo de relato
de caso (n = 2), livros (n = 2) e diretrizes (n = 2).

A revisão também é formada por revisão abrangente,
revisão sobre o estado da arte, estudo transversal, estudo observacional longitudinal, revisão narrativa e
experimento randomizado controlado, todos eles com apenas um estudo cada (n = 1).

Tabela 1 – Principais características dos estudos incluídos
Referência


### Tipo De
Método
Publicação (N° Participantes)

1. Roh, Jang e Kin Revisão
(2023)
abrangente


### Principais Resultados

2. Swierkosz-Lenart Revisão
et al. (2023)
estado
arte

de Qualitativo (N.I.)
da

3. Puccinelli et al. Estudo
(2023)
transversal


### Quantitativo
(N = 155)

Clínicos são menos propensos a recomendar
exposições para obsessões de pedofilia e
danos, resultando em tratamentos menos
eficazes.

O nível de conforto dos profissionais
varia de acordo com o conteúdo dos sintomas,
independentemente de sua experiência.

Isso
destaca a necessidade de mais treinamento
sobre a eficácia da ERP.


### Revisão
Quantitativo
Sistemática E (N= 30)
De
Metaanálise

A ERP mostrou um efeito positivo no TOC (g
= 0,37), com resultados significativos em
comparação a placebo (g = 0,97) e medicação
(g = 0,59), mas sem diferenças estatísticas em
relação a outras terapias (g = -0,07).

A
exposição controlada pelo terapeuta e a
autocontratação melhoraram os sintomas, e a
ERP também reduziu depressão (g = 0,15) e
ansiedade (g = 0,23).

Sessões mais longas
resultaram em melhores efeitos de tratamento
(t = 2,41, p = 0,022).

al. Estudo
Quantitativo
observacional (n = 269)
longitudinal

Pacientes com obsessões sexuais (18%) eram
ligeiramente mais velhos, mas tiveram
resultados de tratamento semelhantes aos de
outros tipos de obsessões.

Isso sugere que,
quando abordadas, a TCC é igualmente eficaz.

É importante que clínicos ajudem as crianças a
identificar esses pensamentos para tratá-los.

4. Song et al. (2022)

6. Reid et al. (2021)


### Rbsh 2024, 35, E1198, 1-11


### Quantitativo
(N = 36)

A TCC com ERP mostrou um grande efeito na
redução dos sintomas de TOC, dependendo
do controle comparativo. A meta-análise
aponta falta de rigor metodológico nos
estudos e uma forte influência da tendência
dos pesquisadores na eficácia, sugerindo a
necessidade de mais investigações.


### Revista Brasileira De

## Pontos-chave

- Documento acadêmico processado
- Conteúdo organizado em seções
- Formatação melhorada para leitura

---

> *Documento convertido de PDF para Markdown com estrutura organizada*",,imported
93af66e5b45bbc01,TERAPIA SEXUAL - A IMPORTÂNCIA DE ALINHAR EXPECTATIVAS,file:///Users/paulorezende/Documents/Personal_AI_powerhouse updated/personal-ai-space/knowledge/articles/TERAPIA SEXUAL - A IMPORTÂNCIA DE ALINHAR EXPECTATIVAS.md,,,,2026-06-12T06:19:57.159266+00:00,"article, clinical-practice, knowledge, patient-care",TERAPIA SEXUAL - A IMPORTÂNCIA DE ALINHAR EXPECTATIVAS,"Isso acontece muito na queixa sexual, gente.

Pessoa tá no seu consultório porque ela quer, sei lá, homem porque ele quer ser capaz de transar com quem quer que seja, na orgia, no sexo grupal, não sei quê, e o pênis dele ficar ereto e ele dá três sem sair de cima.

Uhum. Tá bom.

E aí desde que ele da primeira relação sexual, ele toma tadalafila e não tá funcionando.

Não tá funcionando, tá dando certo.

Óbvio, mas eu não vou dizer para ele que é óbvio.

O meu objetivo é que ele tenha uma vida sexual saudável.

Não sou eu aqui que vou dizer o que que é saudável para ele.

Saudável é o que não tem sofrimento e não traz prejuízo.

Então não é assim, ah, que você se estabeleça com a pessoa, não é nada disso, tá?

Saudável é o que é saudável para esse indivíduo.

E aí a gente vai precisar entender juntos o que que é uma vida sexual que faz sentido para ele, que ele tenha resposta sexual, que ele tenha prazer, que ele esteja tranquilo, que ele não esteja ali batendo meta, que seja de preferência um sexo, né, práticas sexuais seguras, que não vulnerabilize ele a risco.

Tenho aqui minhas agendas, mas ele não tem nenhum compromisso com isso.

Ele só quer dar três sem sair de cima.

Posso te dizer que isso vai acontecer na maioria das vezes.

O que chega para mim, gente, de mulher em situação de violência conjugal, sem se dar conta, com queixa de desejo, querendo conseguir transar mais, que o marido, não entende porque que não quer transar com ele.

O que chega de minoria sexual, de homem gay, de mulher lésbica, trabalhado um monte de questão de preconceito internalizado querendo performar de um determinado jeito e não tá performando.

Então, claro que o nosso olhar vai bater e a gente vai entender ali às vezes muito mais facilmente, né?

Principalmente quando vocês forem se aprofundando um pouco mais, vai ficar muito fácil entender o que que tá errado.

Mas a história é como é que você conduz.

Quando você tem objetivos muito distintos do seu paciente, tudo bem ter, e aos poucos a gente vai compartilhando isso com ele, mas a gente precisa acordar metas comuns, direções comuns, porque senão vai virar um cabo de guerra a relação terapêutica.

O paciente quer vir para cá e a gente quer ir para lá.

Há um tempo atrás na minha clínica a gente estava com caso assim, paciente com muita questão de ansiedade, desempenho.

Para você ter uma noção, ele tava querendo jovem assim, sem nenhuma indicação para isso, tava querendo fazer injeção intracavernosa para garantir que ia conseguir e já vinha fazendo para transar com a esposa e tal.

Assim, o foco dele era conseguir transar muito e transar muito tempo e é isso, qualquer outra discussão para ele não fazia nenhum sentido.

Então ele queria técnicas para resolver isso.

Eu disse para ele, olha, pro seu pênis subir e descer na hora que você quer, só com injeção intracavernosa ou prótese.

Se a gente quiser gerar essa resposta fisiologicamente, a gente vai ter que aprender a gerar essa resposta fisiologicamente.

Claro que eu não falei assim, tá?

Tô aqui resumindo para vocês, mas fui dizendo para ele que mesmo que ele tivesse lá a ereção e tal, a ansiedade continuava ali.

Olha que interessante.

E tadalafila já não funcionava para ele, porque não funcionava mesmo, né?

Tadalafila ajuda quem tem problemas com o fluxo de sangue.

Quem não tem problema com o fluxo de sangue vai ter na melhor das hipóteses o efeito placebo da tadalafila de achar que tá ali, ah, tomei, então ótimo.

Aí diminui a ansiedade.

Mas é isso.

Foi um paciente que tava difícil da gente manejar porque assim, todas as vezes que a terapeuta dava um passinho, esse que eu tava sugerindo para vocês, ele dizia assim: ""Não, não acho que é por aí não, o que eu preciso?""

E eu acho que ele colocava ela num lugar, num determinado momento, ele começou a dizer assim: ""Eu acho que talvez você não esteja me entendendo"".

E eu acho que ele tava querendo dizer que você é mulher, não tá me entendendo.

Tá vindo com esse mimimi para cima de mim.

Os meus sentimentos importam, de que o que eu penso importa, nada disso importa.

O que importa é o pênis subida, etc.

E foi o paciente que a gente precisou, eles conseguiram trabalhar, mas eles precisaram ir acordando concretamente objetivos comuns.

Então a gente foi ajudando esse paciente e para esse paciente a gente precisa ir mostrando serviço um pouquinho, né? porque já vem num lugar de desqualificação.

E às vezes, a gente terapeuta, se a gente não entende isso, tecnicamente, a gente se mistura e ela ficava assim: ""Ah, ele me diminui"".

Claro, com certeza.

Ele tá se sentindo péssimo para ele.

Tipo, se ele não tem um controle do pênis dele, ele é uma droga de homem.

Qualquer coisa diferente disso é muito ameaçadora.

E aí ele tá pagando você e para você dizer para ele que quem sabe a gente possa pensar diferente, tá aterrorizado.

E o jeito de lidar com a ansiedade é sendo mais assertivo, né, com todo o respeito que ele tava tentando ter com ela, dizer que ela tava vindo para ele com ideias completamente malucas, que ele não tava achando nada razoável.

São questões que às vezes vão aparecer na relação terapêutica, às vezes o paciente vai embora simplesmente, às vezes você vai ver que o trabalho não tá caminhando.

E na verdade se você começa a fazer micro-objetivos comuns, então o que que a gente começou a trabalhar com ele?

Que a gente ia ajudar ele a lidar melhor com a ansiedade antes da relação.

Achou um objetivo que todo mundo concordava.

Vamos tentar lidar melhor com a ansiedade antes da relação.

Ele percebia esse sintoma de ansiedade antes.

Isso pareceu fazer sentido para ele, bem concreto, bem pontual, uma coisa que todo mundo ia conseguir concordar.

E o que que a gente fez?

Ajudou ele com algumas ferramentas de regulação da emoção.

Aí surgiu um pensamento ou outro ali que ele topou conversar nesse sentido porque ele começou a achar que fazia sentido.

Aí a gente começou a falar para ele que a gente começou a ver acontecer que quando ele entrava um pouquinho mais tranquilo, a coisa funcionava um pouco melhor.

Não é que funcionasse não, mas a experiência dele era um pouquinho melhor.

E a gente começou a pensar: ""Nossa, seria tão bom se a gente conseguisse fazer essa experiência de tranquilidade durar um pouquinho mais, né? Em que momento que você acha que você flipa de novo pra ansiedade?""

Tô eu aqui tentando carregar.

Ele tá dentro do ciclo da falha, que quando ele olhou a primeira vez, ele falou assim: ""Ah, eu acho que isso não vai me ajudar"".

Então é assim que a gente vai fazendo.

A gente vai, ó, pouquinho, pouquinho e a gente precisa estar sempre, eu brinco com os meus alunos, que é tipo o marido da rainha da Inglaterra, a rainha da Inglaterra vai na frente, você vai atrás.

Você não pode estar na frente.

Você imagina se o marido da rainha da Inglaterra fosse seguir andando sozinho na frente.

Não existe isso.

Paciente está na frente e a gente tá aqui.

Se você quiser se tornar um especialista em terapia cognitiva sexual, preste muita atenção.

As vagas da pós-cessem apenas em períodos específicos.

Aqui na descrição tem um link da nossa lista de espera, onde você pode se cadastrar e receber com prioridade o aviso quando as inscrições forem abertas.",,imported
a374b8e87d35d96e,TERAPIA SEXUAL NA PRÁTICA POR ONDE COMEÇAR  ALINE SARDINHA  MELHORES MOMENTOS DO CAFÉ COM TCS,file:///Users/paulorezende/Documents/Personal_AI_powerhouse updated/personal-ai-space/knowledge/articles/TERAPIA SEXUAL NA PRÁTICA POR ONDE COMEÇAR  ALINE SARDINHA  MELHORES MOMENTOS DO CAFÉ COM TCS.md,,,,2026-06-12T06:19:57.160618+00:00,"article, brazil, career-planning, clinical-practice, cognitive-sexual-therapy, cultural-sensitivity, expert-aline-sardinha, knowledge, market-analysis, patient-care, professional-development, protocols, psychotherapy, sexology, sexual-therapy, training, video-transcript",TERAPIA SEXUAL NA PRÁTICA POR ONDE COMEÇAR  ALINE SARDINHA  MELHORES MOMENTOS DO CAFÉ COM TCS,"# TERAPIA SEXUAL NA PRÁTICA: POR ONDE COMEÇAR? | ALINE SARDINHA | MELHORES MOMENTOS DO CAFÉ COM TCS

**Video ID:** a2A9_kZF-W4

**URL:** https://www.youtube.com/watch?v=a2A9_kZF-W4

## Transcript

[Transcript to be extracted - please use the Docker tools to fetch transcript]

Então, quando a gente fala de saber sexualidade, saber questões da terapia sexual, tem a ver com você conseguir transpor isso pra sua prática. [Música]

Hoje essa aula é pensada para você que tá querendo começar na aula, na área da sexualidade, seja porque você tá começando a sua carreira, seja porque você já atua, mas tá querendo migrar para essa área.

Então, é ginecologista, faz plantão, quer migrar pra área da sexualidade, é psicólogo, percebe que a área da sexualidade é um nicho, tem uma demanda importante, tá querendo migrar. Ou mesmo você que já tem uma trajetória nessa área, às vezes já trabalha em alguma área que faz interface com a sexualidade, mas não sabe exatamente qual é o caminho.

Então hoje a gente vai falar disso, né? Por onde começar, o que que você faz, como é que a gente trabalha com terapia sexual, o que que você precisa para trabalhar com terapia sexual.

Sempre foi uma preocupação trazer para vocês, né, uma formação muito baseada em competências, no que que de fato a gente precisa, porque às vezes eh, e eu sei que eu sou professora, né? Às vezes a gente como professor pensa nos temas, né? Então, ah, os temas é importante saber sobre sexualidade feminina, sobre sexualidade masculina, sobre disfunções sexuais. Com certeza tudo isso é importante. Mas o que forma um profissional para trabalhar na área da sexualidade? É muito para além do conhecimento, né?

Então, objetivamente, conhecimento o chatt, é ele que vai fazer a intervenção, não, né? Então, é disso que a gente tá falando, conhecimento fundamental, super importante, mas esse é uma das competências que a gente vai ter.

Então, a discussão hoje é sobre isso, que competências são essas, o que que vocês precisam priorizar, né? Então, ao invés de sair por aí, ah, eu vou fazer o quê? Eu vou pegar um livro de disfunções sexuais. Outro dia desse a pessoa me perguntou no chat: ""Me me indica um livro de disfunções sexuais"". Eu falei: ""Olha, eu vou te indicar o DSM, se você quiser saber mais sobre os critérios da disfunção sexual DM, né? não precisa ler de ponte secundária. Então, não é sobre isso, não é isso que vai te apresentar o campo, não é isso que te te forma um profissional capaz de lidar com as demandas reais do campo.

Um outro aspecto importante que a gente vai refletir hoje é sobre os diferentes perfis de profissionais e as diferentes ofertas de serviço possíveis, né? Então, não existe uma única sexologia, não existe uma única terapia sexual. A terapia sexual no consultório do ginecologista vai ser um, no consultório do fisioterapeuta vai ser outro, no consultório de psicologia vai ser outro, no consultório de um terapeuta que não tem formação na área de saúde vai ser outro.

Precisamos entender quais são os diferentes perfis de profissional e da onde vocês partem, porque é claro que vocês vão partir de lugares diferentes. Então, quando eu faço essa pergunta um pouco cretina, que é por onde eu começo, não tem um por onde você começa que é igual para todo mundo numa área que é multidisciplinar.

Então vamos entender aqui o que que as principais instituições, né, que pensam as profissões. Então, como se fosse assim, eh, instituições mundiais que trabalham na área da sexualidade. Então, Associação Mundial de Sexualidade, Associação Europeia de Sexualidade, Associação Americana de Profissionais da Área da Sexualidade, tá? São necessariamente associações multiprofissionais.

Então, multiprofissionais por quê? Não é igual o conselho de medicina, o conselho de fisiot não não tem esse lugar. Elas são multiprofissionais porque a área da sexualidade é multiprofissional. Que que a Associação Europeia recomenda? Associação Federação Europeia de Sexualidade, ela congrega todas as as federações nacionais dos países da Europa, tá? A Europa faz trabalhos incríveis na área da sexualidade, numa lógica multidisciplinar. Então, enfim, eles são líderes no campo nesse sentido de pensar multidisciplinaridade, de pensar trabalhos de fato mais efetivos, tá?

Então, muitos dos estudos, dos direcionamentos que a gente tem, vem dali. Mas então o que que eles dizem? O que que um profissional de sexualidade precisa saber? Competência. Vocês vão ver aqui a diferença entre o que que é competência e o que que é conhecimento. Uma forte, então vamos lá. Primeiro, uma forte ênfase na abordagem biopsicossocial. Tô aqui falando que tem que saber sobre as disfunções sexuais. Não, não tô dizendo que você não tem que saber, mas tô dizendo que você tem que ter uma abordagem, um olhar, um uma forma de olhar pro fenômeno que seja biopsicossocial.

Segundo ponto aqui que a Federação Europeia traz pra gente, valorização de pesquisa clínica e intervenções baseadas em evidência. Isso, gente, é uma competência. Isso não é uma opinião, isso não é um, isso é uma competência que o profissional precisa ter. Não é assim, ah, qual é o teórico que eu uso que quem? Teórico quem, né? Então assim, teórico pode ser qualquer um. Minha avó tem teoria sobre a vida, ela é teórica e aí eu vou basear a intervenção na vida de outra pessoa, né? Teoria é uma um uma proposta. Que que as evidências mostram pra gente, né?

Então tô aqui trazendo para vocês assim um certo choque de realidade para vocês entenderem que a primeira mudança é uma mudança de mentalidade. O pessoal diz assim: ""Não, porque a gente não pode reduzir o ser humano à ciência"". Eu pensava assim, depende de que ciência você tá falando. Se você tem uma abordagem biopsicossocial, você não vai reduzir o ser humano a ciência. você vai, muito, pelo contrário, ter ciência suficiente para entender a complexidade.

A diferença entre uma prática baseada em evidências e uma prática baseada em qualquer coisa que você ache ou no livro que você leu é a responsabilidade, no meu entendimento, é a ética, é você fazer alguma coisa que vai ajudar as pessoas ou você ficar ali, enfim, não ajudando ou atrapalhando ou perdendo tempo seo das pessoas. Quando chega um paciente no seu consultório, você vai buscar informações sobre ele aonde? É disso que a gente tá falando, de valorização da pesquisa clínica e das intervenções baseadas em evidência.

A gente precisa desconstruir muita maluquícia que botaram na nossa cabeça como profissional de saúde, principalmente aqui quem vem da psicologia tem muita coisa para desconstruir para poder chegar numa prática de fato ética. Não tô aqui generalizando, mas enfim, posso falar da minha própria formação, né, onde isso não era colocado de uma maneira tão clara como eu tô colocando para vocês.

Um terceiro ponto fundamental que a Associação Europeia traz é a formação interdisciplinar. Não tô falando aqui de multidisciplinaridade, não, de que todo mundo pode trabalhar na área, cada um dando a sua contribuição. Isso é óbvio, né? Tô falando de que a sua formação precisa ser interdisciplinar. Então, se você tem um curso que é só para médicos, não sei se ele tá no caminho certo. Se você tem um curso que é só para psicólogos, hum, conte-me mais sobre isso, né? Cadê a abordagem biopsicossocial que tem que estar entranhada em cada célula do seu corpo? Porque a formação interdisciplinar é ensinar as pessoas a raciocinarem numa lógica interdisciplinar.

E por que que isso é importante? Meu Deus do céu? Porque precisamos ter uma ênfase na abordagem biopsicossocial? Eu consegui entender que tem uma dor sexual que ela traz e que essa dor pode ter a ver com a endometriose, que essa dor pode ter a ver com problema na coluna. Eu preciso conseguir fazer essas hipóteses. Porque se eu não faço essas hipóteses, vocês imaginem a qualidade da intervenção que a gente consegue fazer. Às vezes, muitas vezes, uma direção completamente torta, né?

E um outro pilar fundamental é a prática clínica supervisionada. A prática clínica supervisionada, ela tem a ver com o ciclo da aprendizagem, tá? Ela tem a ver com você poder, e aqui a supervisão, ela vai ter diferentes modelos, né? Ela pode ser um supervisor, como a gente muitas vezes tá acostumado, ter alguém que sabe, alguém que fica ali aprendendo, pode ser assim, mas ela também pode ser uma troca constante com pessoas com diferentes níveis de experiência. E aí quando você tá num grupo multidisciplinar, que tem pessoas de vários, né, níveis de experiência, de vários formações diferentes de base, é isso que você faz. Você vai fazendo essa distância entre um e outro, que é onde tem o aprendizado. Prática supervisionada é eu poder colocar esses conhecimentos, essas habilidades, ir lá me posicionar, tomar decisão na vida real, na prática e ter com quem conversar. E esse alguém precisa ser um alguém que tenha algo a me ensinar.

Associação Americana de Sexualidade de Educadores Sexuais, Conselheiros Sexuais e Terapeutas Sexuais diz que o profissional tem que dominar temas como intervenções terapêuticas específicas da sua área, óbvio, né? Então assim, se eu sou cirurgião e faço cirurgia de afirmação de gênero, tenho que saber fazer a cirurgia. Óbvio, se eu sou psicoterapeuta, tenho que saber fazer psicoterapia. Se eu sou terapeuta sexual, preciso dominar técnicas de terapia sexual, com certeza. Tá, gente? Então, importante, eu preciso saber fazer diagnóstico do que tá acontecendo, fazer uma boa avaliação, conseguir separar uma coisa da outra. Preciso conhecer os diagnósticos formais, preciso conseguir fazer diagnóstico diferencial, preciso saber entender outras comorbidades. Comorbidade é uma outra coisa que acontece ali, né? né? Então, eu posso ter eh uma disfunção sexual, posso ter uma depressão, eu posso ter uma disfunção sexual, eu posso ter fibromialgia, né? Eu posso ter uma doença renal, como é que essas duas coisas conversam? Então, é disso que a gente tá falando. E eu preciso conhecer temas como sexualidade ao longo de todo o ciclo vital.

Então, não tem isso, que é outra coisa que eu vejo aqui no Brasil, que é assim, quem trabalha com sexualidade na infância e adolescência, só quem trabalha com infância e adolescência. Mas gente, todos os seus pacientes já foram criança e todas as crianças vão virar adultos, né? Maior parte delas. A gente não tá falando só de nicho de atuação, a gente tá falando de um olhar pro desenvolvimento. Esse desenvolvimento psicossexual, eu entender o desenvolvimento, as diferentes etapas do ciclo de vida. Então, eu posso não trabalhar com criança, eu posso ser um terapeuta de casal, mas eu tenho que ter muita clareza sobre quais etapas cada um daqueles membros do casal que tá ali na minha frente passou ao longo da vida. Para quê? Para eu saber fazer boas perguntas, porque senão eu vou ficar assim: ""E como era na sua infância fazendo perguntas que eu não sei nem porque eu tô perguntando aquilo?""

Então, o conhecimento precisa ser científico, o conhecimento precisa ser atualizado porque muda muito rápido, né? Então, um tempo atrás, por exemplo, a gente não tinha inteligência artificial, agora tem. Há um tempo atrás, sei lá, 10 anos atrás, ninguém tinha smartphone, agora tem. Então, o conhecimento tem que ser atualizado. O conhecimento precisa ser amplo, como vocês estão percebendo, a gente precisa entender todas as etapas da vida, precisa ser biopsicosocial. Então, eu preciso saber sim um pouco de cada coisa. E o conhecimento precisa ser aprofundado.

Que que a Associação Mundial de Sexualidade diz? Competências profissionais. Então, a a o, né, que é essa associação, ela define um conjunto mínimo de competências que incluem conhecimento interdisciplinar. Já falei sobre isso, né? Todo mundo concorda, não tem como. Capacidade de lidar com crenças culturais e pessoais sobre sexo. Então esse olhar, quando a gente fala de um olhar socultural, não é político partidário, não é mimimi. A gente precisa entender que aquelas pessoas estão vivendo num mundo e que mundo é esse. E com esse mundo se traduz em crenças, em coisas que essa pessoa acredita, coisas que orientam a tomada de decisão. A, eu acho legal a maneira como a traz que ela diz assim: ""Eu preciso entender que a maneira como as pessoas aprendem a pensar sobre sexo e como aquele indivíduo vai estruturar o seu raciocínio sobre sexo e como eu, profissional de saúde estou inserida no meio de tudo isso, né? é fundamental, não só um trabalho grande com as crenças, né? E posso dizer para vocês que foi daí que surgiu a proposta da terapia cognitiva sexual, né? O a sementinha da proposta da terapia cognitiva sexual. É exatamente essa história, né? Quando a gente começa a entender que é muito maior do que ficar integrando meia dúzia de técnica cognitivo comportamental na terapia sexual, é uma mudança de entendimento. É entender que a a forma como as pessoas internalizam as questões do mundo e decidem o que vão fazer e como isso repercute na fisiologia delas. Então é um olhar que a gente chama de terapia cognitiva sexual. daqui você poder saber como você vai transpor, né, como você vai mostrar pro seu paciente que a maneira como ele aprendeu a pensar sobre sexualidade, a religião dele, o que ele aprendeu sobre sexo na religião dele, que não é a religião dele, é o que ele aprendeu com isso, como isso orienta a tomada de decisão dele no dia a dia, a gente tem que desenhar pro paciente. E quando você desenha isso pro paciente, e eu desenho literalmente, né? desenho e disponibilizo para vocês todos os modelos dos desenhos que eu faço, ciclo da falha sexual, registro de situação sexual, eh registro relacional de situação sexual, todas as conceitualizações, porque quando a gente pensa em raciocínio interdisciplinar, em abordagem biopsicossocial, tudo isso precisa ser estruturado na sua cabeça, se não vira só um balaio de gatos de coisas muito interessantes. Ai que interessante isso. Nossa, na infância dele aconteceu tal coisa foi interessante. E aí o profissional fica igual peixe de aquário assim, indo atrás de coisas interessantes que o paciente tá lembrando de te contar. Não tem condição, né? A gente precisa saber o que que a gente vai perguntar. A gente precisa saber os aspectos relevantes, o que que é realmente importante, né? E como que a gente vai mostrar pro nosso paciente que olha, me parece que você tá pensando assim, isso tá acontecendo, isso, isso, isso, enfim, ciclo da fada. E aí muitas vezes o que o paciente me diz e às vezes, gente, na primeira sessão, na segunda sessão, eu faço um ciclo da falha mostrando para ele o que que eu tô entendendo a partir do que ele tá me trazendo. E aí a pessoa diz assim: ""Nossa, é isso mesmo? Você acha que esse paciente volta na sessão que vem?"" Com certeza.

Um outro aspecto que a OAS traz fundamental é a comunicação clínica empática e sem julgamentos. Parece óbvio, né? Mas gente, eu acho que assim aqui eu vejo os psicólogos conseguindo fazer um trabalho bem melhor nesse sentido, porque a gente tem muito treinamento nisso de ouvir qualquer coisa com cara de alface sem julgar. De fato, mesmo assim ainda muito difícil muitas vezes, porque a gente vai estar trabalhando com crenças que batem fundo na gente. A gente vai estar trabalhando com um cara lá que é super machista e que acha que a mulher dele tem que dar para ele mesmo e tal. E você daqui fica tipo assim, ã, ou você vai tá trabalhando com alguém que comete crime sexual e que tá buscando tratamento para parar de fazer isso, mas as o que ele fez ou o que ele faz é punk de ouvir, né? E bota a gente em situações difíceis. Então, assim, tem isso na área da sexualidade.

Outra competência que a traz, né? Capacidade de trabalhar com populações diversas. E aí fica parecendo que é só LGBT, né? População diversa é só LGBT, mas vou te dizer que a maior parte dos alunos que chegam para mim têm dificuldade de trabalhar com homem hétero. Me ouçam com com os ouvidos abertos. O conhecimento precisa ser amplo. Eu não posso discriminar a população que eu vou estudar. Eu posso nichar, né? Mas eu não posso confundir o argumento do nicho com se eu vou trabalhar com mulheres na menopausa. Então, desenvolvimento, adolescência, nem não nem abrir essa esse capítulo do livro. Aí não dá, porque a mulher na menopa tem filho adolescente. Assim, não dá, foi adolescente, sofreu um abuso na adolescência, não dá, sabe? Pra gente só. E aí eu sei que quando eu falo que precisa ter muito conhecimento, conhecimento amplo, atualizado, dá medão. Eu sei que dá, mas a ideia aqui não é dar medo em vocês, não. Muito pelo contrário, é mostrar caminhos. Por quê? Porque tem como a gente fazer isso de uma forma estruturada, né? Porque quando eu não faço, o custo é muito maior. Porque imagina você na sua prática lidando com vida real. sem saber nada. Não tô dizendo aqui que você tem que saber tudo de cara, porque hoje em dia a gente vive numa era em que o conhecimento ele vai perdendo relevância em relação à capacidade de pensar. Porque conhecimento você pergunta pro chat GPT, três 10 coisas que eu preciso saber sobre a sexualidade das pessoas com deficiência. ele vai te dizer e assim não vai tá maravilhoso, mas vai tá um 80% ali. Se você sabe raciocinar, pronto. Então assim, eu não preciso saber sobre tudo, mas eu preciso saber pensar. E aí quando vocês ficam decorando o protocolo, aí quando vocês ficam, enfim, querendo saber o teórico, eu fico daqui desesperada, porque eu falo assim: ""Gente, quando chega na vida real, coitado do paciente, quando eu falo que o seu conhecimento precisa ser amplo, na verdade você precisa aprender a raciocinar de uma forma interdisciplinar."" E isso a gente treina, tá? Então, é claro que sim, você tem que ter conhecimentos, você tem que ter, principalmente a ferramenta de buscar conhecimento. Então, quando você aprende a ter uma uma relação amistosa, íntima com a ciência, você tem a tranquilidade que você não precisa saber tudo, porque é só está um clique de distância de você, qualquer informação. Então, não é sobre isso, é sobre aprender a pensar. E de verdade nesse mercado falta quem sabe pensar, sair da faculdade. O que que eu preciso saber? Eu preciso saber esses aspectos que a gente trouxe aqui, né? Por exemplo, eu preciso saber que tem questões biopsicossociais, eu preciso saber eh que as crenças são muito importantes, eu preciso saber mais ou menos como lidar com isso. E aí na medida em que os pacientes vão chegando para mim, eu vou partindo daquilo ali para ir refinar o meu conhecimento específico. Não se preocupem. com isso excessivamente a ponto de te travar, né? Agora se preocupa sim em aprender boas formas de raciocinar clinicamente, de aprender ferramentas de conceitualização de caso, né, de aprender um olhar biopsicossocial, um raciocínio interdisciplinar. Mas aí vamos dizer que você já tem uma prática que você é fisioterapeuta, por exemplo. E aí eu sou fisioterapeuta pélvica, trabalho com mulheres com incontinência urinária. Você pode partir daí, você não precisa ir lá trabalhar com as questões masculinas necessariamente. Claro que essas mulheres se relacionam com alguém. Já já vai chegar a sua vez de pensar sobre isso, mas primeiro eu posso começar a focar nas dificuldades que essas mulheres trazem. Eu posso focar inicialmente em como perguntar sobre a sexualidade das pessoas em me sentir confortável sobre perguntar modelos que já existem na nas na literatura sobre como abordar o assunto da sexualidade de uma maneira que seja respeitosa, que seja ética. Então, quando a gente fala de saber sexualidade, saber questões da terapia sexual, tem a ver com você conseguir transpor isso pra sua prática. Por isso que eu digo para vocês que não só a oferta de serviço é completamente diferente. Então assim, como que eu vou encaixar a sexualidade nos meus mais diferentes serviços, como também da onde eu parto faz diferença, as minhas outras habilidades fazem diferença. Então, é claro que o serviço que um psicoterapeuta vai conseguir fazer sobre sexualidade é diferente do serviço que o fisioterapeuta, que o terapeuta sexual, que o ginecologista, que o enfermeiro vai conseguir fazer. Então, se você tem uma relação amistosa com a ciência, se você entende que você precisa pensar de forma biopsicossocial, você já tem meio caminho andado. E aí quando chega na prática, bom, o que que eu preciso estudar mais? Para onde é que eu vou? Paraa ciência. E aí eu vou fazer o quê? Vou aplicar aquilo na prática com um olhar amplo. E aí eu vou saber quais são as perguntas que eu preciso fazer. E aí eu vou, ah, não, agora eu preciso de uma intervenção que resolva esse problema. Por quê? Porque eu sei conceitualizar caso. Se eu aprendi a conceitualizar caso, eu entendo que o problema que eu preciso trabalhar é esse aqui. E aí, o que que eu vou fazer? Ah, agora eu vou pesquisar qual é a melhor intervenção para lidar com desregulação emocional em paciente borderline que tem que tá usando pornografia demais. E vou listar aqui para vocês as competências que norteiam o time TCS. Então, a primeira é conhecimento, óbvio. Então, assim, os meus cursos é para estudar. Dois, leitura crítica da ciência. Então, vocês precisam ter um certo letramento nessa história, saber onde procurar, saber onde buscar. três, habilidades multiculturais, que é isso, eu conseguir trabalhar com as populações diversas, eu entender que que tem aspectos socioculturais que fazem diferença na maneira como aquela pessoa vive, sente, se comporta com as possibilidades que ela tem na vida. Tudo isso, uma relação terapêutica colaborativa. Então, como é que eu na prática trago o meu paciente para um lugar de mais engajamento, aumento a adesão dele, faz com que ele não abandone o tratamento? Você lembra aquela história que eu falei que eu faço intervenções já ali no início que vão fazendo o paciente entender do que eu tô falando, vão entregando, né, pequenos sinais de que eu tô entendendo, de que a gente tem um plano, de que a gente tá no caminho. Uma quinta habilidade aqui fundamental é a habilidade de conceitualização de caso clínico, que é exatamente o que vai me permitir fazer intervenções que façam sentido para aquela pessoa. Uma sexta habilidade que eu treino muito com os meus alunos é pensar a intervenção a partir de processos e não a partir de técnicas. Então eu preciso saber o que eu vou influenciar para então eu selecionar como eu vou fazer. Uma outra questão super fundamental que eu acho que todos os profissionais precisam saber fazer é atuar de diferentes formas. Então, eu não falei que a a intervenção que eu vou fazer, por exemplo, num grupo de adolescente na escola é diferente da intervenção que eu vou fazer com uma pessoa idosa no meu consultório. E por último, não menos importante, mas depois de tudo isso, é que entram as técnicas, porque claro que as técnicas são úteis, mas primeiro eu preciso saber como é que eu vou fazer para então selecionar o que eu vou fazer. Eu não posso selecionar a técnica primeiro. Ah, eu sei foco sensorial. Aprendi no meu curso. Foco sensorial. Agora eu vou fazer o quê? Enfiar foco sensorial. E ela baixo qualquer pessoa que cruzar meu caminho. Não dá, gente. Por onde eu começo? Eu começaria por uma autoanálise. Qual dessas competências aqui que a gente tá conversando, eu acho que eu preciso desenvolver? O que que disso seria mais difícil para mim? Como é que eu posso fazer um caminho mais estruturado no desenvolvimento dessas competências? Será que eu consigo sair dessa lógica de consumir conteúdo, né? Porque conteúdo quando ele é bom é o quê? Conhecimento. Então, de sair consumindo conteúdo, comprando livro, vou fazer um cursinho aqui, um outro ali, assistir uma aula aqui, uma outra ali. Legal, mas isso te ajuda a construir essas competências. Então, acho que essa é uma é uma reflexão importante para você. E assim do do lugar onde eu tô, quais conhecimentos aqui são mais relevantes? Que problemas normalmente eu sou convidada ou eu poderia me colocar disponível para resolver? Gente, toda semana tem café com TCS. Se você ainda não está inscrito nesse canal, se inscreva aqui nesse canal, por favor, tá? dá um like nesse vídeo para mais pessoas poderem eh ter acesso a esse vídeo. Se você acha que essa live foi importante para alguém que você conhece, manda para essa pessoa.",,imported
cb99eb8366869f4f,o campo da sexologia no brasil,file:///Users/paulorezende/Documents/Personal_AI_powerhouse updated/personal-ai-space/knowledge/articles/o campo da sexologia no brasil.md,,,,2026-06-12T06:19:57.161729+00:00,"article, conteúdo-principal, introdução, knowledge, pontos-chave",o campo da sexologia no brasil,"## 📋 Sumário

- [Introdução](#introdução)
- [Conteúdo Principal](#conteúdo-principal)
- [Pontos-chave](#pontos-chave)

## Introdução

Este documento contém informações sobre **o campo da sexologia no brasil:**.

## Conteúdo Principal

O campo da sexologia no Brasil:
constituição e institucionalização*

| 1Jane A. Russo, 2Fabíola Rohden, 3Igor Torres, 4Livi Faro |

Resumo: Neste artigo apresentamos e discutimos os resultados parciais da investigação sobre a constituição do campo da sexologia contemporânea no Brasil, parte da pesquisa comparativa ""Sexualidade, ciência e profissão na América Latina"".

Uma segunda onda sexológica surgiu no Brasil em finais dos anos 1970 no Rio de Janeiro, com um viés essencialmente clínico, e em São Paulo, com um viés educacional.

A década seguinte marcou um período de institucionalização no qual são criadas as duas associações que hoje polarizam o campo em torno de uma sexologia mais eclética e multiprofissional e da chamada ""medicina sexual"", em geral dominada pelos urologistas.

Discutimos os significados dessa polarização em termos das disputas profissionais subjacentes e das concepções de gênero implicadas em tais disputas.

h Palavras-chave: sexualidade; gênero; sexologia; medicina sexual.

Doutora em Antropologia
Social, professora adjunta do
Instituto de Medicina Social da
UERJ; Coordenadora para o
Brasil do Centro Latinoamericano em Sexualidade e
Direitos Humanos/IMS/UERJ;
bolsista de produtividade em
pesquisa do CNPq. Endereço
eletrônico: jrusso@ims.uerj.br.
2

Doutora em Antropologia
Social, professora adjunta do
Instituto de Medicina Social da
UERJ; pesquisadora do Centro
Latino-americano em
Sexualidade e Direitos
Humanos/IMS/UERJ; bolsista de
produtividade em pesquisa do
CNPq. Endereço eletrônico:
fabiola@ims.uerj.br.
3

Mestre em Saúde Coletiva,
Instituto de Medicina Social da
UERJ; pesquisador do Centro
Latino-americano em
Sexualidade e Direitos
Humanos/IMS/UERJ. Endereço
eletrônico:
igortorres7@gmail.com.
4

Mestre em Saúde Coletiva,
Instituto de Medicina Social da
UERJ; pesquisadora do Centro
Latino-americano em
Sexualidade e Direitos
Humanos/IMS/UERJ. Endereço
eletrônico:
livifaro@gmail.com.

| Jane A. Russo, Fabíola Rohden, Igor Torres e Livi Faro |

Introdução

Este artigo tem como objetivo apresentar os resultados parciais de uma investigação em andamento sobre a constituição do campo da sexologia contemporânea no Brasil.

A questão de fundo que buscamos examinar é a chamada medicalização / naturalização da sexualidade, apontada por diferentes autores como um fenômeno que vem se produzindo desde meados do século XIX.

Temos como objetivo delinear a especificidade da medicalização /naturalização tal como se processa na atualidade, levando em conta que o que se chama ""medicalização"" envolve tanto controle social, quanto produção de identidades e de novas formas de subjetividade.

Como objetivo mais amplo, que deverá ser contemplado no final da pesquisa, está a discussão crítica dos dilemas que cercam a sexualidade contemporânea - ora vista como um instinto incontornável e espontâneo, núcleo da liberdade do sujeito, ora como uma espécie de expertise adquirida através de treinamento e tecnologia.

O termo ""sexologia"" foi escolhido por ser uma designação tradicional de modos de intervenção e conhecimento que visam ao atendimento clínico ou à prevenção de distúrbios relacionados à sexualidade.

Esta não é, entretanto, uma designação consensual dentro do campo.

Há uma tendência atual a utilizar os termos ""sexualidade humana"", ""saúde sexual"", ou ""medicina sexual"", cada uma dessas expressões indicando uma certa posição no conjunto de tensões e disputas que marcam o território em questão.

Na verdade, o estudo das formas de autodesignação faz parte de nossa investigação.

Optamos pelo termo ""sexologia"" por seu uso tradicional no decorrer do tempo.

Mantemos, entretanto, a advertência de que, embora seja utilizado por atores e instituições do campo, o uso indiscriminado que dele fazemos é mais uma escolha metodológica do que uma realidade percebida no material pesquisado.

A investigação consistiu, até o momento, do levantamento de sites na internet (de clínicas, sociedades, associações, institutos), busca no site do CNPq e universidades, contatos telefônicos (para complementar dados levantados pela internet), levantamento e exame de três periódicos (Revista Brasileira de Sexualidade Humana, Revista Terapia Sexual e Revista Scientia Sexualis), entrevistas semiestruturadas com 15 profissionais relevantes do campo e observação participante em cinco congressos.

A pesquisa foi conduzida dentro dos padrões éticos exigidos pela Comissão Nacional de Ética em Pesquisa / Conselho Nacional de Saúde / Ministério da Saúde (CONEP/CNS/MS), obedecendo ao disposto na Resolução CONEP nº 196/96.

Physis Revista de Saúde Coletiva, Rio de Janeiro, 19 [ 3 ]: 617-636, 2009

Da ""protossexologia"" à sexologia contemporânea

É possível falar que a sexologia, desde seu início no final do séxulo XIX, conheceu três ""ondas"" sucessivas.

A primeira delas, chamada por André Béjin de ""protossexologia"",2 surgiu na passagem do século XIX ao XX na Europa e sobretudo na Alemanha.

Através do discurso médico, tratava-se de construir uma racionalidade biológico/científica sobre as sexualidades periféricas ao casal e à família, contrapondo-se ao discurso legal ou religioso que tendia a criminalizá-las.

A grande questão que movia os médicos dedicados à nova especialidade era a chamada ""inversão"" - como era então conhecida a homossexualidade.

Neste momento, a medicalização da ""inversão"" era parte de uma luta política.

Havelock Ellis e Magnus Hirshfeld, entre outros, faziam parte do movimento de ""reforma sexual"", que se concentrava na Alemanha, contra o código civil prussiano que criminalizava a chamada ""sodomia"".3

Ao mesmo tempo, a construção da perversão como objeto da medicina constituiu o personagem do perverso sexual, tendo como efeito transformar o que antes era um ato desviante, em identidade (FOUCAULT, 1977).

O manual do psiquiatra forense Richard von Krafft Ebing - Psycopatia sexualis4 - publicado em 1887, transformou-se em texto de referência acerca das perversões da sexualidade, conhecendo enorme sucesso de público.

Segundo Harry Oosterhuis (1997), as cartas enviadas a Krafft Ebing no decorrer dos anos revelavam a felicidade e o alívio dos que se reconheciam nas categorias então descritas, e ofereciam ao psiquiatra-autor histórias de vida a serem incorporadas às novas versões do livro que iam sendo publicadas.

Observamos, portanto, que a identidade forjada pela medicina - por se constituir contra a concepção propriamente criminal ou jurídica de atos passíveis de punição legal - não era de todo antipática aos sujeitos classificados como perversos.

Com o surgimento do nazismo e posterior eclosão da II Guerra Mundial, todo o movimento de reforma sexual alemão sofreu intensa repressão.

Os grandes nomes da sexologia alemã foram obrigados a se exilar, bibliotecas e centros de informação foram destruídos.

Desta forma, de modo semelhante ao que ocorreu com a psicanálise nesse mesmo período, a sexologia mudou-se para os Estados Unidos, e uma ""segunda onda"" sexológica - desta feita americana - surgiu no pós-guerra, mais especificamente nos anos 60/70 do século XX (IRVINE, 2005).

Além da mudança geográfica, uma diferença importante vai distanciar os dois movimentos.

No caso da primeira sexologia, como vimos, a medicalização da sexualidade não se opunha necessariamente à sua politização - ao contrário, os grandes sexólogos da época eram os responsáveis pelo movimento de ""reforma sexual"" que colocava em xeque o status quo.

Nos anos 1960/70, marcados pela cada vez mais radical disjunção entre sexualidade e reprodução, as minorias sexuais vão buscar sua afirmação política contra o discurso médico.

A segunda sexologia, que então surge, deixa de lado as antigas ""perversões"", que se transformam cada vez mais em uma questão de disputa política, passando a se debruçar sobre a sexualidade ""normal"", voltando suas atenções e seu arsenal terapêutico para os casais heterossexuais.

Esta ""segunda sexologia"" tem nas pesquisas de Alfred Kinsey as bases sobre as quais se desenvolve.

Foi Kinsey quem voltou seu interesse para a sexualidade do homem e da mulher ""normais"".

Seus livros, publicados no final dos anos 40 (Sexual Behavior in the Human Male) e início da década de 50 (Sexual Behavior in the Human Female) conheceram um enorme sucesso.

5 Colocando o tema da sexualidade na ordem do dia, trouxeram para o interior da conjugalidade heterossexual comportamentos antes vistos como transgressores ou anormais.

Ainda nos anos 1950, o médico ginecologista William Masters e a psicóloga Virginia Johnson deram início às suas investigações sobre sexualidade na Washington University, em Saint Louis.

Ambos realizaram pesquisas em laboratório com sujeitos humanos, de modo a observar e medir objetivamente o que vieram a chamar de ""resposta sexual humana"".

Em 1966, publicaram o livro Human Sexual Response, e em 1970, Human Sexual Inadequacy.

Neste último, considerado o marco da moderna sexologia, são listadas todas as perturbações possíveis da sexualidade de homens e mulheres e seu tratamento, constituindo-se na pedra de toque de uma especialidade emergente: o terapeuta sexual.

Menos de cinco anos depois de sua publicação, já havia entre 3.500 e 5.000 centros de tratamento para problemas sexuais nos EUA (IRVINE, 2005).

Nesse período surgiram diversos periódicos e sociedades científicas devotadas à sexologia nos Estados Unidos.

O Archives of Sexual Behavior foi fundado em 1971, a International Academy of Sex Research e o Journal of sex and marital Therapy são de 1975.

Em 1978 foi fundada a hoje poderosa World Association of Sexology6 (WAS).

Em 1998, o lançamento do citrato de sildenafil, conhecido comercialmente como Viagra, marcou uma nova transformação no campo da sexologia.

Indicado para os casos de impotência masculina - rebatizada de ""disfunção erétil"" -, o Viagra surgiu como uma pílula mágica que colocou a farmacologia no centro das terapêuticas sexuais, e trouxe importantes reviravoltas na organização profissional do campo.

Surge a terceira ""onda"" da sexologia.

A proposta de Masters e Johnson, posteriormente complementada pela de Helen Kaplan,7 envolve uma terapia psicológica, baseada na psicologia comportamental, e diz respeito sobretudo ao casal, que passa por uma espécie de ""treinamento"" para ""aprender"" a ter relações sexuais prazerosas.

Toda a literatura sexológica dos anos 70 e 80 se concentra basicamente nos problemas relativos ao casal.

Há, em menor escala, trabalhos e pesquisas envolvendo homens, sendo a ""disfunção erétil"" o foco da maior parte desses trabalhos.8

Bem antes do Viagra, portanto, já se buscava algum tipo de tratamento médico para a impotência, fossem as injeções de papaverina ou as próteses penianas.

O surgimento da ""pílula mágica"", entretanto, redimensionou todo o campo dos distúrbios sexuais, tendo como consequências importantes: o surgimento do urologista como ator relevante - senão dominante no campo profissional e científico, e uma tendência a focalizar no corpo do indivíduo problemas que antes poderiam ser interpretados de forma mais ""relacional"".

Assistimos, portanto, a uma ""re-medicalização"" da sexualidade,9 e a um declínio de sua psicologização.

Essas consequências, como veremos, terão implicações relevantes para as relações de gênero tanto no que diz respeito à reorganização profissional do campo, quanto no que tange ao modo mesmo de conceber o ""transtorno"" sexual.

| Jane A. Russo, Fabíola Rohden, Igor Torres e Livi Faro |

que conquistava corações e mentes das camadas médias letradas nos grandes centros urbanos, e com o surgimento paralelo de uma cultura ""alternativa"", que implicou um revival das teorias de Wilhelm Reich.10

A década de 70 foi, no Brasil, um importante momento de transição política entre o período de maior obscurantismo e repressão da ditadura militar (a era Médici) e, a partir do governo Ernesto Geisel, que assumiu o poder em março de 1974, um período de distensão e tímida abertura política.11

Foi também um momento de intensa mobilidade social e simbólica para as camadas médias favorecidas pela política de concentração de renda do regime militar.

Segundo Gilberto Velho, a conjuntura reforçava o projeto individualizante de família nuclear com a ampla veiculação de uma propaganda que enfatizava o consumo e o sucesso material, fosse diretamente por parte do Estado, fosse por grandes empresas, do chamado ""milagre brasileiro"".

É quando insistentemente se enfatiza e se constrói o modelo de família que compra, investe, viaja etc.

Poder-se-ia dizer que é configurada com nitidez o que deveria ser uma família brasileira em uma sociedade capitalista moderna. (VELHO, 1981, p. 70).

Evidentemente, essa reconfiguração da família, se estava calcada em mudanças propriamente econômicas, implicou necessariamente transformações de mentalidade e valores.

Como parte de tais transformações, já na segunda metade dos 70, os grandes centros urbanos assistiram ao florescimento da chamada ""contracultura"", que se difundiu entre os jovens filhos do ""milagre econômico"" (VELHO, 1998; HOLLANDA, 2004).

Centrada em uma intensa revolução dos costumes, tinha como núcleo a chamada revolução sexual.

É também nesse momento que um incipiente movimento de institucionalização reúne, no Rio de Janeiro, médicos e psicólogos em torno do projeto da constituição de um saber e de uma prática sexológica derivada do movimento norte-americano, ou seja, da proposta terapêutica de Masters e Johnson.

Já em fins dos anos 1960, um grupo de discussão sobre problemas ligados à ginecologia, chamado ""Clube da Placenta"", reunia-se regularmente, sob a liderança de Jean Claude Nahoum - médico ginecologista.

Delo também participava o ginecologista Paulo Canella,12 além de outros médicos ligados ao Instituto de Ginecologia e Obstetrícia da Faculdade de Medicina da Universidade Federal do Rio de Janeiro (UFRJ).

No final da década de 70, Geraldo Lana e Araguari Chalar Silva, psicólogos vinculados a uma clínica de atendimento em Terapia Comportamental - a Corpsi -, estimulados pela leitura dos trabalhos de Masters e Johnson, começaram a se interessar pelas propostas da terapia sexual.

Em uma das reuniões do Clube da Placenta, os dois grupos se aproximaram, formando o Núcleo de Sexologia da Sociedade de Ginecologia e Obstetrícia do Rio de Janeiro (SGORJ).

No início dos anos 80, articulados a profissionais de outras partes do país, os integrantes do núcleo da SGORJ fundaram a Comissão Nacional Especializada em Sexologia dentro da Federação Brasileira das Associações de Ginecologia e Obstetrícia (FEBRASGO).

Dela participavam, do Rio de Janeiro, Jean-Claude Nahoum e Araguari Chalar Silva; de São Paulo, Nelson Vitielo; e de Brasília, Ricardo Cavalcanti (todos ginecologistas, com exceção de Araguari).

Testemunhando um grau razoável de permeabilidade da ginecologia a olhares não-médicos, também integravam a comissão psicólogos e outros profissionais, como os educadores.

O movimento inicial para a estruturação do campo da (segunda) sexologia no Brasil foi, portanto, fruto da articulação entre a ginecologia-obstetrícia e a psicologia, cabendo de fato à ginecologia, como especialidade médica, fornecer a legitimação necessária para a nova especialidade.

É necessário lembrar que, neste momento, a psicologia encontrava-se sob forte influência da psicanálise.

A psicologia comportamental, que possui maior afinidade com a leitura sexológica que então surgia com os trabalhos de Masters e Johnson, era bastante marginal entre os profissionais da área.

A permeabilidade da ginecologia-obstetrícia à psicologia certamente tem a ver com a história dessa especialidade médica.

Uma hipótese que podemos avançar é a provável afinidade entre o ""objeto"" da ginecologia-obstetrícia - a mulher - e uma leitura psicológica, ou pelo menos, não tão estritamente física dos males que a acome tem.

A relação entre os órgãos reprodutivos femininos e as afecções ""nervosas"" foi objeto de inúmeros estudos e intervenções no decorrer do século XIX e início do XX (ROHDEN, 2001).

Nos anos 1960 e 1970, o movimento do ""parto sem dor"" já prenunciava a intensa transformação no modo de lidar com a gestação que surgiria nas décadas seguintes e que pode ser resumida pela ideia de ""humanização"" do parto e da gravidez.

Tal transformação, embora possuísse uma vertente de forte crítica à medicina, também congregava uma espécie de vanguarda entre os médicos ginecologistas que buscava uma visão menos restrita aos aspectos puramente biomédicos na assistência à mulher.

Imaginamos, portanto, que a ginecologia-obstetrícia, tendo, desde seus primórdios, lidado com processos ""físico-morais"" (caso da gravidez, parto e puerpério) pudesse, dentre as especialidades médicas, mais facilmente se articular com profissões mais ""morais"" que ""físicas"", como a psicologia.

Entre 1983 e 1989, a Comissão Nacional Especializada em Sexologia da FEBRASGO organizou sete Encontros Nacionais de Sexologia, sendo o primeiro deles em São Paulo e o segundo no Rio de Janeiro.13

No Encontro de Gramado, em 1987, ocorreu a assembleia de fundação da Sociedade Brasileira de Estudos em Sexualidade Humana (SBRASH), sendo então eleita e empossada sua primeira diretoria.

O Encontro do Rio de Janeiro, em 1989, transformou-se assim no I Congresso da SBRASH.

A SBRASH é já fruto de uma tensão que então começava a se instalar.

A Comissão Nacional Especializada em Sexologia da FEBRASGO, que promoveu os primeiros encontros, começou a encontrar resistências dentro da Federação, pelo fato de abrigar em seus quadros profissionais não-médicos, como psicólogos e educadores.

A fundação de uma sociedade multiprofissional foi a saída encontrada para a questão entre a subordinação à medicina e a autonomização da especialidade, que continuará a atravessar o campo.

Pela localização dos diversos encontros, é possível perceber que a sexologia contemporânea, em seus primórdios, se concentrou no sudeste e sul do país, regiões mais prósperas e desenvolvidas, com maior probabilidade de constituir um público consumidor para os novos serviços que então surgiam.

Nesse percurso, não podemos deixar de mencionar a Sociedade Brasileira de Sexologia, fundada em meados dos anos 70, em Guarulhos (SP), num encontro entre médicos interessados no trabalho com sexualidade.

Presidida pelo psiquiatra carioca Isaac Charan, a SBS, sociedade exclusivamente médica, foi responsável pela elaboração da Resolução nº 1.019/ 1980 do Conselho Federal de Medicina, que estabelecia a sexologia como especialidade médica, e pela realização do XI Congresso Mundial de Sexologia no Rio de Janeiro, em 1993.

No contexto atual, trata-se de uma sociedade sem grande expressão no campo, que parece estar desativada.

A institucionalização do campo através da SBRASH ocorre em meio a uma institucionalização acadêmica, no início ainda incipiente, com a criação de um curso de especialização em sexologia no Hospital Moncorvo Filho14 no início dos anos 80 e, posteriormente, a partir da mesma equipe e congregando novos nomes, do curso de pós-graduação lato sensu em sexualidade humana da Universidade Gama Filho (UGF).

No movimento desses dois cursos de especialização, um sucedendo o outro, percebe-se que a relação entre a ginecologia-obstetrícia e a psicologia começa a se inverter.

Embora os fundadores dos dois cursos façam parte das duas especialidades (ginecologistas e psicólogos), a passagem para a UGF foi realizada através da vinculação com o curso de psicologia, e não de medicina.

Duas observações podem ser feitas acerca desse fato.

Em primeiro lugar, embora a ginecologia-obstetrícia oferecesse um ""nicho"" de maior legitimidade do que a psicologia comportamental no momento de constituição do campo, a medicina necessita demarcar fronteiras claras entre suas práticas e as de outros profissionais para manter sua própria legitimidade.

Um alvo especial são os psicólogos, que já vinham disputando espaço com psiquiatras no que diz respeito à prática psicanalítica.

Ou seja, a rivalidade entre as duas profissões já era antiga e dizia respeito justamente à pretensão dos psicólogos de se nomearem ""terapeutas"" e realizarem procedimentos considerados como prerrogativa dos médicos.

Em segundo lugar, o acolhimento da sexologia pelos psicólogos da vertente comportamental, numa universidade particular não especialmente conceituada, indica que esta ""segunda sexologia"" se estrutura nas margens das especialidades e instituições de maior prestígio no meio profissional e acadêmico.

A pós-graduação lato sensu da Universidade Gama Filho deu origem a um mestrado em sexologia - o único do país - que funcionou de 1994 a 2005, com reconhecimento da Coordenação de Aperfeiçoamento de Pessoal de Nível Superior (CAPES) e mais de 100 dissertações defendidas.

Tinha três áreas de concentração: sexologia clínica, sexologia educacional e sócio-sexologia, sendo a área de concentração em sexologia clínica reservada para médicos e psicólogos.

Atraindo profissionais de diversas partes do Brasil, foi responsável por formar parte importante dos sexólogos em atuação no país.

| Jane A. Russo, Fabíola Rohden, Igor Torres e Livi Faro |

não impede que os psicólogos se juntem aos médicos para monopolizar o título de terapeuta, diferenciando-o do de educador.

Em 2002, a Resolução nº 1.634/2002 do Conselho Federal de Medicina revoga a Resolução CFM nº 1.019/1980 e estabelece a sexologia não mais como especialidade médica, mas como área de atuação de ginecologia e obstetrícia e de urologia.15

Isso significa que, para um médico possuir certificado de área de atuação em sexologia, é necessário ser portador do título de especialista em urologia ou ginecologia e obstetrícia.

Em uma nova resolução de 2003 (Resolução CFM nº 1.634/2003), a sexologia aparece como área de atuação apenas da ginecologiaobstetrícia.

A FEBRASGO é a responsável por realizar o concurso de habilitação na área de atuação de Sexologia em Ginecologia e Obstetrícia16.

Não há concurso semelhante na Sociedade Brasileira de Urologia (SBU).

Nesse mesmo ano - 2003 -, a SBRASH, no lugar do antigo concurso de qualificação, passa a oferecer o Título de Especialista em Sexualidade Humana (TESH), concedido através de concurso ou da avaliação de diplomas de associados da SBRASH.

O candidato pode requerer o título nas áreas de terapia sexual, educação sexual ou sócio-sexologia, sendo o primeiro título reservado a portadores do diploma de psicologia ou de medicina.

O curioso neste afã de controlar a atribuição de um determinado título é que em nenhum dos dois casos o controle é de fato exercido.

Seja por falta de rigor do próprio órgão fiscalizador, seja por desinteresse dos potenciais detentores do título.

Através da listagem completa dos médicos do Brasil, disponibilizada no site do Conselho Federal de Medicina, constatamos que somente 17 profissionais possuem o título de especialista ou o certificado de atuação em sexologia.17

Além disso, médicos de outras especialidades (que não urologia ou ginecologia e obstetrícia), como psiquiatria, cardiologia, pediatria, endocrinologia e medicina do trabalho, também o possuem.

No caso do TESH, a página web da SBRASH listava em 2005 somente 42 profissionais detentores do título, sendo 37 pela avaliação de diploma e cinco via concurso.18

Do total, 37 são especialistas em terapia sexual e cinco em educação sexual (quatro por avaliação de diploma e um por concurso) - número bastante reduzido quando sabemos que nesse momento a associação contava com mais de 200 associados.

Percebemos, portanto, que a ocupação é ainda pouco institucionalizada em termos de controle e monopólio do título.

Ou seja, as instituições profissionais

Physis Revista de Saúde Coletiva, Rio de Janeiro, 19 [ 3 ]: 617-636, 2009

## Pontos-chave

- Documento acadêmico processado
- Conteúdo organizado em seções
- Formatação melhorada para leitura

---

> *Documento convertido de PDF para Markdown com estrutura organizada*",,imported
